bank_settlement_id,deposited_amount,settlement_date,description
BANK-TXN-10001,3433.45,2026-08-25,Razorpay Settlement for pay_13676a9cf758
BANK-TXN-10002,8760.5,2026-08-25,Razorpay Settlement for pay_016a4c1f7421
BANK-TXN-10003,7525.67,2026-08-04,Razorpay Settlement for pay_b3da4c068295
BANK-TXN-10004,10209.32,2026-08-09,Razorpay Settlement for pay_ae7248597534
BANK-TXN-10005,11935.98,2026-08-16,Razorpay Settlement for pay_1a13d2e77386
BANK-TXN-10006,6325.6,2026-08-27,Razorpay Settlement for pay_1deaac0b6cb3
BANK-TXN-10007,1541.19,2026-08-08,Razorpay Settlement for pay_eb7a350b7d9f
BANK-TXN-10008,4032.61,2026-08-29,Razorpay Settlement for pay_00dbbbfe5766
BANK-TXN-10009,14310.07,2026-08-17,Razorpay Settlement for pay_8f0630159e0a
BANK-TXN-10010,9313.79,2026-08-19,Razorpay Settlement for pay_db382d35caa3
BANK-TXN-10011,860.64,2026-08-09,Razorpay Settlement for pay_101b60a27f9b
BANK-TXN-10012,12293.93,2026-08-10,Razorpay Settlement for pay_a7246d3ae3db
BANK-TXN-10013,4068.24,2026-08-13,Razorpay Settlement for pay_3d68ec47d83f
BANK-TXN-10014,10771.26,2026-08-22,Razorpay Settlement for pay_761061f85f75
BANK-TXN-10015,9478.56,2026-08-14,Razorpay Settlement for pay_9c83e5ac9554
BANK-TXN-10016,12115.43,2026-08-12,Razorpay Settlement for pay_5503d447ef13
BANK-TXN-10017,13440.12,2026-08-10,Razorpay Settlement for pay_04759771d52f
BANK-TXN-10018,13027.44,2026-08-22,Razorpay Settlement for pay_7e2abe5252ab
BANK-TXN-10019,11001.32,2026-08-10,Razorpay Settlement for pay_453fb1936950
BANK-TXN-10020,8659.56,2026-08-20,Razorpay Settlement for pay_0f400a02d023
BANK-TXN-10021,1514.55,2026-08-07,Razorpay Settlement for pay_dbf13f907815
BANK-TXN-10022,2418.36,2026-08-05,Razorpay Settlement for pay_cf73aa392695
BANK-TXN-10023,8838.77,2026-08-04,Razorpay Settlement for pay_10adadc1bf83
BANK-TXN-10024,13865.02,2026-08-11,Razorpay Settlement for pay_f4713ae1b31a
BANK-TXN-10025,4066.03,2026-08-30,Razorpay Settlement for pay_e7ab46329756
BANK-TXN-10026,6776.81,2026-08-12,Razorpay Settlement for pay_db96d3903b06
BANK-TXN-10027,13432.75,2026-08-26,Razorpay Settlement for pay_02d4e6f9d738
BANK-TXN-10028,3081.0,2026-08-22,Razorpay Settlement for pay_b2ea61e5a755
BANK-TXN-10029,13574.98,2026-08-08,Razorpay Settlement for pay_e839c0c1252e
BANK-TXN-10030,1818.53,2026-08-13,Razorpay Settlement for pay_441ed6b246ba
BANK-TXN-10031,1036.14,2026-08-27,Razorpay Settlement for pay_24d05f1cca92
BANK-TXN-10032,1181.5,2026-08-26,Razorpay Settlement for pay_0ca6ad62c9e1
BANK-TXN-10033,2591.0,2026-08-24,Razorpay Settlement for pay_df666d0161e3
BANK-TXN-10034,10782.92,2026-09-01,Razorpay Settlement for pay_827cffd1d802
BANK-TXN-10035,9621.84,2026-08-11,Razorpay Settlement for pay_7064f8318608
BANK-TXN-10036,3455.01,2026-08-16,Razorpay Settlement for pay_60b5165454d3
BANK-TXN-10037,8730.73,2026-08-20,Razorpay Settlement for pay_67f2d412bba8
BANK-TXN-10038,3462.75,2026-08-25,Razorpay Settlement for pay_bc953047c7c4
BANK-TXN-10039,3648.02,2026-08-12,Razorpay Settlement for pay_319adbc78962
BANK-TXN-10040,13764.7,2026-08-19,Razorpay Settlement for pay_158a75ef32a5
BANK-TXN-10041,6100.0,2026-08-27,Razorpay Settlement for pay_ef5c5a7c8828
BANK-TXN-10042,6339.58,2026-08-23,Razorpay Settlement for pay_8592169f5703
BANK-TXN-10043,9673.72,2026-08-25,Razorpay Settlement for pay_d3b18e2853e3
BANK-TXN-10044,11807.79,2026-08-15,Razorpay Settlement for pay_6f949f9b1fe2
BANK-TXN-10045,6702.69,2026-08-08,Razorpay Settlement for pay_6aa25fc4fa7a
BANK-TXN-10046,12879.54,2026-08-10,Razorpay Settlement for pay_1461e186e19f
BANK-TXN-10047,929.74,2026-08-27,Razorpay Settlement for pay_1a15e8596fff
BANK-TXN-10048,1046.44,2026-08-29,Razorpay Settlement for pay_66d8eab6601b
BANK-TXN-10049,11568.16,2026-08-14,Razorpay Settlement for pay_016c05e6896e
BANK-TXN-10050,14633.61,2026-08-16,Razorpay Settlement for pay_7f4e8d23384d
BANK-TXN-10051,14246.16,2026-08-08,Razorpay Settlement for pay_14b3f4a28190
BANK-TXN-10052,8668.91,2026-08-12,Razorpay Settlement for pay_75eb86565b65
BANK-TXN-10053,12543.87,2026-09-02,Razorpay Settlement for pay_69ddec813207
BANK-TXN-10054,3607.4,2026-08-05,Razorpay Settlement for pay_c4751c12e1d9
BANK-TXN-10055,772.42,2026-08-09,Razorpay Settlement for pay_f6e8c70eaf27
BANK-TXN-10056,7778.44,2026-08-24,Razorpay Settlement for pay_15ba84484581
BANK-TXN-10057,3657.9,2026-08-24,Razorpay Settlement for pay_67702cc7ae07
BANK-TXN-10058,6827.58,2026-08-24,Razorpay Settlement for pay_4133eb83ef60
BANK-TXN-10059,14643.39,2026-08-16,Razorpay Settlement for pay_cc7bf1436f69
BANK-TXN-10060,2117.15,2026-08-08,Razorpay Settlement for pay_05e59b097bb3
BANK-TXN-10061,4263.19,2026-08-30,Razorpay Settlement for pay_ed678466f5b1
BANK-TXN-10062,8928.98,2026-08-20,Razorpay Settlement for pay_e0aae5382da2
BANK-TXN-10063,13710.19,2026-08-29,Razorpay Settlement for pay_5f9564a887aa
BANK-TXN-10064,10604.25,2026-08-12,Razorpay Settlement for pay_06cfab62eeb5
BANK-TXN-10065,7281.66,2026-08-22,Razorpay Settlement for pay_f82aa6a47e30
BANK-TXN-10066,4208.97,2026-08-22,Razorpay Settlement for pay_423c9139d9c3
BANK-TXN-10067,14406.99,2026-08-26,Razorpay Settlement for pay_2e6565883f36
BANK-TXN-10068,6399.17,2026-08-16,Razorpay Settlement for pay_867eb8baac84
BANK-TXN-10069,2357.88,2026-08-05,Razorpay Settlement for pay_a8d36073c8f4
BANK-TXN-10070,2308.08,2026-08-14,Razorpay Settlement for pay_85f29260dd18
BANK-TXN-10071,13729.51,2026-08-11,Razorpay Settlement for pay_408258749ae0
BANK-TXN-10072,9869.2,2026-08-08,Razorpay Settlement for pay_fe4089c48eae
BANK-TXN-10073,11066.42,2026-08-19,Razorpay Settlement for pay_480e826f7da6
BANK-TXN-10074,6175.92,2026-08-07,Razorpay Settlement for pay_ba9f504b3889
BANK-TXN-10075,13696.56,2026-08-31,Razorpay Settlement for pay_46954a37c40c
BANK-TXN-10076,5744.39,2026-08-08,Razorpay Settlement for pay_3cb7f317bea9
BANK-TXN-10077,12039.77,2026-08-17,Razorpay Settlement for pay_1af47c7f11d0
BANK-TXN-10078,539.23,2026-08-11,Razorpay Settlement for pay_3751026b5757
BANK-TXN-10079,1202.88,2026-08-12,Razorpay Settlement for pay_618480f31883
BANK-TXN-10080,10051.73,2026-08-22,Razorpay Settlement for pay_4b0332b6995d
BANK-TXN-10081,8616.88,2026-08-05,Razorpay Settlement for pay_150e58123589
BANK-TXN-10082,5209.85,2026-08-06,Razorpay Settlement for pay_a5d2b7eee0e5
BANK-TXN-10083,5782.87,2026-08-21,Razorpay Settlement for pay_73bc9d43b157
BANK-TXN-10084,220.53,2026-08-04,Razorpay Settlement for pay_1b0b8c191ed5
BANK-TXN-10085,13550.86,2026-08-15,Razorpay Settlement for pay_68a2569c310a
BANK-TXN-10086,13250.28,2026-08-29,Razorpay Settlement for pay_e524c0830b5d
BANK-TXN-10087,10308.31,2026-08-15,Razorpay Settlement for pay_642dbe01e6c8
BANK-TXN-10088,10019.82,2026-08-16,Razorpay Settlement for pay_24cc7e3bc675
BANK-TXN-10089,8143.28,2026-08-20,Razorpay Settlement for pay_9faea3bf98ec
BANK-TXN-10090,11592.65,2026-08-11,Razorpay Settlement for pay_42960ecdd891
BANK-TXN-10091,9751.97,2026-08-31,Razorpay Settlement for pay_fdc4bc2ff62f
BANK-TXN-10092,5057.57,2026-08-23,Razorpay Settlement for pay_79db8d593a02
BANK-TXN-10093,3058.08,2026-08-11,Razorpay Settlement for pay_77ea7b0cbdfc
BANK-TXN-10094,12520.6,2026-08-09,Razorpay Settlement for pay_a0620843fb55
BANK-TXN-10095,3016.09,2026-08-16,Razorpay Settlement for pay_b36045f0bf7a
BANK-TXN-10096,6362.32,2026-08-29,Razorpay Settlement for pay_df25524dd6f3
BANK-TXN-10097,6933.83,2026-09-02,Razorpay Settlement for pay_3f4d1ac62230
BANK-TXN-10098,11819.75,2026-08-05,Razorpay Settlement for pay_ffa1483189f0
BANK-TXN-10099,13209.11,2026-09-01,Razorpay Settlement for pay_a123079dc98f
BANK-TXN-10100,9444.64,2026-08-10,Razorpay Settlement for pay_93b888cbea95
BANK-TXN-10101,1319.81,2026-08-09,Razorpay Settlement for pay_e82a72b01606
BANK-TXN-10102,13088.21,2026-08-10,Razorpay Settlement for pay_29163f63a21b
BANK-TXN-10103,10261.05,2026-08-06,Razorpay Settlement for pay_d6b8190f5fad
BANK-TXN-10104,8066.03,2026-08-15,Razorpay Settlement for pay_cdb7be515e74
BANK-TXN-10105,13319.78,2026-08-08,Razorpay Settlement for pay_93b44352b373
BANK-TXN-10106,7114.11,2026-08-30,Razorpay Settlement for pay_5b66b66af758
BANK-TXN-10107,13128.36,2026-08-26,Razorpay Settlement for pay_4ef47487cbb4
BANK-TXN-10108,11797.29,2026-08-26,Razorpay Settlement for pay_e740783966bf
BANK-TXN-10109,7239.75,2026-08-09,Razorpay Settlement for pay_e61972b978e9
BANK-TXN-10110,6060.21,2026-08-24,Razorpay Settlement for pay_3dba16473baa
BANK-TXN-10111,7942.93,2026-08-16,Razorpay Settlement for pay_bbe167d97e07
BANK-TXN-10112,1329.48,2026-08-20,Razorpay Settlement for pay_c7043921e5ba
BANK-TXN-10113,925.33,2026-08-29,Razorpay Settlement for pay_7856d4a8dbe6
BANK-TXN-10114,5091.11,2026-08-09,Razorpay Settlement for pay_610520702455
BANK-TXN-10115,14698.67,2026-08-25,Razorpay Settlement for pay_638df86d239a
BANK-TXN-10116,14080.47,2026-08-22,Razorpay Settlement for pay_85a56349979c
BANK-TXN-10117,12178.87,2026-08-02,Razorpay Settlement for pay_aa7943fec943
BANK-TXN-10118,1855.1,2026-08-06,Razorpay Settlement for pay_d4deec08daa4
BANK-TXN-10119,5546.46,2026-08-24,Razorpay Settlement for pay_39a45a5ec2c1
BANK-TXN-10120,1763.86,2026-08-28,Razorpay Settlement for pay_d379e6a83844
BANK-TXN-10121,13999.58,2026-08-21,Razorpay Settlement for pay_a5fcd2dcac78
BANK-TXN-10122,10212.67,2026-08-08,Razorpay Settlement for pay_43cf412a126b
BANK-TXN-10123,9965.58,2026-08-24,Razorpay Settlement for pay_777473bf12c7
BANK-TXN-10124,7922.94,2026-08-20,Razorpay Settlement for pay_2ff19ba57667
BANK-TXN-10125,379.5,2026-08-19,Razorpay Settlement for pay_5e4780757f02
BANK-TXN-10126,14131.27,2026-08-17,Razorpay Settlement for pay_e1e1339c8b45
BANK-TXN-10127,10838.97,2026-08-06,Razorpay Settlement for pay_06b2a9cd9176
BANK-TXN-10128,7208.64,2026-08-28,Razorpay Settlement for pay_56690a26331f
BANK-TXN-10129,4870.71,2026-08-26,Razorpay Settlement for pay_15160bd377c4
BANK-TXN-10130,12983.18,2026-08-31,Razorpay Settlement for pay_0817ec4e61e5
BANK-TXN-10131,9887.41,2026-08-16,Razorpay Settlement for pay_8cd12aedf872
BANK-TXN-10132,7267.43,2026-08-17,Razorpay Settlement for pay_eb45887001bb
BANK-TXN-10133,12964.17,2026-08-10,Razorpay Settlement for pay_c185c6b5542e
BANK-TXN-10134,1437.73,2026-08-02,Razorpay Settlement for pay_e618b6e8f3a3
BANK-TXN-10135,7101.26,2026-08-19,Razorpay Settlement for pay_4f6c690facf8
BANK-TXN-10136,4463.6,2026-08-27,Razorpay Settlement for pay_eba6e9c2cf10
BANK-TXN-10137,8630.88,2026-08-09,Razorpay Settlement for pay_5689d80a0b49
BANK-TXN-10138,14651.15,2026-08-18,Razorpay Settlement for pay_98e88a16e1c8
BANK-TXN-10139,4643.26,2026-08-25,Razorpay Settlement for pay_f5c33a82ea38
BANK-TXN-10140,1930.02,2026-08-25,Razorpay Settlement for pay_9cdb76cbde9c
BANK-TXN-10141,4206.35,2026-08-09,Razorpay Settlement for pay_27832cf8bf2f
BANK-TXN-10142,3441.91,2026-08-28,Razorpay Settlement for pay_4999d3c5eb52
BANK-TXN-10143,2031.96,2026-08-03,Razorpay Settlement for pay_39436508bce0
BANK-TXN-10144,4320.06,2026-08-29,Razorpay Settlement for pay_df7547cb24c7
BANK-TXN-10145,3857.95,2026-08-12,Razorpay Settlement for pay_8eee8216ea5e
BANK-TXN-10146,7328.29,2026-08-28,Razorpay Settlement for pay_b54c2e1f7e76
BANK-TXN-10147,1431.47,2026-08-07,Razorpay Settlement for pay_5eaa6b4ec8e1
BANK-TXN-10148,8842.23,2026-08-19,Razorpay Settlement for pay_003623a90486
BANK-TXN-10149,13372.94,2026-08-19,Razorpay Settlement for pay_95b7b41c2ec9
BANK-TXN-10150,8314.17,2026-08-20,Razorpay Settlement for pay_74e8ec1fd268
BANK-TXN-10151,13939.84,2026-09-02,Razorpay Settlement for pay_3e7ae3b4672d
BANK-TXN-10152,1373.54,2026-08-08,Razorpay Settlement for pay_fbd5839fa24b
BANK-TXN-10153,234.81,2026-08-19,Razorpay Settlement for pay_742a21a23ee5
BANK-TXN-10154,669.41,2026-08-21,Razorpay Settlement for pay_1d534e3e7438
BANK-TXN-10155,6781.27,2026-08-12,Razorpay Settlement for pay_64b7e0ec0287
BANK-TXN-10156,9785.8,2026-08-28,Razorpay Settlement for pay_ca8feb53713e
BANK-TXN-10157,9589.29,2026-08-05,Razorpay Settlement for pay_d63cc7221449
BANK-TXN-10158,2602.55,2026-08-06,Razorpay Settlement for pay_0c2e391e7a5c
BANK-TXN-10159,4382.01,2026-08-26,Razorpay Settlement for pay_d1d8e43584d4
BANK-TXN-10160,6033.99,2026-08-24,Razorpay Settlement for pay_e9b3cc3628f8
BANK-TXN-10161,1362.73,2026-08-19,Razorpay Settlement for pay_6044f2700172
BANK-TXN-10162,3827.33,2026-08-25,Razorpay Settlement for pay_73cc0e05e401
BANK-TXN-10163,12676.94,2026-09-02,Razorpay Settlement for pay_5fb715afcb1f
BANK-TXN-10164,779.52,2026-08-23,Razorpay Settlement for pay_e109e8253d9f
BANK-TXN-10165,13482.72,2026-08-19,Razorpay Settlement for pay_f554852a04e3
BANK-TXN-10166,7327.99,2026-08-16,Razorpay Settlement for pay_59ba4badf2b6
BANK-TXN-10167,4852.63,2026-08-13,Razorpay Settlement for pay_6bcd9ce7953b
BANK-TXN-10168,10257.04,2026-08-07,Razorpay Settlement for pay_479e43b0fc5f
BANK-TXN-10169,11226.29,2026-09-01,Razorpay Settlement for pay_562861a3484a
BANK-TXN-10170,4811.65,2026-08-04,Razorpay Settlement for pay_ad2c25057b0c
BANK-TXN-10171,12805.31,2026-08-18,Razorpay Settlement for pay_e66fa02a3c39
BANK-TXN-10172,5443.24,2026-08-03,Razorpay Settlement for pay_5c2831f38d25
BANK-TXN-10173,4069.38,2026-08-16,Razorpay Settlement for pay_c4025c41dc29
BANK-TXN-10174,1914.48,2026-08-17,Razorpay Settlement for pay_d8a3f3247b67
BANK-TXN-10175,394.33,2026-08-07,Razorpay Settlement for pay_1c341f4cfcbc
BANK-TXN-10176,13932.17,2026-08-09,Razorpay Settlement for pay_1bf1f9f8844e
BANK-TXN-10177,7576.68,2026-09-01,Razorpay Settlement for pay_d8dbeeafc1f2
BANK-TXN-10178,3731.08,2026-08-28,Razorpay Settlement for pay_46cef6a9ea30
BANK-TXN-10179,11020.23,2026-08-09,Razorpay Settlement for pay_82bc55c974b7
BANK-TXN-10180,12097.25,2026-09-01,Razorpay Settlement for pay_67af52507f93
BANK-TXN-10181,14684.07,2026-08-12,Razorpay Settlement for pay_73b34fd28f7d
BANK-TXN-10182,7220.88,2026-08-06,Razorpay Settlement for pay_1fb183e3fd83
BANK-TXN-10183,6800.32,2026-08-26,Razorpay Settlement for pay_715f4649e99d
BANK-TXN-10184,8489.36,2026-08-09,Razorpay Settlement for pay_286cfa27fcd1
BANK-TXN-10185,4810.83,2026-08-27,Razorpay Settlement for pay_dbbec8a14196
BANK-TXN-10186,14531.96,2026-08-31,Razorpay Settlement for pay_ffd87d3a4d03
BANK-TXN-10187,7481.23,2026-09-01,Razorpay Settlement for pay_4a95f49eac8d
BANK-TXN-10188,12828.01,2026-08-25,Razorpay Settlement for pay_86407bae0335
BANK-TXN-10189,9235.76,2026-08-17,Razorpay Settlement for pay_6bc5bdda9c62
BANK-TXN-10190,9976.88,2026-08-04,Razorpay Settlement for pay_29f8b77ebb73
BANK-TXN-10191,11210.37,2026-08-23,Razorpay Settlement for pay_3fde4f1aee30
BANK-TXN-10192,10122.53,2026-08-04,Razorpay Settlement for pay_37f82341b3f0
BANK-TXN-10193,14385.81,2026-08-25,Razorpay Settlement for pay_8c92a8bc20bc
BANK-TXN-10194,13299.27,2026-08-08,Razorpay Settlement for pay_5ba8e69567c9
BANK-TXN-10195,5381.18,2026-08-27,Razorpay Settlement for pay_6f8992e7aeae
BANK-TXN-10196,8404.23,2026-08-09,Razorpay Settlement for pay_ec94e3d2d552
BANK-TXN-10197,12826.66,2026-08-07,Razorpay Settlement for pay_1a7142b255bc
BANK-TXN-10198,3563.66,2026-09-01,Razorpay Settlement for pay_cf15dbe579bc
BANK-TXN-10199,13233.77,2026-08-11,Razorpay Settlement for pay_d06d52f1af24
BANK-TXN-10200,1267.3,2026-08-23,Razorpay Settlement for pay_ceecd9433e23
BANK-TXN-10201,10208.31,2026-08-12,Razorpay Settlement for pay_66aca5b7fda5
BANK-TXN-10202,12572.77,2026-08-11,Razorpay Settlement for pay_b1d6830009d9
BANK-TXN-10203,8533.08,2026-08-14,Razorpay Settlement for pay_72babe35abc8
BANK-TXN-10204,4177.06,2026-08-28,Razorpay Settlement for pay_b2350c6e4869
BANK-TXN-10205,13309.87,2026-08-25,Razorpay Settlement for pay_58620bad9ef7
BANK-TXN-10206,11827.22,2026-08-27,Razorpay Settlement for pay_cc5873a7af96
BANK-TXN-10207,10026.29,2026-08-08,Razorpay Settlement for pay_e8e4e07763bb
BANK-TXN-10208,767.78,2026-08-06,Razorpay Settlement for pay_5dca4f12b653
BANK-TXN-10209,2101.99,2026-08-20,Razorpay Settlement for pay_d2a82589f97a
BANK-TXN-10210,3108.32,2026-08-25,Razorpay Settlement for pay_bf5170f20f05
BANK-TXN-10211,5089.96,2026-08-12,Razorpay Settlement for pay_58f56c5f5392
BANK-TXN-10212,11134.21,2026-09-01,Razorpay Settlement for pay_8860a0b91317
BANK-TXN-10213,4031.71,2026-08-27,Razorpay Settlement for pay_72a277d79e3b
BANK-TXN-10214,9947.63,2026-08-14,Razorpay Settlement for pay_6a0c737c2e77
BANK-TXN-10215,9983.83,2026-08-22,Razorpay Settlement for pay_c51a7af9fe61
BANK-TXN-10216,13470.87,2026-08-21,Razorpay Settlement for pay_d74221a7a8fc
BANK-TXN-10217,6929.74,2026-08-05,Razorpay Settlement for pay_1a3fbea5e1b3
BANK-TXN-10218,853.71,2026-08-15,Razorpay Settlement for pay_e71823df51e6
BANK-TXN-10219,3601.54,2026-08-17,Razorpay Settlement for pay_d2a0afd0262e
BANK-TXN-10220,13965.82,2026-08-16,Razorpay Settlement for pay_04fabd490bff
BANK-TXN-10221,13038.04,2026-08-26,Razorpay Settlement for pay_da081b64fb3e
BANK-TXN-10222,13816.03,2026-08-18,Razorpay Settlement for pay_5f4058cb1710
BANK-TXN-10223,6626.83,2026-08-24,Razorpay Settlement for pay_05119aec509b
BANK-TXN-10224,5523.83,2026-08-13,Razorpay Settlement for pay_b59c4aa0047f
BANK-TXN-10225,14238.87,2026-08-14,Razorpay Settlement for pay_90ea427b8ecd
BANK-TXN-10226,9471.21,2026-08-23,Razorpay Settlement for pay_54b638800e82
BANK-TXN-10227,14537.86,2026-08-27,Razorpay Settlement for pay_07652c0b70e7
BANK-TXN-10228,8700.9,2026-08-28,Razorpay Settlement for pay_91113b8a8610
BANK-TXN-10229,13257.3,2026-08-26,Razorpay Settlement for pay_11473cc5f318
BANK-TXN-10230,8031.29,2026-08-29,Razorpay Settlement for pay_c4d2b5e10a48
BANK-TXN-10231,411.53,2026-08-23,Razorpay Settlement for pay_425351576a81
BANK-TXN-10232,4043.8,2026-08-12,Razorpay Settlement for pay_6dd02b4e195a
BANK-TXN-10233,11011.13,2026-08-16,Razorpay Settlement for pay_9e4a8bfae725
BANK-TXN-10234,8806.53,2026-08-26,Razorpay Settlement for pay_0409109730bb
BANK-TXN-10235,10743.94,2026-08-09,Razorpay Settlement for pay_c7e984372240
BANK-TXN-10236,14679.5,2026-08-22,Razorpay Settlement for pay_7eca8705fce1
BANK-TXN-10237,10479.51,2026-08-23,Razorpay Settlement for pay_f456ca559618
BANK-TXN-10238,9018.74,2026-08-30,Razorpay Settlement for pay_167d4f9d1881
BANK-TXN-10239,8686.13,2026-08-10,Razorpay Settlement for pay_dc768acb6b1a
BANK-TXN-10240,6776.69,2026-08-22,Razorpay Settlement for pay_eb04b91bd6f1
BANK-TXN-10241,12564.9,2026-08-28,Razorpay Settlement for pay_08a9786174ce
BANK-TXN-10242,5111.87,2026-08-16,Razorpay Settlement for pay_10e5db381913
BANK-TXN-10243,4729.21,2026-08-16,Razorpay Settlement for pay_32b17742ab0c
BANK-TXN-10244,10157.65,2026-08-10,Razorpay Settlement for pay_28f0f66f0ad1
BANK-TXN-10245,6459.93,2026-08-04,Razorpay Settlement for pay_138e38713b24
BANK-TXN-10246,8702.09,2026-08-07,Razorpay Settlement for pay_8830386070a8
BANK-TXN-10247,12866.8,2026-08-05,Razorpay Settlement for pay_695cb146bd29
BANK-TXN-10248,14241.65,2026-09-01,Razorpay Settlement for pay_99c117c314aa
BANK-TXN-10249,3281.56,2026-08-06,Razorpay Settlement for pay_a92d4e84157a
BANK-TXN-10250,12457.3,2026-08-29,Razorpay Settlement for pay_07a8d0ca6cb2
BANK-TXN-10251,3423.0,2026-08-26,Razorpay Settlement for pay_0b307a7f3120
BANK-TXN-10252,9985.87,2026-08-19,Razorpay Settlement for pay_4df5128165eb
BANK-TXN-10253,10254.1,2026-09-01,Razorpay Settlement for pay_60b9ef1b2b98
BANK-TXN-10254,4677.51,2026-08-11,Razorpay Settlement for pay_6bd7ea80c12a
BANK-TXN-10255,2273.72,2026-08-02,Razorpay Settlement for pay_cbd2480e6445
BANK-TXN-10256,14291.13,2026-08-07,Razorpay Settlement for pay_c4ee17a0d338
BANK-TXN-10257,6285.25,2026-08-18,Razorpay Settlement for pay_d47df216a7c5
BANK-TXN-10258,4900.85,2026-08-13,Razorpay Settlement for pay_bbcd8bbcaebe
BANK-TXN-10259,9157.13,2026-08-06,Razorpay Settlement for pay_6974fedf31ae
BANK-TXN-10260,7240.03,2026-08-17,Razorpay Settlement for pay_7542191b054d
BANK-TXN-10261,7627.08,2026-08-10,Razorpay Settlement for pay_08d18d9374d9
BANK-TXN-10262,10036.77,2026-08-05,Razorpay Settlement for pay_c9b79b2f9dc7
BANK-TXN-10263,3394.4,2026-08-23,Razorpay Settlement for pay_4209108d16b8
BANK-TXN-10264,11325.63,2026-08-08,Razorpay Settlement for pay_4725e9a5027b
BANK-TXN-10265,7394.89,2026-08-12,Razorpay Settlement for pay_7dfd6e8d63e9
BANK-TXN-10266,10402.04,2026-08-06,Razorpay Settlement for pay_2a8f6c4ce09f
BANK-TXN-10267,6522.93,2026-08-15,Razorpay Settlement for pay_e97171481d66
BANK-TXN-10268,6422.34,2026-08-29,Razorpay Settlement for pay_d368211478eb
BANK-TXN-10269,1866.48,2026-08-22,Razorpay Settlement for pay_262696d1e715
BANK-TXN-10270,12263.7,2026-08-08,Razorpay Settlement for pay_eefbb77c20ed
BANK-TXN-10271,4680.12,2026-08-04,Razorpay Settlement for pay_32c0f994aac9
BANK-TXN-10272,7600.05,2026-08-12,Razorpay Settlement for pay_a720b5cc0952
BANK-TXN-10273,11454.42,2026-08-18,Razorpay Settlement for pay_95cc5c5e746e
BANK-TXN-10274,2338.09,2026-09-01,Razorpay Settlement for pay_1efc212d78a5
BANK-TXN-10275,8933.19,2026-08-10,Razorpay Settlement for pay_00fdab745298
BANK-TXN-10276,6925.18,2026-09-02,Razorpay Settlement for pay_e227e0b79945
BANK-TXN-10277,9410.37,2026-09-01,Razorpay Settlement for pay_bc1b4e30bd88
BANK-TXN-10278,6574.32,2026-08-22,Razorpay Settlement for pay_00d2b97122a1
BANK-TXN-10279,4179.87,2026-08-22,Razorpay Settlement for pay_ecd08836ba5d
BANK-TXN-10280,6893.11,2026-08-18,Razorpay Settlement for pay_c84008267018
BANK-TXN-10281,9546.24,2026-08-13,Razorpay Settlement for pay_fad41dab5b4e
BANK-TXN-10282,6907.17,2026-08-21,Razorpay Settlement for pay_387f0ca988bd
BANK-TXN-10283,2926.22,2026-08-31,Razorpay Settlement for pay_b5d4cc848abe
BANK-TXN-10284,1697.19,2026-08-06,Razorpay Settlement for pay_0b2368a32fab
BANK-TXN-10285,2698.79,2026-08-04,Razorpay Settlement for pay_d3bd7b7f3f97
BANK-TXN-10286,7777.94,2026-08-16,Razorpay Settlement for pay_4c8b3fad7725
BANK-TXN-10287,9346.38,2026-08-21,Razorpay Settlement for pay_226e3c0818b7
BANK-TXN-10288,9881.61,2026-08-12,Razorpay Settlement for pay_b9ae39f38be3
BANK-TXN-10289,8937.57,2026-08-26,Razorpay Settlement for pay_189b77d376c7
BANK-TXN-10290,2212.88,2026-08-05,Razorpay Settlement for pay_7e26894375ba
BANK-TXN-10291,9799.61,2026-09-01,Razorpay Settlement for pay_7baa5894d323
BANK-TXN-10292,8302.61,2026-08-24,Razorpay Settlement for pay_1bbc0ac8079b
BANK-TXN-10293,12219.22,2026-08-07,Razorpay Settlement for pay_fe651ea0a509
BANK-TXN-10294,5443.96,2026-08-23,Razorpay Settlement for pay_347b4a13b6eb
BANK-TXN-10295,13940.98,2026-08-07,Razorpay Settlement for pay_d9a3ffeb6e79
BANK-TXN-10296,1315.2,2026-08-09,Razorpay Settlement for pay_9d5573a12608
BANK-TXN-10297,10909.29,2026-08-27,Razorpay Settlement for pay_8c83c908b35f
BANK-TXN-10298,9257.24,2026-08-08,Razorpay Settlement for pay_63952edf5509
BANK-TXN-10299,5479.8,2026-08-16,Razorpay Settlement for pay_04bd7490ffa6
BANK-TXN-10300,11052.77,2026-08-21,Razorpay Settlement for pay_dca2d6a5636e
BANK-TXN-10301,14201.01,2026-08-19,Razorpay Settlement for pay_3dcc8f112e17
BANK-TXN-10302,13933.18,2026-08-08,Razorpay Settlement for pay_7b1268cbaa6b
BANK-TXN-10303,5734.68,2026-08-26,Razorpay Settlement for pay_8f3895ac2c49
BANK-TXN-10304,8966.04,2026-08-28,Razorpay Settlement for pay_d23a4218b3d7
BANK-TXN-10305,5580.06,2026-08-22,Razorpay Settlement for pay_b88f594e4958
BANK-TXN-10306,2004.33,2026-08-30,Razorpay Settlement for pay_53e0b58166f3
BANK-TXN-10307,13326.56,2026-08-07,Razorpay Settlement for pay_ccf9c3396607
BANK-TXN-10308,3416.44,2026-08-15,Razorpay Settlement for pay_70d64bf8a6d0
BANK-TXN-10309,968.44,2026-08-31,Razorpay Settlement for pay_8a7623cb0a5b
BANK-TXN-10310,3452.71,2026-08-14,Razorpay Settlement for pay_ad3adb029889
BANK-TXN-10311,5059.05,2026-08-29,Razorpay Settlement for pay_5042347fd1d0
BANK-TXN-10312,12230.86,2026-08-03,Razorpay Settlement for pay_08136fa00ac6
BANK-TXN-10313,9121.01,2026-08-24,Razorpay Settlement for pay_33af708259e7
BANK-TXN-10314,2364.63,2026-08-10,Razorpay Settlement for pay_a0149adf155e
BANK-TXN-10315,4563.9,2026-08-26,Razorpay Settlement for pay_b6058abad5db
BANK-TXN-10316,9229.25,2026-08-16,Razorpay Settlement for pay_9a7b71a5d127
BANK-TXN-10317,7970.93,2026-08-29,Razorpay Settlement for pay_1de1f747f092
BANK-TXN-10318,218.69,2026-08-06,Razorpay Settlement for pay_72fa97e38ebc
BANK-TXN-10319,9832.05,2026-08-20,Razorpay Settlement for pay_df311d8f8ba7
BANK-TXN-10320,8087.36,2026-08-13,Razorpay Settlement for pay_e9dac24fce5b
BANK-TXN-10321,9415.77,2026-08-29,Razorpay Settlement for pay_1b4a646f554e
BANK-TXN-10322,11632.7,2026-08-25,Razorpay Settlement for pay_934c0b79fe1c
BANK-TXN-10323,1699.55,2026-08-26,Razorpay Settlement for pay_e52d819e6e60
BANK-TXN-10324,5106.29,2026-08-03,Razorpay Settlement for pay_3b48d4490777
BANK-TXN-10325,14421.8,2026-08-27,Razorpay Settlement for pay_59d1d5b9b348
BANK-TXN-10326,10581.52,2026-08-07,Razorpay Settlement for pay_0c5bf09ded53
BANK-TXN-10327,5971.85,2026-08-31,Razorpay Settlement for pay_de18dc18af59
BANK-TXN-10328,4345.75,2026-08-04,Razorpay Settlement for pay_ff895c796db8
BANK-TXN-10329,2001.39,2026-08-22,Razorpay Settlement for pay_9e8102085b84
BANK-TXN-10330,6573.94,2026-08-30,Razorpay Settlement for pay_444b15eb4bca
BANK-TXN-10331,7412.08,2026-08-08,Razorpay Settlement for pay_dee8e7985fe9
BANK-TXN-10332,1340.76,2026-08-05,Razorpay Settlement for pay_4d350e41e82a
BANK-TXN-10333,1357.32,2026-08-11,Razorpay Settlement for pay_9941a08caad4
BANK-TXN-10334,6376.39,2026-08-17,Razorpay Settlement for pay_a2517b65cd5a
BANK-TXN-10335,12815.02,2026-08-16,Razorpay Settlement for pay_79cef050aa1d
BANK-TXN-10336,14410.31,2026-08-15,Razorpay Settlement for pay_d63e9ee81ea1
BANK-TXN-10337,5465.46,2026-08-23,Razorpay Settlement for pay_f2e3bb08a36f
BANK-TXN-10338,11528.15,2026-08-06,Razorpay Settlement for pay_39d8db9763d9
BANK-TXN-10339,8972.29,2026-09-01,Razorpay Settlement for pay_feb67825eef7
BANK-TXN-10340,1311.14,2026-08-13,Razorpay Settlement for pay_5565a2f6099a
BANK-TXN-10341,9617.23,2026-08-13,Razorpay Settlement for pay_9b352bd87725
BANK-TXN-10342,7434.13,2026-08-03,Razorpay Settlement for pay_5877eae5a3c7
BANK-TXN-10343,3971.24,2026-08-05,Razorpay Settlement for pay_bfd070e9c0df
BANK-TXN-10344,13488.61,2026-08-21,Razorpay Settlement for pay_5f16ca987560
BANK-TXN-10345,1270.05,2026-08-05,Razorpay Settlement for pay_17e2113abf7b
BANK-TXN-10346,10086.7,2026-08-16,Razorpay Settlement for pay_20db15d61066
BANK-TXN-10347,8173.16,2026-08-14,Razorpay Settlement for pay_f1fbe950bf2c
BANK-TXN-10348,10487.51,2026-08-29,Razorpay Settlement for pay_e47240a80127
BANK-TXN-10349,1953.0,2026-08-13,Razorpay Settlement for pay_09884dfcb54a
BANK-TXN-10350,11852.31,2026-08-20,Razorpay Settlement for pay_e9fdf36a7cf1
BANK-TXN-10351,4681.95,2026-08-30,Razorpay Settlement for pay_9d1a0a609043
BANK-TXN-10352,8534.36,2026-08-15,Razorpay Settlement for pay_8f1d7eed6d78
BANK-TXN-10353,6952.44,2026-08-22,Razorpay Settlement for pay_d342131a0069
BANK-TXN-10354,8721.25,2026-08-30,Razorpay Settlement for pay_3c7872edbeb0
BANK-TXN-10355,1996.83,2026-08-18,Razorpay Settlement for pay_98eeb2c430fb
BANK-TXN-10356,13753.44,2026-08-07,Razorpay Settlement for pay_9373b5af476f
BANK-TXN-10357,4315.83,2026-09-02,Razorpay Settlement for pay_7e6cf39f8607
BANK-TXN-10358,4176.64,2026-08-08,Razorpay Settlement for pay_449561349d71
BANK-TXN-10359,9492.88,2026-08-19,Razorpay Settlement for pay_116a6855c14e
BANK-TXN-10360,13278.62,2026-08-24,Razorpay Settlement for pay_0dd25dbaad5f
BANK-TXN-10361,12165.23,2026-08-31,Razorpay Settlement for pay_b90085845426
BANK-TXN-10362,9463.93,2026-08-20,Razorpay Settlement for pay_b038f6f84578
BANK-TXN-10363,14071.25,2026-08-19,Razorpay Settlement for pay_2adfbfa0fb25
BANK-TXN-10364,4509.98,2026-08-28,Razorpay Settlement for pay_988adb5ed6d0
BANK-TXN-10365,6222.88,2026-08-03,Razorpay Settlement for pay_5aa44e975dd7
BANK-TXN-10366,4657.3,2026-08-13,Razorpay Settlement for pay_d33692988563
BANK-TXN-10367,2092.63,2026-08-29,Razorpay Settlement for pay_a7bd291fdc3f
BANK-TXN-10368,3702.17,2026-08-19,Razorpay Settlement for pay_abc1055198cd
BANK-TXN-10369,1600.15,2026-08-16,Razorpay Settlement for pay_b3ac3eaafd16
BANK-TXN-10370,3711.64,2026-08-29,Razorpay Settlement for pay_1485b6e948db
BANK-TXN-10371,4731.62,2026-08-12,Razorpay Settlement for pay_c948b66544b6
BANK-TXN-10372,12946.11,2026-08-18,Razorpay Settlement for pay_34211dafba38
BANK-TXN-10373,6827.67,2026-08-04,Razorpay Settlement for pay_5d3bc9643133
BANK-TXN-10374,929.04,2026-08-20,Razorpay Settlement for pay_e62865a826c0
BANK-TXN-10375,7021.4,2026-08-31,Razorpay Settlement for pay_618c9d99e1ef
BANK-TXN-10376,12995.13,2026-08-05,Razorpay Settlement for pay_b3899adbd8d5
BANK-TXN-10377,6006.04,2026-08-14,Razorpay Settlement for pay_f824e70fe386
BANK-TXN-10378,5799.6,2026-08-19,Razorpay Settlement for pay_a14cded005ff
BANK-TXN-10379,14541.77,2026-08-19,Razorpay Settlement for pay_13ca246a293c
BANK-TXN-10380,11725.19,2026-08-05,Razorpay Settlement for pay_03bc5bff5ffd
BANK-TXN-10381,2183.58,2026-08-03,Razorpay Settlement for pay_3bbd74798187
BANK-TXN-10382,2356.23,2026-08-17,Razorpay Settlement for pay_f6114ca2e88f
BANK-TXN-10383,2552.93,2026-09-01,Razorpay Settlement for pay_857adba3032c
BANK-TXN-10384,7588.89,2026-08-13,Razorpay Settlement for pay_080d5ec3321d
BANK-TXN-10385,12027.62,2026-08-20,Razorpay Settlement for pay_87904bdfc479
BANK-TXN-10386,8662.01,2026-08-23,Razorpay Settlement for pay_19805b236335
BANK-TXN-10387,11551.24,2026-08-17,Razorpay Settlement for pay_1349ef989909
BANK-TXN-10388,2669.11,2026-08-03,Razorpay Settlement for pay_8778e21d19ac
BANK-TXN-10389,653.9,2026-08-29,Razorpay Settlement for pay_82aafbf0cd31
BANK-TXN-10390,6174.02,2026-08-02,Razorpay Settlement for pay_acd6d0dae28d
BANK-TXN-10391,11436.2,2026-08-08,Razorpay Settlement for pay_dfbea8653632
BANK-TXN-10392,1099.32,2026-08-30,Razorpay Settlement for pay_ac2f8e1bae3b
BANK-TXN-10393,14672.78,2026-08-09,Razorpay Settlement for pay_d3203fd00e21
BANK-TXN-10394,6862.96,2026-08-14,Razorpay Settlement for pay_84a25acbef9a
BANK-TXN-10395,4184.09,2026-08-17,Razorpay Settlement for pay_54c27ff9d673
BANK-TXN-10396,4387.71,2026-09-01,Razorpay Settlement for pay_5b53632ff460
BANK-TXN-10397,7155.07,2026-08-25,Razorpay Settlement for pay_3f0ab77204c3
BANK-TXN-10398,8074.44,2026-08-05,Razorpay Settlement for pay_1087f9954b38
BANK-TXN-10399,806.13,2026-08-13,Razorpay Settlement for pay_5bd596b17570
BANK-TXN-10400,3915.46,2026-08-31,Razorpay Settlement for pay_b509c3262adb
BANK-TXN-10401,13728.57,2026-08-09,Razorpay Settlement for pay_e241880b2d49
BANK-TXN-10402,8707.39,2026-08-05,Razorpay Settlement for pay_2ea4ee0ba176
BANK-TXN-10403,7047.75,2026-08-15,Razorpay Settlement for pay_fd50eb9969c8
BANK-TXN-10404,2486.78,2026-09-02,Razorpay Settlement for pay_bb879938359a
BANK-TXN-10405,14176.61,2026-08-22,Razorpay Settlement for pay_82dce79541ec
BANK-TXN-10406,11345.59,2026-08-22,Razorpay Settlement for pay_a4698b61f4b5
BANK-TXN-10407,13781.46,2026-08-26,Razorpay Settlement for pay_26c1e7164925
BANK-TXN-10408,13534.39,2026-08-30,Razorpay Settlement for pay_fb182550f59d
BANK-TXN-10409,11059.54,2026-08-17,Razorpay Settlement for pay_b6abcf494334
BANK-TXN-10410,8938.77,2026-08-02,Razorpay Settlement for pay_66a5b37b2b86
BANK-TXN-10411,7800.71,2026-08-17,Razorpay Settlement for pay_aea9ce1bbe91
BANK-TXN-10412,2992.54,2026-08-18,Razorpay Settlement for pay_e13e758621fc
BANK-TXN-10413,9598.73,2026-08-08,Razorpay Settlement for pay_0258844d4a85
BANK-TXN-10414,4475.03,2026-08-25,Razorpay Settlement for pay_c620aad70e6b
BANK-TXN-10415,6077.23,2026-08-22,Razorpay Settlement for pay_9b0be5a9412e
BANK-TXN-10416,9902.89,2026-08-12,Razorpay Settlement for pay_0a1f372ac555
BANK-TXN-10417,3793.68,2026-08-17,Razorpay Settlement for pay_0850c5afca4a
BANK-TXN-10418,4068.49,2026-08-09,Razorpay Settlement for pay_d7a31d30db6b
BANK-TXN-10419,356.33,2026-08-21,Razorpay Settlement for pay_db17df55e4ee
BANK-TXN-10420,1910.74,2026-08-09,Razorpay Settlement for pay_707d87e2b0f0
BANK-TXN-10421,13584.73,2026-08-14,Razorpay Settlement for pay_5fb76687e987
BANK-TXN-10422,13838.98,2026-08-06,Razorpay Settlement for pay_4995a3cc2404
BANK-TXN-10423,7131.55,2026-08-09,Razorpay Settlement for pay_93a5273cad48
BANK-TXN-10424,10376.95,2026-08-21,Razorpay Settlement for pay_5465f04b3ea7
BANK-TXN-10425,3363.84,2026-08-20,Razorpay Settlement for pay_cea83027e060
BANK-TXN-10426,11616.03,2026-08-27,Razorpay Settlement for pay_d3fa05153c6f
BANK-TXN-10427,13499.72,2026-08-24,Razorpay Settlement for pay_118e2e711ac4
BANK-TXN-10428,7527.59,2026-08-28,Razorpay Settlement for pay_56aa31600004
BANK-TXN-10429,13233.49,2026-08-21,Razorpay Settlement for pay_68193b04c5ec
BANK-TXN-10430,7523.21,2026-08-03,Razorpay Settlement for pay_b6086ed78897
BANK-TXN-10431,9953.82,2026-08-04,Razorpay Settlement for pay_44f8eaa1b2f8
BANK-TXN-10432,5193.05,2026-08-04,Razorpay Settlement for pay_a64207de9acd
BANK-TXN-10433,9500.68,2026-08-07,Razorpay Settlement for pay_1b209ecf6300
BANK-TXN-10434,12808.97,2026-08-30,Razorpay Settlement for pay_d8f43bf99537
BANK-TXN-10435,12880.53,2026-08-05,Razorpay Settlement for pay_9ad67f7a362b
BANK-TXN-10436,2784.58,2026-08-29,Razorpay Settlement for pay_3306f2a24d60
BANK-TXN-10437,12304.25,2026-08-07,Razorpay Settlement for pay_1884186cb87e
BANK-TXN-10438,8092.63,2026-08-17,Razorpay Settlement for pay_17a93aa27416
BANK-TXN-10439,5214.74,2026-08-09,Razorpay Settlement for pay_ad5d6b9104df
BANK-TXN-10440,1832.7,2026-09-01,Razorpay Settlement for pay_be73d3f67692
BANK-TXN-10441,9943.03,2026-08-03,Razorpay Settlement for pay_a80560fa5d65
BANK-TXN-10442,6561.63,2026-08-25,Razorpay Settlement for pay_799adb63d8b8
BANK-TXN-10443,7504.51,2026-08-29,Razorpay Settlement for pay_3abf584a9be8
BANK-TXN-10444,4821.37,2026-08-29,Razorpay Settlement for pay_a911fd566b41
BANK-TXN-10445,13953.34,2026-08-10,Razorpay Settlement for pay_ea8432a849bf
BANK-TXN-10446,7384.49,2026-08-23,Razorpay Settlement for pay_83475b334c34
BANK-TXN-10447,7802.81,2026-08-23,Razorpay Settlement for pay_7852a40618b5
BANK-TXN-10448,12631.82,2026-08-29,Razorpay Settlement for pay_781ea56159f4
BANK-TXN-10449,6181.48,2026-08-16,Razorpay Settlement for pay_d4604b8ce587
BANK-TXN-10450,3718.42,2026-08-18,Razorpay Settlement for pay_20c8622808fa
BANK-TXN-10451,6719.71,2026-08-22,Razorpay Settlement for pay_ba36c1d26429
BANK-TXN-10452,2958.75,2026-08-20,Razorpay Settlement for pay_89cdd27b492c
BANK-TXN-10453,769.59,2026-08-23,Razorpay Settlement for pay_52cc3d3a1709
BANK-TXN-10454,9934.72,2026-08-28,Razorpay Settlement for pay_971d5d706c4c
BANK-TXN-10455,14076.61,2026-08-08,Razorpay Settlement for pay_558af0aade07
BANK-TXN-10456,1897.55,2026-08-31,Razorpay Settlement for pay_5bb26b9c20ce
BANK-TXN-10457,3162.25,2026-08-25,Razorpay Settlement for pay_0b9861f2836a
BANK-TXN-10458,6958.5,2026-08-12,Razorpay Settlement for pay_0337f656f3f6
BANK-TXN-10459,13000.31,2026-08-10,Razorpay Settlement for pay_186b969cb0d9
BANK-TXN-10460,11242.67,2026-08-28,Razorpay Settlement for pay_29c2b70d26d3
BANK-TXN-10461,859.06,2026-08-13,Razorpay Settlement for pay_28762b802c9b
BANK-TXN-10462,8221.23,2026-08-06,Razorpay Settlement for pay_4eca72de629d
BANK-TXN-10463,3532.19,2026-08-06,Razorpay Settlement for pay_fbfc86b7e530
BANK-TXN-10464,5092.03,2026-08-20,Razorpay Settlement for pay_e6e1f9866c7b
BANK-TXN-10465,6879.86,2026-08-23,Razorpay Settlement for pay_fc2357586384
BANK-TXN-10466,7167.13,2026-08-07,Razorpay Settlement for pay_1415ed5f811f
BANK-TXN-10467,9887.8,2026-08-03,Razorpay Settlement for pay_3c67113984e3
BANK-TXN-10468,1163.72,2026-08-07,Razorpay Settlement for pay_8096055fb1a8
BANK-TXN-10469,7915.21,2026-08-17,Razorpay Settlement for pay_eb75fbb40b66
BANK-TXN-10470,4180.84,2026-08-02,Razorpay Settlement for pay_ee8fbfbbebbb
BANK-TXN-10471,6441.03,2026-08-19,Razorpay Settlement for pay_daa2de9dd9be
BANK-TXN-10472,2355.61,2026-08-31,Razorpay Settlement for pay_07c5999a1227
BANK-TXN-10473,5239.73,2026-08-18,Razorpay Settlement for pay_131ffe3da1f7
BANK-TXN-10474,8390.79,2026-08-14,Razorpay Settlement for pay_4503681e8f13
BANK-TXN-10475,14579.25,2026-08-23,Razorpay Settlement for pay_d3ca2ecaf279
BANK-TXN-10476,8212.38,2026-08-14,Razorpay Settlement for pay_59c87d07ff1c
BANK-TXN-10477,1395.27,2026-08-03,Razorpay Settlement for pay_f7af2862d655
BANK-TXN-10478,14371.18,2026-08-27,Razorpay Settlement for pay_8fc737f8dcec
BANK-TXN-10479,3262.39,2026-08-31,Razorpay Settlement for pay_7681624f3359
BANK-TXN-10480,13412.21,2026-08-03,Razorpay Settlement for pay_f34c520379d8
BANK-TXN-10481,14141.15,2026-08-31,Razorpay Settlement for pay_079d0a1628ed
BANK-TXN-10482,5972.88,2026-08-29,Razorpay Settlement for pay_7d887637a595
BANK-TXN-10483,8415.36,2026-08-08,Razorpay Settlement for pay_b469bbdbe595
BANK-TXN-10484,5763.3,2026-08-31,Razorpay Settlement for pay_46c0bb293d84
BANK-TXN-10485,7459.5,2026-08-25,Razorpay Settlement for pay_f2d55ebde331
BANK-TXN-10486,12360.13,2026-08-05,Razorpay Settlement for pay_6aa25a9847ac
BANK-TXN-10487,5949.79,2026-08-26,Razorpay Settlement for pay_eba60107267d
BANK-TXN-10488,14592.46,2026-08-22,Razorpay Settlement for pay_1c00e08f4058
BANK-TXN-10489,6374.55,2026-08-14,Razorpay Settlement for pay_4a64ccdb6fff
BANK-TXN-10490,11771.0,2026-08-26,Razorpay Settlement for pay_471ef2a6ad22
BANK-TXN-10491,1741.41,2026-08-14,Razorpay Settlement for pay_72f36fab0aaf
BANK-TXN-10492,4108.69,2026-08-16,Razorpay Settlement for pay_e9e281249f60
BANK-TXN-10493,8274.51,2026-08-07,Razorpay Settlement for pay_a61074a5d538
BANK-TXN-10494,8234.4,2026-08-02,Razorpay Settlement for pay_6c33d3b1f222
BANK-TXN-10495,6197.9,2026-08-14,Razorpay Settlement for pay_a9a69b039163
BANK-TXN-10496,14594.56,2026-08-30,Razorpay Settlement for pay_17a8d258e431
BANK-TXN-10497,5718.13,2026-08-18,Razorpay Settlement for pay_533a49283df8
BANK-TXN-10498,2312.64,2026-08-11,Razorpay Settlement for pay_4e64db111e72
BANK-TXN-10499,7219.29,2026-08-11,Razorpay Settlement for pay_8a222e1b61d3
BANK-TXN-10500,9261.49,2026-08-10,Razorpay Settlement for pay_a22fa5b9fd98
BANK-TXN-10501,294.16,2026-08-05,Razorpay Settlement for pay_3ab6bd127477
BANK-TXN-10502,12138.77,2026-08-13,Razorpay Settlement for pay_73bc584fa0fd
BANK-TXN-10503,3109.15,2026-08-12,Razorpay Settlement for pay_1fc2f7481d1d
BANK-TXN-10504,4423.16,2026-09-01,Razorpay Settlement for pay_92db08da25ea
BANK-TXN-10505,5650.31,2026-08-27,Razorpay Settlement for pay_632b10c06d05
BANK-TXN-10506,8785.66,2026-08-06,Razorpay Settlement for pay_bd27154c2eb7
BANK-TXN-10507,13991.59,2026-08-27,Razorpay Settlement for pay_5bc644a5e92b
BANK-TXN-10508,4421.47,2026-08-08,Razorpay Settlement for pay_7b05ed992580
BANK-TXN-10509,7437.9,2026-08-29,Razorpay Settlement for pay_088c2dfd8911
BANK-TXN-10510,10569.79,2026-08-11,Razorpay Settlement for pay_f0234229862c
BANK-TXN-10511,8640.87,2026-08-16,Razorpay Settlement for pay_c53bf72a79fa
BANK-TXN-10512,13184.35,2026-08-03,Razorpay Settlement for pay_866bb74a6b15
BANK-TXN-10513,9836.72,2026-08-26,Razorpay Settlement for pay_a92213e76be5
BANK-TXN-10514,14462.25,2026-08-21,Razorpay Settlement for pay_ac293f7808b3
BANK-TXN-10515,348.99,2026-08-12,Razorpay Settlement for pay_576dc9bd5ace
BANK-TXN-10516,8289.13,2026-08-19,Razorpay Settlement for pay_a65ea4f7e785
BANK-TXN-10517,11398.06,2026-08-13,Razorpay Settlement for pay_8cdb626fc3d0
BANK-TXN-10518,4480.95,2026-08-02,Razorpay Settlement for pay_2e8c2d91c6eb
BANK-TXN-10519,5248.15,2026-08-29,Razorpay Settlement for pay_a0715e83d31c
BANK-TXN-10520,7200.35,2026-08-27,Razorpay Settlement for pay_0e8d482e7a85
BANK-TXN-10521,6758.3,2026-08-17,Razorpay Settlement for pay_2703c74d1392
BANK-TXN-10522,523.57,2026-08-04,Razorpay Settlement for pay_81108e5b8438
BANK-TXN-10523,2579.79,2026-08-06,Razorpay Settlement for pay_7a6aabaa75b4
BANK-TXN-10524,13004.44,2026-08-03,Razorpay Settlement for pay_cb442991c743
BANK-TXN-10525,10417.49,2026-08-15,Razorpay Settlement for pay_bfdebc58dca3
BANK-TXN-10526,11741.3,2026-08-27,Razorpay Settlement for pay_a19e5d57f40d
BANK-TXN-10527,5501.47,2026-08-29,Razorpay Settlement for pay_751f31a71905
BANK-TXN-10528,12707.68,2026-08-05,Razorpay Settlement for pay_9b217365569d
BANK-TXN-10529,2698.34,2026-08-29,Razorpay Settlement for pay_08d47e4d63f4
BANK-TXN-10530,2106.04,2026-08-20,Razorpay Settlement for pay_f8b7beb0db13
BANK-TXN-10531,5610.43,2026-08-11,Razorpay Settlement for pay_f1da1160cd83
BANK-TXN-10532,2195.63,2026-08-15,Razorpay Settlement for pay_6c0bac1e1a73
BANK-TXN-10533,7990.15,2026-08-08,Razorpay Settlement for pay_9da8d9b9c7f2
BANK-TXN-10534,2230.86,2026-08-07,Razorpay Settlement for pay_ce8bf732bb03
BANK-TXN-10535,12749.54,2026-08-16,Razorpay Settlement for pay_f37741df6db4
BANK-TXN-10536,5764.72,2026-08-06,Razorpay Settlement for pay_d9e0a087a909
BANK-TXN-10537,10495.91,2026-08-24,Razorpay Settlement for pay_00b01b5f07a9
BANK-TXN-10538,7993.48,2026-08-03,Razorpay Settlement for pay_f5d8be50362e
BANK-TXN-10539,11401.04,2026-08-16,Razorpay Settlement for pay_2d29a4609570
BANK-TXN-10540,1852.45,2026-08-18,Razorpay Settlement for pay_10419f0fd2c2
BANK-TXN-10541,10461.48,2026-08-28,Razorpay Settlement for pay_f3d413eee317
BANK-TXN-10542,9676.85,2026-08-06,Razorpay Settlement for pay_5d1944516d95
BANK-TXN-10543,3961.82,2026-08-29,Razorpay Settlement for pay_5714b3b5dadf
BANK-TXN-10544,11971.64,2026-08-29,Razorpay Settlement for pay_fc8f6d810965
BANK-TXN-10545,5281.55,2026-08-25,Razorpay Settlement for pay_67a472b05bb1
BANK-TXN-10546,3192.81,2026-08-21,Razorpay Settlement for pay_2ed1d076235b
BANK-TXN-10547,7916.2,2026-08-04,Razorpay Settlement for pay_fff88f974f18
BANK-TXN-10548,8502.96,2026-08-24,Razorpay Settlement for pay_23fbab03536e
BANK-TXN-10549,1055.88,2026-09-01,Razorpay Settlement for pay_2f8ebeb718c1
BANK-TXN-10550,12757.61,2026-08-22,Razorpay Settlement for pay_6e4b4931c66c
BANK-TXN-10551,4093.47,2026-08-07,Razorpay Settlement for pay_4be37d710ef4
BANK-TXN-10552,11720.86,2026-08-16,Razorpay Settlement for pay_2667e64ecfd6
BANK-TXN-10553,10271.98,2026-08-19,Razorpay Settlement for pay_8c1b865313f2
BANK-TXN-10554,8636.68,2026-09-01,Razorpay Settlement for pay_675b243b97ea
BANK-TXN-10555,14237.73,2026-08-19,Razorpay Settlement for pay_565decc2d796
BANK-TXN-10556,4309.24,2026-08-10,Razorpay Settlement for pay_04e8c2db8cf3
BANK-TXN-10557,5181.6,2026-08-29,Razorpay Settlement for pay_3c04eca802ee
BANK-TXN-10558,6817.34,2026-08-31,Razorpay Settlement for pay_c320b4c8a65f
BANK-TXN-10559,9623.56,2026-08-24,Razorpay Settlement for pay_d4c52b226feb
BANK-TXN-10560,9690.14,2026-08-31,Razorpay Settlement for pay_43b7dc514b5f
BANK-TXN-10561,9607.81,2026-08-14,Razorpay Settlement for pay_821bf1c95997
BANK-TXN-10562,10340.7,2026-08-22,Razorpay Settlement for pay_e32d2e4c56f1
BANK-TXN-10563,1576.55,2026-08-22,Razorpay Settlement for pay_f3920897169f
BANK-TXN-10564,3476.67,2026-08-04,Razorpay Settlement for pay_ca8a5ecc002d
BANK-TXN-10565,12047.35,2026-08-03,Razorpay Settlement for pay_07e0dba71e68
BANK-TXN-10566,3516.64,2026-08-06,Razorpay Settlement for pay_3a0782755a6a
BANK-TXN-10567,4740.85,2026-08-27,Razorpay Settlement for pay_6a02485184b6
BANK-TXN-10568,14597.6,2026-08-14,Razorpay Settlement for pay_5c88418e8cbf
BANK-TXN-10569,9048.07,2026-08-19,Razorpay Settlement for pay_d0e7cf03ea62
BANK-TXN-10570,9305.67,2026-08-14,Razorpay Settlement for pay_92b381e20717
BANK-TXN-10571,12668.9,2026-08-22,Razorpay Settlement for pay_a05828574387
BANK-TXN-10572,10784.06,2026-08-06,Razorpay Settlement for pay_20d916888b8a
BANK-TXN-10573,4213.14,2026-08-12,Razorpay Settlement for pay_87d38366e6b1
BANK-TXN-10574,10655.99,2026-08-20,Razorpay Settlement for pay_b8158bef39a3
BANK-TXN-10575,12493.82,2026-09-02,Razorpay Settlement for pay_04b6ad3f3a34
BANK-TXN-10576,2932.13,2026-08-18,Razorpay Settlement for pay_53327e54ebea
BANK-TXN-10577,13219.33,2026-08-22,Razorpay Settlement for pay_44db1b6e5771
BANK-TXN-10578,7328.04,2026-08-14,Razorpay Settlement for pay_f98d889518d2
BANK-TXN-10579,13741.64,2026-08-30,Razorpay Settlement for pay_4eacc9bfc7ae
BANK-TXN-10580,5495.94,2026-08-29,Razorpay Settlement for pay_c6529172d11e
BANK-TXN-10581,8715.12,2026-08-17,Razorpay Settlement for pay_789caf9c798f
BANK-TXN-10582,1073.04,2026-08-08,Razorpay Settlement for pay_817548f315bc
BANK-TXN-10583,7463.21,2026-08-11,Razorpay Settlement for pay_cd5662085559
BANK-TXN-10584,9486.35,2026-08-24,Razorpay Settlement for pay_b1fad184b82c
BANK-TXN-10585,7611.96,2026-08-04,Razorpay Settlement for pay_b6393be1122b
BANK-TXN-10586,5863.17,2026-08-06,Razorpay Settlement for pay_a959df65c9a8
BANK-TXN-10587,6497.75,2026-08-09,Razorpay Settlement for pay_b7b351624eeb
BANK-TXN-10588,9856.82,2026-08-21,Razorpay Settlement for pay_360a9c7c3812
BANK-TXN-10589,10370.55,2026-08-02,Razorpay Settlement for pay_dd9c92fe4ee7
BANK-TXN-10590,7697.8,2026-09-01,Razorpay Settlement for pay_f157231daa80
BANK-TXN-10591,11525.42,2026-08-13,Razorpay Settlement for pay_b12bc84407ce
BANK-TXN-10592,1122.4,2026-08-15,Razorpay Settlement for pay_c010d01e6faf
BANK-TXN-10593,1000.09,2026-08-16,Razorpay Settlement for pay_8c6304e7a05a
BANK-TXN-10594,1688.53,2026-08-07,Razorpay Settlement for pay_5978b35b364f
BANK-TXN-10595,834.72,2026-08-26,Razorpay Settlement for pay_80887a8fd003
BANK-TXN-10596,5750.74,2026-08-03,Razorpay Settlement for pay_76de1609ae7a
BANK-TXN-10597,11844.39,2026-08-31,Razorpay Settlement for pay_c0fd996c41ca
BANK-TXN-10598,13479.56,2026-08-12,Razorpay Settlement for pay_66f98eae205d
BANK-TXN-10599,5603.21,2026-08-28,Razorpay Settlement for pay_9d5745c489cb
BANK-TXN-10600,14033.97,2026-08-09,Razorpay Settlement for pay_08cbd14781fc
BANK-TXN-10601,12449.66,2026-08-29,Razorpay Settlement for pay_c39c79549bc2
BANK-TXN-10602,5546.81,2026-08-20,Razorpay Settlement for pay_cd3874e1723a
BANK-TXN-10603,9227.9,2026-08-27,Razorpay Settlement for pay_b93d6bd45f16
BANK-TXN-10604,11437.22,2026-08-21,Razorpay Settlement for pay_b0f3fec8bc5e
BANK-TXN-10605,3575.4,2026-08-02,Razorpay Settlement for pay_53ef67ee510a
BANK-TXN-10606,335.16,2026-08-28,Razorpay Settlement for pay_e3153e71b0c5
BANK-TXN-10607,12509.98,2026-08-27,Razorpay Settlement for pay_616b08edd020
BANK-TXN-10608,6285.0,2026-08-08,Razorpay Settlement for pay_19d90a9266c5
BANK-TXN-10609,832.73,2026-08-24,Razorpay Settlement for pay_4aa076ce6924
BANK-TXN-10610,13185.46,2026-08-18,Razorpay Settlement for pay_feda550963a1
BANK-TXN-10611,7526.72,2026-08-04,Razorpay Settlement for pay_93335a0fa9d8
BANK-TXN-10612,6405.43,2026-08-20,Razorpay Settlement for pay_de7278f5e77e
BANK-TXN-10613,4764.89,2026-08-11,Razorpay Settlement for pay_a9312665393b
BANK-TXN-10614,4809.11,2026-08-29,Razorpay Settlement for pay_da465982817f
BANK-TXN-10615,11508.21,2026-08-04,Razorpay Settlement for pay_de43f545a7a2
BANK-TXN-10616,6955.67,2026-08-05,Razorpay Settlement for pay_c1ee4cea4453
BANK-TXN-10617,3207.56,2026-08-19,Razorpay Settlement for pay_2b989c7f78ff
BANK-TXN-10618,2482.06,2026-08-10,Razorpay Settlement for pay_c587970c614e
BANK-TXN-10619,780.94,2026-08-25,Razorpay Settlement for pay_0fa359a1c2bc
BANK-TXN-10620,14241.67,2026-08-05,Razorpay Settlement for pay_2fe5011a6e12
BANK-TXN-10621,3969.46,2026-08-04,Razorpay Settlement for pay_2a0cc993d4f1
BANK-TXN-10622,6754.73,2026-09-02,Razorpay Settlement for pay_46f3630b35ba
BANK-TXN-10623,11709.41,2026-08-16,Razorpay Settlement for pay_02d53c1f8117
BANK-TXN-10624,3069.72,2026-08-03,Razorpay Settlement for pay_1743e4cbaa50
BANK-TXN-10625,1414.9,2026-08-24,Razorpay Settlement for pay_68d2cee47dfe
BANK-TXN-10626,3064.17,2026-08-04,Razorpay Settlement for pay_c7ccf2f080eb
BANK-TXN-10627,12484.89,2026-08-06,Razorpay Settlement for pay_984370be0d6d
BANK-TXN-10628,2632.52,2026-08-03,Razorpay Settlement for pay_41f73a0823d3
BANK-TXN-10629,623.61,2026-08-25,Razorpay Settlement for pay_8dec4e7f3710
BANK-TXN-10630,2910.44,2026-08-13,Razorpay Settlement for pay_163655d2221d
BANK-TXN-10631,9052.44,2026-08-30,Razorpay Settlement for pay_3cef39ae3251
BANK-TXN-10632,12999.82,2026-08-11,Razorpay Settlement for pay_3e8f11e750db
BANK-TXN-10633,2186.47,2026-08-04,Razorpay Settlement for pay_4a41fa3c8b19
BANK-TXN-10634,9344.46,2026-08-30,Razorpay Settlement for pay_331914c4d807
BANK-TXN-10635,7043.85,2026-08-28,Razorpay Settlement for pay_f69ba39451a5
BANK-TXN-10636,4860.55,2026-09-01,Razorpay Settlement for pay_1c805a9c260f
BANK-TXN-10637,3372.67,2026-08-02,Razorpay Settlement for pay_07ab8f1b6b11
BANK-TXN-10638,3693.68,2026-08-05,Razorpay Settlement for pay_be8a24943b03
BANK-TXN-10639,12473.71,2026-09-01,Razorpay Settlement for pay_25605f4dad42
BANK-TXN-10640,3626.94,2026-08-31,Razorpay Settlement for pay_49e51c82f819
BANK-TXN-10641,13452.36,2026-08-26,Razorpay Settlement for pay_29ede305c0e1
BANK-TXN-10642,8370.55,2026-08-24,Razorpay Settlement for pay_84be84266b7e
BANK-TXN-10643,4678.51,2026-08-27,Razorpay Settlement for pay_f4e210575877
BANK-TXN-10644,8922.52,2026-08-04,Razorpay Settlement for pay_9a0994853180
BANK-TXN-10645,13509.16,2026-08-17,Razorpay Settlement for pay_07605fee6d06
BANK-TXN-10646,2769.88,2026-08-06,Razorpay Settlement for pay_78d95943810f
BANK-TXN-10647,10416.92,2026-08-02,Razorpay Settlement for pay_1973ea3b55b7
BANK-TXN-10648,5488.36,2026-08-05,Razorpay Settlement for pay_3422f0b0c5ff
BANK-TXN-10649,8695.59,2026-08-25,Razorpay Settlement for pay_bb9787fe03e4
BANK-TXN-10650,10818.03,2026-08-12,Razorpay Settlement for pay_f0bb54b96c54
BANK-TXN-10651,4797.87,2026-08-23,Razorpay Settlement for pay_209f321ba0f7
BANK-TXN-10652,2739.3,2026-08-24,Razorpay Settlement for pay_02169507b703
BANK-TXN-10653,2773.48,2026-08-24,Razorpay Settlement for pay_4af6f08ae892
BANK-TXN-10654,12441.51,2026-09-01,Razorpay Settlement for pay_dde9b5b95738
BANK-TXN-10655,11926.93,2026-08-21,Razorpay Settlement for pay_dbe51131578f
BANK-TXN-10656,7392.67,2026-08-20,Razorpay Settlement for pay_69a3ad95e95e
BANK-TXN-10657,14444.44,2026-08-04,Razorpay Settlement for pay_180d31b64d24
BANK-TXN-10658,10478.84,2026-08-30,Razorpay Settlement for pay_19791d8bfb60
BANK-TXN-10659,3815.34,2026-08-02,Razorpay Settlement for pay_ea7ebce201c6
BANK-TXN-10660,214.58,2026-08-10,Razorpay Settlement for pay_b92136b326d4
BANK-TXN-10661,1667.12,2026-08-13,Razorpay Settlement for pay_9ef41b637681
BANK-TXN-10662,11193.56,2026-08-29,Razorpay Settlement for pay_874b99d4e0ff
BANK-TXN-10663,12462.93,2026-08-16,Razorpay Settlement for pay_41c0dc5738d9
BANK-TXN-10664,1272.21,2026-08-12,Razorpay Settlement for pay_f2cf88df87db
BANK-TXN-10665,8130.35,2026-08-08,Razorpay Settlement for pay_c96d6c9eebd5
BANK-TXN-10666,7197.61,2026-08-22,Razorpay Settlement for pay_d28eaa4081da
BANK-TXN-10667,8866.71,2026-09-02,Razorpay Settlement for pay_5f896f417abf
BANK-TXN-10668,3177.31,2026-08-03,Razorpay Settlement for pay_b535be94bdae
BANK-TXN-10669,13603.4,2026-08-24,Razorpay Settlement for pay_de70d40289b1
BANK-TXN-10670,1587.17,2026-08-11,Razorpay Settlement for pay_19ce7f188ea7
BANK-TXN-10671,986.54,2026-08-19,Razorpay Settlement for pay_d51609364544
BANK-TXN-10672,9797.94,2026-08-04,Razorpay Settlement for pay_80689f3b937c
BANK-TXN-10673,11579.85,2026-08-17,Razorpay Settlement for pay_51c81bc90533
BANK-TXN-10674,1517.85,2026-08-30,Razorpay Settlement for pay_4e28c8c246c0
BANK-TXN-10675,2902.2,2026-08-13,Razorpay Settlement for pay_5eaae5d5c97a
BANK-TXN-10676,3477.42,2026-08-17,Razorpay Settlement for pay_fd8bb16f070e
BANK-TXN-10677,10297.61,2026-08-03,Razorpay Settlement for pay_c512d69c59d5
BANK-TXN-10678,7925.98,2026-08-23,Razorpay Settlement for pay_af8218f7ca0b
BANK-TXN-10679,7775.54,2026-08-03,Razorpay Settlement for pay_1b0e00360157
BANK-TXN-10680,4439.15,2026-08-30,Razorpay Settlement for pay_f0642f350353
BANK-TXN-10681,8480.98,2026-08-24,Razorpay Settlement for pay_03582f0eb1b6
BANK-TXN-10682,13961.19,2026-09-02,Razorpay Settlement for pay_03ba5de60747
BANK-TXN-10683,814.97,2026-08-27,Razorpay Settlement for pay_b16a55d705e7
BANK-TXN-10684,9293.29,2026-08-15,Razorpay Settlement for pay_640e04d8363e
BANK-TXN-10685,11905.72,2026-09-01,Razorpay Settlement for pay_ee88602ee91a
BANK-TXN-10686,4926.15,2026-08-19,Razorpay Settlement for pay_e8cabed651f1
BANK-TXN-10687,10354.78,2026-08-16,Razorpay Settlement for pay_3a250aee9824
BANK-TXN-10688,8413.88,2026-08-15,Razorpay Settlement for pay_5d1d5a549b64
BANK-TXN-10689,2282.44,2026-08-07,Razorpay Settlement for pay_eb15e6a54c67
BANK-TXN-10690,3641.85,2026-08-14,Razorpay Settlement for pay_383ce7e2f2c7
BANK-TXN-10691,10293.44,2026-08-11,Razorpay Settlement for pay_d5dee42dfe1f
BANK-TXN-10692,14326.08,2026-08-09,Razorpay Settlement for pay_8850ad8c0e09
BANK-TXN-10693,10766.51,2026-08-28,Razorpay Settlement for pay_0ebf312a9fb9
BANK-TXN-10694,12146.85,2026-08-16,Razorpay Settlement for pay_bfd4b76dced0
BANK-TXN-10695,1011.21,2026-08-18,Razorpay Settlement for pay_044bd63415f8
BANK-TXN-10696,6046.7,2026-08-12,Razorpay Settlement for pay_c9d45309772d
BANK-TXN-10697,1031.83,2026-08-08,Razorpay Settlement for pay_f85de69a49d7
BANK-TXN-10698,3083.88,2026-08-03,Razorpay Settlement for pay_d7badaf5a708
BANK-TXN-10699,9411.99,2026-08-17,Razorpay Settlement for pay_0be6e6fab0ea
BANK-TXN-10700,7285.36,2026-08-02,Razorpay Settlement for pay_52f6909af578
BANK-TXN-10701,8192.55,2026-09-01,Razorpay Settlement for pay_4521a466b081
BANK-TXN-10702,12246.94,2026-08-28,Razorpay Settlement for pay_7b4fc0b346aa
BANK-TXN-10703,2558.81,2026-08-02,Razorpay Settlement for pay_30e696201844
BANK-TXN-10704,10025.29,2026-08-10,Razorpay Settlement for pay_e8e9f0fa3882
BANK-TXN-10705,12736.59,2026-08-16,Razorpay Settlement for pay_3b746c7ec3e3
BANK-TXN-10706,2708.1,2026-08-31,Razorpay Settlement for pay_ba3a4e8e2350
BANK-TXN-10707,13873.34,2026-08-11,Razorpay Settlement for pay_7b28c6f896b1
BANK-TXN-10708,5253.68,2026-08-30,Razorpay Settlement for pay_6b6d948a0cdc
BANK-TXN-10709,7747.33,2026-08-16,Razorpay Settlement for pay_05eddb5fb03e
BANK-TXN-10710,14691.72,2026-08-05,Razorpay Settlement for pay_0b90fb589f38
BANK-TXN-10711,4295.95,2026-08-22,Razorpay Settlement for pay_1f258316192b
BANK-TXN-10712,9644.87,2026-08-23,Razorpay Settlement for pay_cf65b73753df
BANK-TXN-10713,1019.46,2026-08-18,Razorpay Settlement for pay_cc171c8d7fb8
BANK-TXN-10714,10657.49,2026-08-13,Razorpay Settlement for pay_eb9abef7f921
BANK-TXN-10715,5827.54,2026-08-11,Razorpay Settlement for pay_8edc14ead90c
BANK-TXN-10716,2950.53,2026-08-24,Razorpay Settlement for pay_ea560ad81962
BANK-TXN-10717,7096.06,2026-08-20,Razorpay Settlement for pay_03040ffe39e3
BANK-TXN-10718,10942.29,2026-08-06,Razorpay Settlement for pay_25d3fb4bdf70
BANK-TXN-10719,1491.21,2026-08-30,Razorpay Settlement for pay_352763f4067a
BANK-TXN-10720,11626.47,2026-08-25,Razorpay Settlement for pay_9cf81c422066
BANK-TXN-10721,6922.39,2026-08-10,Razorpay Settlement for pay_6303ab1e50e2
BANK-TXN-10722,8612.86,2026-08-04,Razorpay Settlement for pay_b4d8daeeb18a
BANK-TXN-10723,1933.81,2026-08-30,Razorpay Settlement for pay_73edb9f75f86
BANK-TXN-10724,12826.8,2026-08-11,Razorpay Settlement for pay_a891a6a29ed3
BANK-TXN-10725,14514.23,2026-08-08,Razorpay Settlement for pay_65177e1f0a6c
BANK-TXN-10726,9398.77,2026-08-22,Razorpay Settlement for pay_3d02c9741563
BANK-TXN-10727,11415.46,2026-08-10,Razorpay Settlement for pay_4a7a419f1117
BANK-TXN-10728,9106.63,2026-08-27,Razorpay Settlement for pay_ed30323ceb05
BANK-TXN-10729,259.68,2026-08-15,Razorpay Settlement for pay_d7f46ddcc14a
BANK-TXN-10730,4869.37,2026-08-13,Razorpay Settlement for pay_5a8368df3053
BANK-TXN-10731,10836.18,2026-08-23,Razorpay Settlement for pay_0cd776a45cbc
BANK-TXN-10732,2066.02,2026-08-30,Razorpay Settlement for pay_2c83cf32aae5
BANK-TXN-10733,1142.93,2026-08-20,Razorpay Settlement for pay_d782c6f635aa
BANK-TXN-10734,10752.47,2026-09-01,Razorpay Settlement for pay_7c3a098357db
BANK-TXN-10735,5167.0,2026-08-30,Razorpay Settlement for pay_396623410257
BANK-TXN-10736,13947.02,2026-08-26,Razorpay Settlement for pay_926ce4a80368
BANK-TXN-10737,14480.7,2026-08-09,Razorpay Settlement for pay_b93f4bb57802
BANK-TXN-10738,2646.95,2026-08-02,Razorpay Settlement for pay_e66464060919
BANK-TXN-10739,12909.39,2026-08-22,Razorpay Settlement for pay_16f6581cfc25
BANK-TXN-10740,8810.28,2026-08-20,Razorpay Settlement for pay_0f27051a28f0
BANK-TXN-10741,482.34,2026-08-05,Razorpay Settlement for pay_c950a96e5c73
BANK-TXN-10742,8133.78,2026-08-16,Razorpay Settlement for pay_9b83a335e86b
BANK-TXN-10743,10141.97,2026-08-06,Razorpay Settlement for pay_5ab0b1812a41
BANK-TXN-10744,9804.66,2026-08-16,Razorpay Settlement for pay_2a8a7642b926
BANK-TXN-10745,4296.38,2026-08-26,Razorpay Settlement for pay_9f5db524c3eb
BANK-TXN-10746,11479.51,2026-08-09,Razorpay Settlement for pay_9894317a9987
BANK-TXN-10747,2522.06,2026-08-24,Razorpay Settlement for pay_cbf14bc55c07
BANK-TXN-10748,3597.27,2026-08-25,Razorpay Settlement for pay_1587491361cb
BANK-TXN-10749,8523.51,2026-08-04,Razorpay Settlement for pay_59021088d275
BANK-TXN-10750,7617.78,2026-09-01,Razorpay Settlement for pay_c470f5dbaf28
BANK-TXN-10751,11990.34,2026-08-16,Razorpay Settlement for pay_bd281ee83b04
BANK-TXN-10752,10011.82,2026-08-11,Razorpay Settlement for pay_e45907b23220
BANK-TXN-10753,11192.99,2026-08-05,Razorpay Settlement for pay_291a8bb9ef59
BANK-TXN-10754,9582.97,2026-08-29,Razorpay Settlement for pay_d574ca77ec9a
BANK-TXN-10755,4087.56,2026-08-30,Razorpay Settlement for pay_575749711afb
BANK-TXN-10756,1847.02,2026-08-28,Razorpay Settlement for pay_f56e85071918
BANK-TXN-10757,12534.14,2026-08-10,Razorpay Settlement for pay_1f67a9e34ee9
BANK-TXN-10758,2117.95,2026-08-30,Razorpay Settlement for pay_2d689402efd8
BANK-TXN-10759,13412.44,2026-08-07,Razorpay Settlement for pay_dc12b404623d
BANK-TXN-10760,2825.01,2026-08-21,Razorpay Settlement for pay_9ea475c4fc4a
BANK-TXN-10761,12706.8,2026-08-14,Razorpay Settlement for pay_3d88a2f83fcb
BANK-TXN-10762,13069.66,2026-08-31,Razorpay Settlement for pay_9b4cb9eda5e1
BANK-TXN-10763,4753.71,2026-08-04,Razorpay Settlement for pay_46ee02c66b33
BANK-TXN-10764,7783.09,2026-08-29,Razorpay Settlement for pay_c70a3682843c
BANK-TXN-10765,7185.91,2026-08-24,Razorpay Settlement for pay_f7fda0060c57
BANK-TXN-10766,14522.93,2026-08-29,Razorpay Settlement for pay_0da1f3f0753f
BANK-TXN-10767,12507.65,2026-08-22,Razorpay Settlement for pay_8fa4aa73cc25
BANK-TXN-10768,3426.14,2026-08-10,Razorpay Settlement for pay_802baee1e853
BANK-TXN-10769,6854.71,2026-08-28,Razorpay Settlement for pay_790890c76a18
BANK-TXN-10770,4721.3,2026-08-29,Razorpay Settlement for pay_543d1c65d3c8
BANK-TXN-10771,6047.49,2026-08-22,Razorpay Settlement for pay_977f7465be0f
BANK-TXN-10772,1514.34,2026-08-19,Razorpay Settlement for pay_97e6d58ef8a7
BANK-TXN-10773,9935.06,2026-08-19,Razorpay Settlement for pay_9fb41cf5f6a4
BANK-TXN-10774,3429.21,2026-08-28,Razorpay Settlement for pay_bfdf2f4a809b
BANK-TXN-10775,7058.33,2026-08-20,Razorpay Settlement for pay_71d805271dad
BANK-TXN-10776,11209.18,2026-08-16,Razorpay Settlement for pay_f9bb3f9207dd
BANK-TXN-10777,9386.63,2026-08-12,Razorpay Settlement for pay_bc2061c591f7
BANK-TXN-10778,1738.1,2026-08-18,Razorpay Settlement for pay_f1afe7639b21
BANK-TXN-10779,10661.49,2026-08-07,Razorpay Settlement for pay_ee79badcf5fb
BANK-TXN-10780,1947.3,2026-08-21,Razorpay Settlement for pay_ce55e711c6d4
BANK-TXN-10781,5097.39,2026-08-16,Razorpay Settlement for pay_47c327beeedf
BANK-TXN-10782,9944.75,2026-09-01,Razorpay Settlement for pay_96330e538281
BANK-TXN-10783,9746.26,2026-08-30,Razorpay Settlement for pay_b2afc0c9533b
BANK-TXN-10784,900.48,2026-08-02,Razorpay Settlement for pay_17871a0ea762
BANK-TXN-10785,7568.86,2026-08-20,Razorpay Settlement for pay_355242902771
BANK-TXN-10786,12020.3,2026-08-20,Razorpay Settlement for pay_93e7d3a55a32
BANK-TXN-10787,12998.62,2026-08-24,Razorpay Settlement for pay_7d71536c9be3
BANK-TXN-10788,2130.42,2026-08-12,Razorpay Settlement for pay_66201a0a8608
BANK-TXN-10789,4531.43,2026-08-25,Razorpay Settlement for pay_048064b17c68
BANK-TXN-10790,3348.34,2026-08-25,Razorpay Settlement for pay_404ee3e24120
BANK-TXN-10791,5204.13,2026-08-24,Razorpay Settlement for pay_39a5a5e2cec5
BANK-TXN-10792,8064.29,2026-08-22,Razorpay Settlement for pay_07c1d3957549
BANK-TXN-10793,7163.28,2026-08-05,Razorpay Settlement for pay_dcb2bd00529b
BANK-TXN-10794,12922.93,2026-08-26,Razorpay Settlement for pay_86f01533507f
BANK-TXN-10795,562.55,2026-08-03,Razorpay Settlement for pay_f1df34fde760
BANK-TXN-10796,4068.25,2026-08-23,Razorpay Settlement for pay_3c267f2d57fd
BANK-TXN-10797,12370.39,2026-08-23,Razorpay Settlement for pay_0717f9b73c85
BANK-TXN-10798,5398.33,2026-08-27,Razorpay Settlement for pay_277796b67032
BANK-TXN-10799,8345.58,2026-08-22,Razorpay Settlement for pay_0de948fabbc7
BANK-TXN-10800,3642.08,2026-08-22,Razorpay Settlement for pay_de68070e2c1b
BANK-TXN-10801,5730.47,2026-08-23,Razorpay Settlement for pay_d46d554e42d4
BANK-TXN-10802,976.34,2026-08-23,Razorpay Settlement for pay_dcb8d72a5c81
BANK-TXN-10803,3467.36,2026-08-21,Razorpay Settlement for pay_88b31a7e6d71
BANK-TXN-10804,8947.53,2026-08-21,Razorpay Settlement for pay_7be4b72828c8
BANK-TXN-10805,1276.1,2026-08-16,Razorpay Settlement for pay_1005cb59324c
BANK-TXN-10806,785.36,2026-08-18,Razorpay Settlement for pay_2eac20a55d03
BANK-TXN-10807,8666.13,2026-08-10,Razorpay Settlement for pay_4c8dccfa90c3
BANK-TXN-10808,13793.42,2026-08-12,Razorpay Settlement for pay_50b4a6cf79eb
BANK-TXN-10809,933.61,2026-08-31,Razorpay Settlement for pay_66ee4dddf974
BANK-TXN-10810,5389.68,2026-08-28,Razorpay Settlement for pay_850c9ecd7304
BANK-TXN-10811,1184.83,2026-08-09,Razorpay Settlement for pay_0d7115070b86
BANK-TXN-10812,1529.57,2026-08-19,Razorpay Settlement for pay_3be0e57d26d1
BANK-TXN-10813,5429.01,2026-08-23,Razorpay Settlement for pay_4c4a1d7ae25b
BANK-TXN-10814,14651.14,2026-08-21,Razorpay Settlement for pay_a923d44e38eb
BANK-TXN-10815,3682.01,2026-08-23,Razorpay Settlement for pay_4c10f7467f78
BANK-TXN-10816,13480.68,2026-08-23,Razorpay Settlement for pay_34e3bf1741ef
BANK-TXN-10817,4294.78,2026-08-11,Razorpay Settlement for pay_a83913acd060
BANK-TXN-10818,7256.62,2026-08-28,Razorpay Settlement for pay_625b4f254c13
BANK-TXN-10819,1390.34,2026-08-08,Razorpay Settlement for pay_c051c1df38cd
BANK-TXN-10820,302.32,2026-09-02,Razorpay Settlement for pay_14cc48251244
BANK-TXN-10821,12216.17,2026-08-05,Razorpay Settlement for pay_39f0be31fd57
BANK-TXN-10822,10146.37,2026-08-28,Razorpay Settlement for pay_c5ec0e58e278
BANK-TXN-10823,1465.4,2026-08-24,Razorpay Settlement for pay_dcbc3da2dcff
BANK-TXN-10824,1217.69,2026-08-27,Razorpay Settlement for pay_bb064cf8b579
BANK-TXN-10825,9336.68,2026-08-15,Razorpay Settlement for pay_7405eb4a7eff
BANK-TXN-10826,1911.91,2026-08-02,Razorpay Settlement for pay_01a52d6d9d8e
BANK-TXN-10827,11160.46,2026-08-25,Razorpay Settlement for pay_e1dd7d118a16
BANK-TXN-10828,13656.41,2026-08-29,Razorpay Settlement for pay_4a21848809eb
BANK-TXN-10829,8993.63,2026-08-28,Razorpay Settlement for pay_29603a511f0b
BANK-TXN-10830,5836.01,2026-09-01,Razorpay Settlement for pay_39e25660bdf4
BANK-TXN-10831,2140.8,2026-08-08,Razorpay Settlement for pay_9bf1dc12d73f
BANK-TXN-10832,14121.79,2026-08-27,Razorpay Settlement for pay_72f7b0fa930a
BANK-TXN-10833,5607.88,2026-08-24,Razorpay Settlement for pay_3d94840cc4b5
BANK-TXN-10834,1983.4,2026-08-30,Razorpay Settlement for pay_e95ac09f93ff
BANK-TXN-10835,8137.31,2026-08-21,Razorpay Settlement for pay_6d16a30fcecc
BANK-TXN-10836,13301.04,2026-08-09,Razorpay Settlement for pay_07fda21cebea
BANK-TXN-10837,7630.06,2026-08-15,Razorpay Settlement for pay_97d30e05247d
BANK-TXN-10838,984.85,2026-08-24,Razorpay Settlement for pay_fe0bb456570b
BANK-TXN-10839,9938.12,2026-08-19,Razorpay Settlement for pay_325d1c2a8d63
BANK-TXN-10840,7262.21,2026-08-09,Razorpay Settlement for pay_e0034d02074e
BANK-TXN-10841,3542.6,2026-08-07,Razorpay Settlement for pay_3deda94ba39e
BANK-TXN-10842,7132.07,2026-08-04,Razorpay Settlement for pay_35461344a5ca
BANK-TXN-10843,266.08,2026-08-12,Razorpay Settlement for pay_aeddf1c242da
BANK-TXN-10844,9490.72,2026-08-10,Razorpay Settlement for pay_11ae9346164a
BANK-TXN-10845,10827.04,2026-08-13,Razorpay Settlement for pay_e991aac4a9ef
BANK-TXN-10846,4626.56,2026-08-16,Razorpay Settlement for pay_303468d14688
BANK-TXN-10847,12405.37,2026-08-22,Razorpay Settlement for pay_d88f12d2a475
BANK-TXN-10848,7552.12,2026-08-04,Razorpay Settlement for pay_87db7cdfd271
BANK-TXN-10849,11178.71,2026-08-20,Razorpay Settlement for pay_cd75c5f98805
BANK-TXN-10850,13162.37,2026-08-19,Razorpay Settlement for pay_62dfbcdc91c7
BANK-TXN-10851,5888.8,2026-08-26,Razorpay Settlement for pay_44e65e2b8d49
BANK-TXN-10852,1509.4,2026-08-16,Razorpay Settlement for pay_bfe855e300ef
BANK-TXN-10853,12495.13,2026-08-03,Razorpay Settlement for pay_305ba4e32726
BANK-TXN-10854,2505.36,2026-08-18,Razorpay Settlement for pay_986c4990b11c
BANK-TXN-10855,782.25,2026-08-25,Razorpay Settlement for pay_b46adb6eabfb
BANK-TXN-10856,3590.21,2026-08-04,Razorpay Settlement for pay_bf95a83889ae
BANK-TXN-10857,7008.16,2026-08-31,Razorpay Settlement for pay_8af26cb2ee96
BANK-TXN-10858,1693.18,2026-08-04,Razorpay Settlement for pay_af2549aaa371
BANK-TXN-10859,8091.25,2026-08-25,Razorpay Settlement for pay_ef57807e3722
BANK-TXN-10860,8719.7,2026-08-22,Razorpay Settlement for pay_3c9d34824188
BANK-TXN-10861,3428.93,2026-08-10,Razorpay Settlement for pay_4ea3ae625b9c
BANK-TXN-10862,11691.4,2026-08-28,Razorpay Settlement for pay_043c327df084
BANK-TXN-10863,2597.95,2026-08-30,Razorpay Settlement for pay_585fdb87124a
BANK-TXN-10864,2375.09,2026-08-22,Razorpay Settlement for pay_97a5147f20ca
BANK-TXN-10865,1912.26,2026-08-22,Razorpay Settlement for pay_e49f4ad74a51
BANK-TXN-10866,1811.7,2026-08-27,Razorpay Settlement for pay_4e4c02b54ada
BANK-TXN-10867,8513.85,2026-08-09,Razorpay Settlement for pay_fe8c777cc531
BANK-TXN-10868,2807.27,2026-08-07,Razorpay Settlement for pay_3453d463143b
BANK-TXN-10869,12937.89,2026-08-21,Razorpay Settlement for pay_32e693214abd
BANK-TXN-10870,14595.22,2026-08-08,Razorpay Settlement for pay_feca66c92a25
BANK-TXN-10871,2265.9,2026-08-09,Razorpay Settlement for pay_56fcb2e5351a
BANK-TXN-10872,2628.63,2026-08-24,Razorpay Settlement for pay_7f13bb000ceb
BANK-TXN-10873,3529.22,2026-08-22,Razorpay Settlement for pay_2e0888846d29
BANK-TXN-10874,7777.41,2026-08-05,Razorpay Settlement for pay_90349316ecd3
BANK-TXN-10875,2769.33,2026-08-07,Razorpay Settlement for pay_f785cffb243a
BANK-TXN-10876,1900.46,2026-08-19,Razorpay Settlement for pay_5a4f1a3c7ee7
BANK-TXN-10877,12198.37,2026-08-06,Razorpay Settlement for pay_859f435b5a91
BANK-TXN-10878,826.03,2026-08-15,Razorpay Settlement for pay_04bc02de8851
BANK-TXN-10879,11344.81,2026-09-01,Razorpay Settlement for pay_72be14b772b5
BANK-TXN-10880,11241.36,2026-08-28,Razorpay Settlement for pay_41ebe0b939a2
BANK-TXN-10881,11131.0,2026-08-06,Razorpay Settlement for pay_1e76a4ab614c
BANK-TXN-10882,3935.2,2026-08-22,Razorpay Settlement for pay_8dd89609a67f
BANK-TXN-10883,7774.93,2026-08-25,Razorpay Settlement for pay_f58f2b8ec883
BANK-TXN-10884,11845.71,2026-08-22,Razorpay Settlement for pay_0182fa6fbede
BANK-TXN-10885,9646.45,2026-08-05,Razorpay Settlement for pay_174607a27476
BANK-TXN-10886,8385.98,2026-08-29,Razorpay Settlement for pay_1acd2294d39b
BANK-TXN-10887,8203.73,2026-08-14,Razorpay Settlement for pay_9d99c861a988
BANK-TXN-10888,7212.46,2026-08-13,Razorpay Settlement for pay_125af115cd23
BANK-TXN-10889,10782.08,2026-08-14,Razorpay Settlement for pay_96b8d648144b
BANK-TXN-10890,10338.81,2026-08-09,Razorpay Settlement for pay_e2b690c0042f
BANK-TXN-10891,11597.32,2026-08-08,Razorpay Settlement for pay_71b1aa7b5430
BANK-TXN-10892,11862.58,2026-08-15,Razorpay Settlement for pay_aefec5cedd4a
BANK-TXN-10893,1474.39,2026-09-01,Razorpay Settlement for pay_0a54dc0c73ff
BANK-TXN-10894,743.6,2026-08-13,Razorpay Settlement for pay_1003ceb5a9ec
BANK-TXN-10895,4350.95,2026-08-22,Razorpay Settlement for pay_33e728aa3493
BANK-TXN-10896,7366.32,2026-08-28,Razorpay Settlement for pay_1e8e86ff7ed6
BANK-TXN-10897,11855.91,2026-08-30,Razorpay Settlement for pay_39e1d5568a12
BANK-TXN-10898,7677.36,2026-08-04,Razorpay Settlement for pay_39fd920f63ec
BANK-TXN-10899,5413.67,2026-08-08,Razorpay Settlement for pay_07c10c5ebe9b
BANK-TXN-10900,5989.39,2026-08-04,Razorpay Settlement for pay_0c0c6a9eef17
BANK-TXN-10901,418.87,2026-08-20,Razorpay Settlement for pay_47f154e72a05
BANK-TXN-10902,12230.91,2026-08-19,Razorpay Settlement for pay_530b072c3833
BANK-TXN-10903,8990.7,2026-09-01,Razorpay Settlement for pay_01034f047648
BANK-TXN-10904,263.46,2026-09-01,Razorpay Settlement for pay_7a36b1626711
BANK-TXN-10905,1245.88,2026-08-18,Razorpay Settlement for pay_a97626460058
BANK-TXN-10906,7640.71,2026-09-01,Razorpay Settlement for pay_4ec2bb75ac8f
BANK-TXN-10907,10264.56,2026-08-29,Razorpay Settlement for pay_f851f67d5a58
BANK-TXN-10908,5122.44,2026-08-17,Razorpay Settlement for pay_f0bd427c93af
BANK-TXN-10909,592.69,2026-08-16,Razorpay Settlement for pay_d86e2511c4ee
BANK-TXN-10910,4775.35,2026-08-24,Razorpay Settlement for pay_6c6cce439e11
BANK-TXN-10911,12265.9,2026-08-19,Razorpay Settlement for pay_a2e7e14a9a66
BANK-TXN-10912,11056.42,2026-08-04,Razorpay Settlement for pay_94b367e49891
BANK-TXN-10913,4748.41,2026-08-19,Razorpay Settlement for pay_b17566e02930
BANK-TXN-10914,10103.79,2026-08-10,Razorpay Settlement for pay_abd658f015be
BANK-TXN-10915,10862.66,2026-08-25,Razorpay Settlement for pay_dfa6b66201d8
BANK-TXN-10916,3817.58,2026-08-09,Razorpay Settlement for pay_fe83bd63ae0e
BANK-TXN-10917,13542.4,2026-08-26,Razorpay Settlement for pay_ac98bdf660e5
BANK-TXN-10918,12495.55,2026-08-03,Razorpay Settlement for pay_e3b6b59692d2
BANK-TXN-10919,14487.68,2026-08-13,Razorpay Settlement for pay_8f011ceec324
BANK-TXN-10920,5966.85,2026-08-08,Razorpay Settlement for pay_dabba3cb39e4
BANK-TXN-10921,13824.75,2026-08-18,Razorpay Settlement for pay_2334b98173ee
BANK-TXN-10922,10074.65,2026-08-13,Razorpay Settlement for pay_bbffd30cf9d3
BANK-TXN-10923,6868.86,2026-08-06,Razorpay Settlement for pay_1583d251f294
BANK-TXN-10924,8622.94,2026-08-23,Razorpay Settlement for pay_ef67c0d7e285
BANK-TXN-10925,8152.37,2026-08-21,Razorpay Settlement for pay_2f32e28a380e
BANK-TXN-10926,5503.37,2026-08-17,Razorpay Settlement for pay_3f305cfd3f7f
BANK-TXN-10927,11022.29,2026-08-08,Razorpay Settlement for pay_eeddbe01e3e4
BANK-TXN-10928,2805.11,2026-08-14,Razorpay Settlement for pay_62b30c5f22d9
BANK-TXN-10929,1644.51,2026-08-23,Razorpay Settlement for pay_a3fb9a54bc14
BANK-TXN-10930,12615.9,2026-08-10,Razorpay Settlement for pay_9a6f7f07fd65
BANK-TXN-10931,7056.21,2026-08-28,Razorpay Settlement for pay_7eca5ef7a88a
BANK-TXN-10932,14635.62,2026-08-15,Razorpay Settlement for pay_89517e7344b9
BANK-TXN-10933,8349.26,2026-08-17,Razorpay Settlement for pay_7aa2e8819cbf
BANK-TXN-10934,1066.77,2026-08-06,Razorpay Settlement for pay_de011d8fa3e1
BANK-TXN-10935,6720.69,2026-08-28,Razorpay Settlement for pay_a76ad95dfd01
BANK-TXN-10936,8281.85,2026-08-13,Razorpay Settlement for pay_084c94f8bcd8
BANK-TXN-10937,5288.22,2026-08-02,Razorpay Settlement for pay_6e6c3ad45c91
BANK-TXN-10938,8005.51,2026-08-21,Razorpay Settlement for pay_99488234b88e
BANK-TXN-10939,7266.61,2026-08-13,Razorpay Settlement for pay_b8e3b70a149f
BANK-TXN-10940,6922.26,2026-08-14,Razorpay Settlement for pay_2955b1df9a76
BANK-TXN-10941,13663.93,2026-08-07,Razorpay Settlement for pay_8c4b680bc830
BANK-TXN-10942,12508.46,2026-08-21,Razorpay Settlement for pay_46dd88b4b22c
BANK-TXN-10943,4742.74,2026-08-07,Razorpay Settlement for pay_56ba625a1d20
BANK-TXN-10944,8708.68,2026-08-29,Razorpay Settlement for pay_49d3651f8928
BANK-TXN-10945,531.06,2026-08-07,Razorpay Settlement for pay_ec55f77d050e
BANK-TXN-10946,11070.23,2026-08-11,Razorpay Settlement for pay_dd937e292170
BANK-TXN-10947,1121.25,2026-08-14,Razorpay Settlement for pay_5f36dc807686
BANK-TXN-10948,5954.27,2026-08-03,Razorpay Settlement for pay_43bd1a6cbfe2
BANK-TXN-10949,1418.85,2026-08-11,Razorpay Settlement for pay_f5037348df71
BANK-TXN-10950,4267.44,2026-08-09,Razorpay Settlement for pay_a209acc347b3
BANK-TXN-10951,705.88,2026-08-18,Razorpay Settlement for pay_82cca31cd64f
BANK-TXN-10952,7102.15,2026-08-31,Razorpay Settlement for pay_021ac03c5799
BANK-TXN-10953,8017.83,2026-08-16,Razorpay Settlement for pay_c3105de77353
BANK-TXN-10954,8376.03,2026-08-26,Razorpay Settlement for pay_4307880ae5ea
BANK-TXN-10955,11867.48,2026-08-17,Razorpay Settlement for pay_008e80d1d1eb
BANK-TXN-10956,2454.53,2026-08-13,Razorpay Settlement for pay_8e3be9200e38
BANK-TXN-10957,4355.2,2026-08-18,Razorpay Settlement for pay_9f23863179f8
BANK-TXN-10958,7115.38,2026-09-01,Razorpay Settlement for pay_c660431b6607
BANK-TXN-10959,3549.55,2026-08-15,Razorpay Settlement for pay_b993a0796892
BANK-TXN-10960,12990.88,2026-08-13,Razorpay Settlement for pay_810ce4e8c483
BANK-TXN-10961,10887.15,2026-08-09,Razorpay Settlement for pay_3b16b29a8b38
BANK-TXN-10962,1344.85,2026-08-14,Razorpay Settlement for pay_ef1e17a715d7
BANK-TXN-10963,10260.68,2026-08-27,Razorpay Settlement for pay_24c71f699d92
BANK-TXN-10964,11926.96,2026-08-23,Razorpay Settlement for pay_e1485ca67478
BANK-TXN-10965,2177.6,2026-08-29,Razorpay Settlement for pay_5ad549e34342
BANK-TXN-10966,4143.04,2026-08-16,Razorpay Settlement for pay_5f1d9a2b2e8c
BANK-TXN-10967,915.86,2026-08-12,Razorpay Settlement for pay_fd19dfd9f266
BANK-TXN-10968,2009.57,2026-08-05,Razorpay Settlement for pay_d380b2b5cde4
BANK-TXN-10969,2381.52,2026-08-02,Razorpay Settlement for pay_25deb299d837
BANK-TXN-10970,11592.17,2026-08-12,Razorpay Settlement for pay_ee80d187acc9
BANK-TXN-10971,625.25,2026-08-17,Razorpay Settlement for pay_9dbc61c39441
BANK-TXN-10972,4061.36,2026-08-26,Razorpay Settlement for pay_6e952a938472
BANK-TXN-10973,2983.56,2026-08-19,Razorpay Settlement for pay_d9b5d6181779
BANK-TXN-10974,14331.58,2026-08-14,Razorpay Settlement for pay_8a5291288067
BANK-TXN-10975,10894.42,2026-08-26,Razorpay Settlement for pay_19ed88b28c55
BANK-TXN-10976,1534.94,2026-08-17,Razorpay Settlement for pay_7dd97d49f556
BANK-TXN-10977,13774.87,2026-08-14,Razorpay Settlement for pay_60897fb15fe3
BANK-TXN-10978,13792.35,2026-08-25,Razorpay Settlement for pay_2263e5ef590a
BANK-TXN-10979,3078.29,2026-08-18,Razorpay Settlement for pay_c21da836aad2
BANK-TXN-10980,3618.44,2026-08-23,Razorpay Settlement for pay_ad17186d46be
BANK-TXN-10981,4200.55,2026-08-02,Razorpay Settlement for pay_88e83520b64e
BANK-TXN-10982,14247.98,2026-08-27,Razorpay Settlement for pay_631c6190a3d2
BANK-TXN-10983,11375.64,2026-08-21,Razorpay Settlement for pay_243c5470bd20
BANK-TXN-10984,9168.82,2026-08-17,Razorpay Settlement for pay_3c81c42e323e
BANK-TXN-10985,10368.07,2026-08-13,Razorpay Settlement for pay_508f14eafff2
BANK-TXN-10986,14434.22,2026-08-17,Razorpay Settlement for pay_4eabb3824390
BANK-TXN-10987,2994.77,2026-08-30,Razorpay Settlement for pay_dd3f73d8b01a
BANK-TXN-10988,13230.21,2026-08-25,Razorpay Settlement for pay_95ff4bf089c9
BANK-TXN-10989,8067.81,2026-08-17,Razorpay Settlement for pay_7972d40447e4
BANK-TXN-10990,5238.53,2026-08-20,Razorpay Settlement for pay_bce3f62f80c0
BANK-TXN-10991,12659.74,2026-08-30,Razorpay Settlement for pay_9647438ca129
BANK-TXN-10992,4484.44,2026-08-18,Razorpay Settlement for pay_ad19dcd630c9
BANK-TXN-10993,11449.92,2026-08-14,Razorpay Settlement for pay_2bcddc7144c2
BANK-TXN-10994,12623.45,2026-08-07,Razorpay Settlement for pay_ed1bfe099e40
BANK-TXN-10995,14223.73,2026-08-25,Razorpay Settlement for pay_3e89d0889291
BANK-TXN-10996,11302.2,2026-08-19,Razorpay Settlement for pay_408049520627
BANK-TXN-10997,9491.67,2026-08-11,Razorpay Settlement for pay_958b43c2ccf0
BANK-TXN-10998,830.94,2026-08-18,Razorpay Settlement for pay_0f3437c3d356
BANK-TXN-10999,1748.73,2026-08-29,Razorpay Settlement for pay_3e4f210f95a9
BANK-TXN-11000,12325.69,2026-08-04,Razorpay Settlement for pay_2e44292e9ecb
BANK-TXN-11001,3848.31,2026-08-22,Razorpay Settlement for pay_b6e9abe19498
BANK-TXN-11002,385.8,2026-08-22,Razorpay Settlement for pay_577baa1b3e82
BANK-TXN-11003,11633.17,2026-08-17,Razorpay Settlement for pay_d0e821c8553d
BANK-TXN-11004,6228.99,2026-08-20,Razorpay Settlement for pay_8126e02166cf
BANK-TXN-11005,9144.0,2026-08-24,Razorpay Settlement for pay_b20db27edc66
BANK-TXN-11006,13896.53,2026-08-04,Razorpay Settlement for pay_203f53bae255
BANK-TXN-11007,5784.84,2026-08-25,Razorpay Settlement for pay_8e5b86c3e687
BANK-TXN-11008,9265.71,2026-08-23,Razorpay Settlement for pay_08b13efb1699
BANK-TXN-11009,11017.55,2026-08-25,Razorpay Settlement for pay_4aa41d63a75b
BANK-TXN-11010,6390.3,2026-08-17,Razorpay Settlement for pay_b24cc3f7e0ee
BANK-TXN-11011,6621.45,2026-08-07,Razorpay Settlement for pay_1078ecfacbcc
BANK-TXN-11012,5587.42,2026-08-19,Razorpay Settlement for pay_6b302f9e7839
BANK-TXN-11013,3687.44,2026-08-25,Razorpay Settlement for pay_f5952a1fe828
BANK-TXN-11014,10995.36,2026-08-27,Razorpay Settlement for pay_0d23c2f36657
BANK-TXN-11015,10730.45,2026-08-16,Razorpay Settlement for pay_753793276a96
BANK-TXN-11016,14604.45,2026-08-02,Razorpay Settlement for pay_dafa03ff7009
BANK-TXN-11017,12607.37,2026-08-11,Razorpay Settlement for pay_45c0df9cee23
BANK-TXN-11018,4198.49,2026-08-29,Razorpay Settlement for pay_f378f4cf1e1b
BANK-TXN-11019,2460.18,2026-08-03,Razorpay Settlement for pay_08ed02857d7b
BANK-TXN-11020,3575.34,2026-08-30,Razorpay Settlement for pay_d5c103e10a8a
BANK-TXN-11021,13508.96,2026-08-20,Razorpay Settlement for pay_1b9c56377d66
BANK-TXN-11022,7277.96,2026-08-13,Razorpay Settlement for pay_9f3507ad991d
BANK-TXN-11023,10795.37,2026-08-22,Razorpay Settlement for pay_c7d382fe5e64
BANK-TXN-11024,11377.15,2026-08-26,Razorpay Settlement for pay_5e6b89f47b38
BANK-TXN-11025,12783.02,2026-08-15,Razorpay Settlement for pay_01cd411d57d0
BANK-TXN-11026,361.85,2026-08-22,Razorpay Settlement for pay_b71e8917f1e9
BANK-TXN-11027,4827.36,2026-08-11,Razorpay Settlement for pay_68ce338ea0b4
BANK-TXN-11028,2417.97,2026-08-19,Razorpay Settlement for pay_78e137f33fea
BANK-TXN-11029,7516.59,2026-08-27,Razorpay Settlement for pay_bd74260fa07b
BANK-TXN-11030,2113.27,2026-08-11,Razorpay Settlement for pay_3495de592df4
BANK-TXN-11031,8021.72,2026-08-21,Razorpay Settlement for pay_85c00fb4017c
BANK-TXN-11032,11419.56,2026-08-14,Razorpay Settlement for pay_8e12ef4f0e87
BANK-TXN-11033,3069.37,2026-08-06,Razorpay Settlement for pay_ff8b781ec1a3
BANK-TXN-11034,9130.41,2026-08-20,Razorpay Settlement for pay_e60780707d96
BANK-TXN-11035,6433.67,2026-08-04,Razorpay Settlement for pay_c7439a7c5e2a
BANK-TXN-11036,547.09,2026-08-14,Razorpay Settlement for pay_faa5dfc721e7
BANK-TXN-11037,14557.27,2026-08-13,Razorpay Settlement for pay_319a68b4e74f
BANK-TXN-11038,13600.79,2026-08-06,Razorpay Settlement for pay_953124e2d1e9
BANK-TXN-11039,11182.93,2026-08-23,Razorpay Settlement for pay_a133fdcb012b
BANK-TXN-11040,13959.44,2026-08-25,Razorpay Settlement for pay_d01145ec8229
BANK-TXN-11041,5174.81,2026-08-28,Razorpay Settlement for pay_b875cba80ceb
BANK-TXN-11042,5009.54,2026-08-17,Razorpay Settlement for pay_be5efe90960d
BANK-TXN-11043,10330.75,2026-08-25,Razorpay Settlement for pay_fc7c320141e5
BANK-TXN-11044,826.66,2026-08-21,Razorpay Settlement for pay_d8374cca1368
BANK-TXN-11045,10298.42,2026-08-11,Razorpay Settlement for pay_33fda3bf243f
BANK-TXN-11046,1161.94,2026-08-17,Razorpay Settlement for pay_da123ca4364d
BANK-TXN-11047,12731.55,2026-08-30,Razorpay Settlement for pay_bb2c3b64c212
BANK-TXN-11048,3548.87,2026-08-29,Razorpay Settlement for pay_9f6132796ca8
BANK-TXN-11049,4698.34,2026-08-24,Razorpay Settlement for pay_afcb3aa5b57a
BANK-TXN-11050,8328.22,2026-08-08,Razorpay Settlement for pay_8f0e9aeb4155
BANK-TXN-11051,4972.07,2026-08-09,Razorpay Settlement for pay_598956d628c4
BANK-TXN-11052,10121.25,2026-08-07,Razorpay Settlement for pay_e5903be59d1d
BANK-TXN-11053,4197.34,2026-08-11,Razorpay Settlement for pay_47089ac12618
BANK-TXN-11054,14699.3,2026-08-10,Razorpay Settlement for pay_52014ba47907
BANK-TXN-11055,2334.66,2026-09-01,Razorpay Settlement for pay_2ec6a9ec1c3b
BANK-TXN-11056,5739.54,2026-08-06,Razorpay Settlement for pay_82bad11c2155
BANK-TXN-11057,6381.45,2026-08-09,Razorpay Settlement for pay_fd24fc9e7ace
BANK-TXN-11058,2107.23,2026-08-13,Razorpay Settlement for pay_2c48758481ec
BANK-TXN-11059,3130.31,2026-08-20,Razorpay Settlement for pay_735ce8487415
BANK-TXN-11060,7793.27,2026-08-25,Razorpay Settlement for pay_4aa6ee318eda
BANK-TXN-11061,13728.66,2026-08-31,Razorpay Settlement for pay_af025648cc2c
BANK-TXN-11062,623.62,2026-08-12,Razorpay Settlement for pay_1881adfbe95b
BANK-TXN-11063,6621.34,2026-09-01,Razorpay Settlement for pay_8e9f38990ed1
BANK-TXN-11064,2103.94,2026-08-26,Razorpay Settlement for pay_da29d70a53c8
BANK-TXN-11065,8979.69,2026-08-22,Razorpay Settlement for pay_3da69b52c067
BANK-TXN-11066,574.33,2026-08-09,Razorpay Settlement for pay_6756a1f4ca82
BANK-TXN-11067,7481.71,2026-08-26,Razorpay Settlement for pay_a7e03c72b5e9
BANK-TXN-11068,3477.86,2026-08-06,Razorpay Settlement for pay_501dcfa2d7bf
BANK-TXN-11069,3423.92,2026-08-02,Razorpay Settlement for pay_50b3b1e291c5
BANK-TXN-11070,13642.71,2026-08-08,Razorpay Settlement for pay_a7f6ab92692f
BANK-TXN-11071,4908.29,2026-08-21,Razorpay Settlement for pay_3cb65605aaa5
BANK-TXN-11072,802.65,2026-08-15,Razorpay Settlement for pay_e18dbf678c1d
BANK-TXN-11073,13817.27,2026-08-12,Razorpay Settlement for pay_018173cae946
BANK-TXN-11074,12190.95,2026-08-05,Razorpay Settlement for pay_54fcc9dcfd1a
BANK-TXN-11075,14465.48,2026-08-19,Razorpay Settlement for pay_1e0dfb4df3ce
BANK-TXN-11076,9342.93,2026-08-14,Razorpay Settlement for pay_033dba98e8e6
BANK-TXN-11077,13023.3,2026-08-11,Razorpay Settlement for pay_7e51e4e44882
BANK-TXN-11078,9088.9,2026-08-07,Razorpay Settlement for pay_910bdc5d6080
BANK-TXN-11079,12232.77,2026-08-18,Razorpay Settlement for pay_7ee5d576fbd7
BANK-TXN-11080,2803.41,2026-08-25,Razorpay Settlement for pay_bfa377b92c90
BANK-TXN-11081,557.33,2026-08-15,Razorpay Settlement for pay_111451f41318
BANK-TXN-11082,3124.82,2026-08-31,Razorpay Settlement for pay_830556d6a6d8
BANK-TXN-11083,9602.95,2026-08-10,Razorpay Settlement for pay_eb75f3016270
BANK-TXN-11084,1851.85,2026-08-25,Razorpay Settlement for pay_4c8dfa30a1fd
BANK-TXN-11085,10454.38,2026-08-13,Razorpay Settlement for pay_fc03e56e7e55
BANK-TXN-11086,11338.84,2026-08-19,Razorpay Settlement for pay_94629faa46f4
BANK-TXN-11087,2372.9,2026-08-29,Razorpay Settlement for pay_de12085c5f82
BANK-TXN-11088,6281.61,2026-08-27,Razorpay Settlement for pay_0a3d70875050
BANK-TXN-11089,9282.07,2026-08-26,Razorpay Settlement for pay_5a8394600661
BANK-TXN-11090,9209.68,2026-09-01,Razorpay Settlement for pay_eab9c36e4a2b
BANK-TXN-11091,7314.61,2026-08-17,Razorpay Settlement for pay_6dcee94c325d
BANK-TXN-11092,8916.05,2026-08-15,Razorpay Settlement for pay_68a4061271ce
BANK-TXN-11093,9185.09,2026-08-31,Razorpay Settlement for pay_ac11f1b48b00
BANK-TXN-11094,9671.13,2026-08-07,Razorpay Settlement for pay_84cf4e65d33e
BANK-TXN-11095,8580.65,2026-08-29,Razorpay Settlement for pay_68f70c642963
BANK-TXN-11096,1775.31,2026-08-31,Razorpay Settlement for pay_b1cd9bcdad91
BANK-TXN-11097,9782.05,2026-08-23,Razorpay Settlement for pay_380ae52018fc
BANK-TXN-11098,13680.16,2026-08-25,Razorpay Settlement for pay_423e8b68c213
BANK-TXN-11099,13213.77,2026-08-11,Razorpay Settlement for pay_0e8ade54807e
BANK-TXN-11100,4443.24,2026-08-15,Razorpay Settlement for pay_87942a56b946
BANK-TXN-11101,7720.37,2026-08-24,Razorpay Settlement for pay_d62d18e5c6a7
BANK-TXN-11102,1781.32,2026-08-08,Razorpay Settlement for pay_3fb1c78ab3c6
BANK-TXN-11103,13741.17,2026-08-26,Razorpay Settlement for pay_17d00ce1b95e
BANK-TXN-11104,7816.27,2026-08-21,Razorpay Settlement for pay_b2ec6f64e5bd
BANK-TXN-11105,7733.82,2026-08-22,Razorpay Settlement for pay_77e2f9a8b339
BANK-TXN-11106,9034.83,2026-08-27,Razorpay Settlement for pay_065a1bd6a1f9
BANK-TXN-11107,8980.83,2026-08-29,Razorpay Settlement for pay_c44124e29f55
BANK-TXN-11108,8324.27,2026-08-03,Razorpay Settlement for pay_9be6a7901aa8
BANK-TXN-11109,4280.72,2026-08-22,Razorpay Settlement for pay_1b7d39431775
BANK-TXN-11110,4894.19,2026-08-11,Razorpay Settlement for pay_81dd936ff14a
BANK-TXN-11111,5940.3,2026-08-23,Razorpay Settlement for pay_4d3663ccc673
BANK-TXN-11112,12289.8,2026-08-07,Razorpay Settlement for pay_0abc15c7fcfa
BANK-TXN-11113,2164.98,2026-08-27,Razorpay Settlement for pay_4f9494413acb
BANK-TXN-11114,5056.43,2026-08-17,Razorpay Settlement for pay_2e3a5be37a62
BANK-TXN-11115,8389.93,2026-08-04,Razorpay Settlement for pay_1f78e319db75
BANK-TXN-11116,8570.58,2026-08-19,Razorpay Settlement for pay_26680c47e30c
BANK-TXN-11117,14259.27,2026-08-31,Razorpay Settlement for pay_6ddb72eafea8
BANK-TXN-11118,9229.36,2026-08-02,Razorpay Settlement for pay_b40560586b46
BANK-TXN-11119,8828.66,2026-08-21,Razorpay Settlement for pay_1a721b308e5a
BANK-TXN-11120,654.74,2026-08-29,Razorpay Settlement for pay_9721a6b19feb
BANK-TXN-11121,6750.45,2026-08-17,Razorpay Settlement for pay_8e69b9bcb68b
BANK-TXN-11122,1823.8,2026-08-18,Razorpay Settlement for pay_bd8906d86585
BANK-TXN-11123,7534.95,2026-08-08,Razorpay Settlement for pay_dcd72d7f563b
BANK-TXN-11124,13592.42,2026-08-06,Razorpay Settlement for pay_2c9c636826d2
BANK-TXN-11125,12840.57,2026-08-12,Razorpay Settlement for pay_10c2e9c1934b
BANK-TXN-11126,5817.58,2026-08-25,Razorpay Settlement for pay_e434b82277c6
BANK-TXN-11127,12497.2,2026-08-11,Razorpay Settlement for pay_bb986e5bc0de
BANK-TXN-11128,7746.46,2026-08-16,Razorpay Settlement for pay_b5ab8a1ce568
BANK-TXN-11129,13135.54,2026-08-20,Razorpay Settlement for pay_db0a3241985b
BANK-TXN-11130,7913.65,2026-08-08,Razorpay Settlement for pay_5f9d1d714b25
BANK-TXN-11131,7651.94,2026-09-01,Razorpay Settlement for pay_16798d6b9821
BANK-TXN-11132,4127.34,2026-08-13,Razorpay Settlement for pay_6ccff1e7b7a9
BANK-TXN-11133,4712.22,2026-08-09,Razorpay Settlement for pay_b59bbfe1ef93
BANK-TXN-11134,616.51,2026-08-16,Razorpay Settlement for pay_54eb2fa93267
BANK-TXN-11135,6381.46,2026-08-14,Razorpay Settlement for pay_6baa05522480
BANK-TXN-11136,12323.87,2026-08-22,Razorpay Settlement for pay_2c8a520be601
BANK-TXN-11137,12052.18,2026-08-13,Razorpay Settlement for pay_41874a7abd28
BANK-TXN-11138,2107.56,2026-08-26,Razorpay Settlement for pay_2a95e5b6eb3c
BANK-TXN-11139,9542.65,2026-08-16,Razorpay Settlement for pay_4cd6e02207ca
BANK-TXN-11140,12685.34,2026-08-09,Razorpay Settlement for pay_e556fc6d873d
BANK-TXN-11141,13500.0,2026-08-14,Razorpay Settlement for pay_ac4f9c3d705f
BANK-TXN-11142,7266.8,2026-08-29,Razorpay Settlement for pay_c35080907d93
BANK-TXN-11143,8531.14,2026-08-26,Razorpay Settlement for pay_8820a9823efb
BANK-TXN-11144,1747.65,2026-08-29,Razorpay Settlement for pay_52ad56259216
BANK-TXN-11145,6009.44,2026-08-11,Razorpay Settlement for pay_35d246dda882
BANK-TXN-11146,2502.43,2026-08-21,Razorpay Settlement for pay_33961b15e03c
BANK-TXN-11147,12001.03,2026-08-04,Razorpay Settlement for pay_cdee8b4e2956
BANK-TXN-11148,5159.28,2026-08-16,Razorpay Settlement for pay_bd96c834322a
BANK-TXN-11149,10919.78,2026-08-24,Razorpay Settlement for pay_b0e0dd249b55
BANK-TXN-11150,4915.29,2026-08-21,Razorpay Settlement for pay_ce4ed41440bd
BANK-TXN-11151,14060.14,2026-08-16,Razorpay Settlement for pay_9c0e2d773c52
BANK-TXN-11152,8846.26,2026-08-06,Razorpay Settlement for pay_e1111fd9c025
BANK-TXN-11153,1087.74,2026-08-18,Razorpay Settlement for pay_c209f5677716
BANK-TXN-11154,11146.35,2026-08-07,Razorpay Settlement for pay_0b6782c35cb8
BANK-TXN-11155,6765.94,2026-08-07,Razorpay Settlement for pay_52e73fb74063
BANK-TXN-11156,3033.95,2026-08-21,Razorpay Settlement for pay_995fb857969f
BANK-TXN-11157,13517.94,2026-08-21,Razorpay Settlement for pay_72c2a6dbd76a
BANK-TXN-11158,8647.87,2026-08-31,Razorpay Settlement for pay_3a8093e99cee
BANK-TXN-11159,5551.21,2026-08-06,Razorpay Settlement for pay_bca32b2977fd
BANK-TXN-11160,14170.74,2026-08-24,Razorpay Settlement for pay_6174a7a497bd
BANK-TXN-11161,6358.76,2026-08-11,Razorpay Settlement for pay_d15558076a70
BANK-TXN-11162,6085.09,2026-08-13,Razorpay Settlement for pay_abb732150ba7
BANK-TXN-11163,7083.54,2026-08-09,Razorpay Settlement for pay_f8d2837915a3
BANK-TXN-11164,6247.59,2026-08-14,Razorpay Settlement for pay_8e51df488242
BANK-TXN-11165,364.29,2026-08-23,Razorpay Settlement for pay_c72bee914530
BANK-TXN-11166,6530.41,2026-08-25,Razorpay Settlement for pay_78d9a86ddc3f
BANK-TXN-11167,6227.57,2026-08-07,Razorpay Settlement for pay_86e8989e5974
BANK-TXN-11168,6370.41,2026-08-25,Razorpay Settlement for pay_662274950a4d
BANK-TXN-11169,12090.32,2026-08-18,Razorpay Settlement for pay_8ce4a08e4c13
BANK-TXN-11170,8964.73,2026-08-09,Razorpay Settlement for pay_178e2517f5a4
BANK-TXN-11171,7473.08,2026-08-25,Razorpay Settlement for pay_98a1ebc3351b
BANK-TXN-11172,14384.3,2026-08-20,Razorpay Settlement for pay_095004dfc8b2
BANK-TXN-11173,7180.16,2026-08-13,Razorpay Settlement for pay_302751c6c718
BANK-TXN-11174,14461.83,2026-08-26,Razorpay Settlement for pay_f6f5ebbc4bc2
BANK-TXN-11175,13103.33,2026-08-18,Razorpay Settlement for pay_1c75005d2ad1
BANK-TXN-11176,9822.84,2026-08-17,Razorpay Settlement for pay_9cd79a9a08ce
BANK-TXN-11177,8602.93,2026-08-22,Razorpay Settlement for pay_4a398615d5af
BANK-TXN-11178,6781.32,2026-08-19,Razorpay Settlement for pay_70e897cb3d84
BANK-TXN-11179,5314.68,2026-08-25,Razorpay Settlement for pay_559269e26f3c
BANK-TXN-11180,13581.22,2026-08-07,Razorpay Settlement for pay_41fe108a2311
BANK-TXN-11181,1086.8,2026-08-28,Razorpay Settlement for pay_5f3375de0a36
BANK-TXN-11182,9715.26,2026-08-07,Razorpay Settlement for pay_3ab6c0873b42
BANK-TXN-11183,4355.97,2026-08-25,Razorpay Settlement for pay_b94dfc883e87
BANK-TXN-11184,11563.7,2026-08-18,Razorpay Settlement for pay_9f68251e4b47
BANK-TXN-11185,13396.55,2026-08-05,Razorpay Settlement for pay_07f7153afe8c
BANK-TXN-11186,2698.05,2026-08-16,Razorpay Settlement for pay_f63a1119186e
BANK-TXN-11187,675.95,2026-08-08,Razorpay Settlement for pay_10f2d3f6d24f
BANK-TXN-11188,7389.23,2026-08-21,Razorpay Settlement for pay_894501e43f25
BANK-TXN-11189,6580.45,2026-08-14,Razorpay Settlement for pay_7f506be7ed07
BANK-TXN-11190,5200.98,2026-08-21,Razorpay Settlement for pay_99e1ec82a3b0
BANK-TXN-11191,2626.88,2026-08-28,Razorpay Settlement for pay_9248145a2b06
BANK-TXN-11192,13949.45,2026-08-11,Razorpay Settlement for pay_460a8926505d
BANK-TXN-11193,7079.45,2026-08-24,Razorpay Settlement for pay_8e86adce7fbc
BANK-TXN-11194,4384.64,2026-08-29,Razorpay Settlement for pay_3ad14abf9d77
BANK-TXN-11195,10100.44,2026-08-23,Razorpay Settlement for pay_1a84352b6417
BANK-TXN-11196,5246.38,2026-08-31,Razorpay Settlement for pay_d71e559810a1
BANK-TXN-11197,4149.65,2026-09-01,Razorpay Settlement for pay_276bb02ae136
BANK-TXN-11198,9686.59,2026-08-27,Razorpay Settlement for pay_c3d4a09fdb59
BANK-TXN-11199,3703.03,2026-08-27,Razorpay Settlement for pay_5e2dd8cee853
BANK-TXN-11200,14601.59,2026-08-12,Razorpay Settlement for pay_94a9466515d0
BANK-TXN-11201,12258.82,2026-08-03,Razorpay Settlement for pay_30c55a3c03d9
BANK-TXN-11202,10138.48,2026-08-06,Razorpay Settlement for pay_0cd8c1c1ac90
BANK-TXN-11203,2996.43,2026-08-25,Razorpay Settlement for pay_2a769e61d5f3
BANK-TXN-11204,9719.4,2026-08-04,Razorpay Settlement for pay_7cc8bb62bbf8
BANK-TXN-11205,14087.86,2026-08-22,Razorpay Settlement for pay_d4414748b3f7
BANK-TXN-11206,9716.35,2026-08-21,Razorpay Settlement for pay_d5423a988990
BANK-TXN-11207,4455.37,2026-08-24,Razorpay Settlement for pay_d828a7622ea8
BANK-TXN-11208,6388.96,2026-08-16,Razorpay Settlement for pay_61f1d1cb1752
BANK-TXN-11209,11467.15,2026-08-07,Razorpay Settlement for pay_7d2179ad55ae
BANK-TXN-11210,13840.96,2026-08-12,Razorpay Settlement for pay_0b0a4abaf032
BANK-TXN-11211,14397.42,2026-08-16,Razorpay Settlement for pay_c1f991a6fab8
BANK-TXN-11212,7220.56,2026-08-14,Razorpay Settlement for pay_c29d99f8ef7d
BANK-TXN-11213,9100.97,2026-08-26,Razorpay Settlement for pay_589be4bb74bb
BANK-TXN-11214,602.51,2026-08-24,Razorpay Settlement for pay_bea7dc6164b0
BANK-TXN-11215,6663.07,2026-08-25,Razorpay Settlement for pay_c39e48efc260
BANK-TXN-11216,13316.57,2026-08-07,Razorpay Settlement for pay_562201181bb1
BANK-TXN-11217,6420.77,2026-08-25,Razorpay Settlement for pay_4200a4a85232
BANK-TXN-11218,14035.07,2026-08-09,Razorpay Settlement for pay_69fc45a77dc5
BANK-TXN-11219,14578.19,2026-08-20,Razorpay Settlement for pay_0ccb683fb7a1
BANK-TXN-11220,9366.48,2026-08-11,Razorpay Settlement for pay_ed105a3c8fd1
BANK-TXN-11221,12396.5,2026-08-19,Razorpay Settlement for pay_1f22258f4cd7
BANK-TXN-11222,766.46,2026-08-08,Razorpay Settlement for pay_c448311cb489
BANK-TXN-11223,5854.08,2026-08-08,Razorpay Settlement for pay_082015d51b0d
BANK-TXN-11224,1426.84,2026-08-24,Razorpay Settlement for pay_e24b2eb345a7
BANK-TXN-11225,2996.61,2026-08-08,Razorpay Settlement for pay_eed529ecb429
BANK-TXN-11226,8036.17,2026-08-14,Razorpay Settlement for pay_80fd125d70db
BANK-TXN-11227,733.27,2026-08-20,Razorpay Settlement for pay_3455d71e7f2b
BANK-TXN-11228,6077.49,2026-08-28,Razorpay Settlement for pay_26601f579e2a
BANK-TXN-11229,6844.2,2026-08-23,Razorpay Settlement for pay_d5e726b8e759
BANK-TXN-11230,1240.78,2026-08-20,Razorpay Settlement for pay_3e15f73e3b6e
BANK-TXN-11231,13353.73,2026-08-22,Razorpay Settlement for pay_a43a0a4fb693
BANK-TXN-11232,404.36,2026-08-25,Razorpay Settlement for pay_88035f186837
BANK-TXN-11233,7406.57,2026-08-28,Razorpay Settlement for pay_e2df6510f5b0
BANK-TXN-11234,5088.83,2026-08-27,Razorpay Settlement for pay_bb663ce669a9
BANK-TXN-11235,8113.51,2026-08-06,Razorpay Settlement for pay_0f7ffccbc664
BANK-TXN-11236,857.19,2026-09-01,Razorpay Settlement for pay_c6254ad342ab
BANK-TXN-11237,2244.49,2026-08-04,Razorpay Settlement for pay_23402522d7c5
BANK-TXN-11238,2589.25,2026-08-24,Razorpay Settlement for pay_d2c482294688
BANK-TXN-11239,11669.42,2026-08-03,Razorpay Settlement for pay_9dabb85ff99a
BANK-TXN-11240,7258.98,2026-08-07,Razorpay Settlement for pay_83c8db4595f6
BANK-TXN-11241,9649.07,2026-08-07,Razorpay Settlement for pay_f8a4e0280f84
BANK-TXN-11242,2036.45,2026-08-24,Razorpay Settlement for pay_252f8bbb2c0d
BANK-TXN-11243,6172.1,2026-08-11,Razorpay Settlement for pay_b40c9ef47fa3
BANK-TXN-11244,2806.73,2026-08-24,Razorpay Settlement for pay_66c3c79d5935
BANK-TXN-11245,11996.84,2026-09-01,Razorpay Settlement for pay_6df2c067d9b3
BANK-TXN-11246,3613.71,2026-08-15,Razorpay Settlement for pay_26df6246fbed
BANK-TXN-11247,12709.05,2026-08-06,Razorpay Settlement for pay_6b333f66f3f4
BANK-TXN-11248,3165.21,2026-08-27,Razorpay Settlement for pay_dac5e6837d29
BANK-TXN-11249,12346.82,2026-08-05,Razorpay Settlement for pay_0a72b4f4a5ad
BANK-TXN-11250,13578.45,2026-08-07,Razorpay Settlement for pay_fd870ade8247
BANK-TXN-11251,6500.48,2026-08-13,Razorpay Settlement for pay_876d3752a30e
BANK-TXN-11252,1710.52,2026-08-27,Razorpay Settlement for pay_d62ff3ab637f
BANK-TXN-11253,617.57,2026-08-07,Razorpay Settlement for pay_0449025c02c5
BANK-TXN-11254,6647.68,2026-08-30,Razorpay Settlement for pay_bac783d8f803
BANK-TXN-11255,13226.0,2026-08-09,Razorpay Settlement for pay_c27107c5882f
BANK-TXN-11256,1618.32,2026-08-05,Razorpay Settlement for pay_2e64fbc00364
BANK-TXN-11257,3344.51,2026-08-08,Razorpay Settlement for pay_a63e688b1855
BANK-TXN-11258,6418.02,2026-08-17,Razorpay Settlement for pay_a2c107c63d47
BANK-TXN-11259,5613.03,2026-08-16,Razorpay Settlement for pay_d4d61d436335
BANK-TXN-11260,14345.47,2026-08-09,Razorpay Settlement for pay_2f8917131421
BANK-TXN-11261,8443.92,2026-08-06,Razorpay Settlement for pay_109b1cae5f8d
BANK-TXN-11262,6261.92,2026-08-05,Razorpay Settlement for pay_66b6edeaa893
BANK-TXN-11263,2470.05,2026-08-30,Razorpay Settlement for pay_e987180382b2
BANK-TXN-11264,6167.24,2026-08-19,Razorpay Settlement for pay_816e2b931807
BANK-TXN-11265,12852.17,2026-08-25,Razorpay Settlement for pay_715f7eb89fc6
BANK-TXN-11266,13130.99,2026-08-16,Razorpay Settlement for pay_89699a0dfe40
BANK-TXN-11267,14412.59,2026-08-30,Razorpay Settlement for pay_1da50f22132b
BANK-TXN-11268,6370.32,2026-08-25,Razorpay Settlement for pay_1097463ba364
BANK-TXN-11269,1617.38,2026-08-28,Razorpay Settlement for pay_1ec8635cc01b
BANK-TXN-11270,376.18,2026-08-05,Razorpay Settlement for pay_7bdb8f091c94
BANK-TXN-11271,3663.36,2026-08-06,Razorpay Settlement for pay_dbe66dc8496d
BANK-TXN-11272,2542.79,2026-08-18,Razorpay Settlement for pay_3ee1c73635b2
BANK-TXN-11273,550.09,2026-08-21,Razorpay Settlement for pay_267afec0a3f7
BANK-TXN-11274,10394.27,2026-08-26,Razorpay Settlement for pay_218d439bfb82
BANK-TXN-11275,6930.15,2026-08-29,Razorpay Settlement for pay_0f13f13070a3
BANK-TXN-11276,13154.37,2026-08-22,Razorpay Settlement for pay_5f6185f585a1
BANK-TXN-11277,11115.89,2026-08-03,Razorpay Settlement for pay_827c2a813cff
BANK-TXN-11278,12773.26,2026-08-23,Razorpay Settlement for pay_9ee9b4566097
BANK-TXN-11279,13075.23,2026-09-01,Razorpay Settlement for pay_50662b5f8a3a
BANK-TXN-11280,776.77,2026-08-13,Razorpay Settlement for pay_ae40ded63014
BANK-TXN-11281,1149.98,2026-08-22,Razorpay Settlement for pay_bfcd2233d81e
BANK-TXN-11282,1843.04,2026-08-12,Razorpay Settlement for pay_b6bcfca7331c
BANK-TXN-11283,14106.85,2026-09-01,Razorpay Settlement for pay_fe93052d8c2a
BANK-TXN-11284,5311.73,2026-08-25,Razorpay Settlement for pay_154e67af5b6e
BANK-TXN-11285,985.89,2026-08-23,Razorpay Settlement for pay_c593e4668046
BANK-TXN-11286,7835.0,2026-08-16,Razorpay Settlement for pay_f30f8201a052
BANK-TXN-11287,12167.3,2026-08-24,Razorpay Settlement for pay_839a4d43b965
BANK-TXN-11288,9961.64,2026-08-21,Razorpay Settlement for pay_090d5e5a5ec8
BANK-TXN-11289,1358.79,2026-08-30,Razorpay Settlement for pay_071bd4a9f0a6
BANK-TXN-11290,2585.77,2026-09-01,Razorpay Settlement for pay_d286e09f8da0
BANK-TXN-11291,12886.9,2026-08-06,Razorpay Settlement for pay_7e511512ddf9
BANK-TXN-11292,13709.69,2026-08-16,Razorpay Settlement for pay_04dc51091226
BANK-TXN-11293,9546.5,2026-08-15,Razorpay Settlement for pay_59c3eb4a3703
BANK-TXN-11294,11828.05,2026-08-04,Razorpay Settlement for pay_53501036f1a9
BANK-TXN-11295,9566.33,2026-08-20,Razorpay Settlement for pay_30dc883648c9
BANK-TXN-11296,7885.53,2026-08-21,Razorpay Settlement for pay_3c39b457d36c
BANK-TXN-11297,13224.68,2026-08-11,Razorpay Settlement for pay_5b25eb20fdeb
BANK-TXN-11298,7219.46,2026-08-27,Razorpay Settlement for pay_e843ca8b9a8c
BANK-TXN-11299,5317.67,2026-08-29,Razorpay Settlement for pay_6eab3a0b3c94
BANK-TXN-11300,7960.24,2026-08-21,Razorpay Settlement for pay_eaf866725cf0
BANK-TXN-11301,13317.93,2026-08-29,Razorpay Settlement for pay_dc09a711f70a
BANK-TXN-11302,14609.68,2026-08-09,Razorpay Settlement for pay_20d2c23e5c9e
BANK-TXN-11303,3171.57,2026-08-10,Razorpay Settlement for pay_207fc6ef0af2
BANK-TXN-11304,5604.76,2026-08-12,Razorpay Settlement for pay_7baa0a63dd08
BANK-TXN-11305,557.51,2026-08-11,Razorpay Settlement for pay_324578135e1e
BANK-TXN-11306,4840.45,2026-08-06,Razorpay Settlement for pay_a0bccc056bac
BANK-TXN-11307,9583.63,2026-08-20,Razorpay Settlement for pay_bb75bdbfff6a
BANK-TXN-11308,14419.93,2026-08-30,Razorpay Settlement for pay_8492d807c403
BANK-TXN-11309,13572.92,2026-08-21,Razorpay Settlement for pay_e28a8c90866d
BANK-TXN-11310,13252.13,2026-08-06,Razorpay Settlement for pay_631c989791b8
BANK-TXN-11311,555.63,2026-08-19,Razorpay Settlement for pay_766b50babcc4
BANK-TXN-11312,994.21,2026-08-13,Razorpay Settlement for pay_3b403f73e8e3
BANK-TXN-11313,13766.88,2026-08-18,Razorpay Settlement for pay_ddc04c6fd828
BANK-TXN-11314,12516.44,2026-08-02,Razorpay Settlement for pay_2fadbd80941e
BANK-TXN-11315,4804.76,2026-08-14,Razorpay Settlement for pay_dfcdbf4bee77
BANK-TXN-11316,10580.33,2026-08-13,Razorpay Settlement for pay_f44b4b3f3cb0
BANK-TXN-11317,4324.57,2026-08-14,Razorpay Settlement for pay_90e519bcad22
BANK-TXN-11318,3324.44,2026-08-16,Razorpay Settlement for pay_8bd2a28310b1
BANK-TXN-11319,2571.62,2026-08-15,Razorpay Settlement for pay_699b2c305721
BANK-TXN-11320,12302.53,2026-08-30,Razorpay Settlement for pay_c34208fd10c5
BANK-TXN-11321,14531.5,2026-08-08,Razorpay Settlement for pay_8d024bc8205c
BANK-TXN-11322,5559.78,2026-08-31,Razorpay Settlement for pay_3d34c8ada9a7
BANK-TXN-11323,2732.65,2026-08-22,Razorpay Settlement for pay_09e995539d5b
BANK-TXN-11324,2893.83,2026-08-20,Razorpay Settlement for pay_84ad5ff75adf
BANK-TXN-11325,8307.81,2026-08-20,Razorpay Settlement for pay_223b3e5d3ce9
BANK-TXN-11326,4005.87,2026-08-02,Razorpay Settlement for pay_65ca2755a036
BANK-TXN-11327,4368.64,2026-08-22,Razorpay Settlement for pay_0183860e4237
BANK-TXN-11328,3745.85,2026-09-01,Razorpay Settlement for pay_8e5046c568a2
BANK-TXN-11329,8882.32,2026-08-10,Razorpay Settlement for pay_f1eaf0987e5e
BANK-TXN-11330,12790.49,2026-08-18,Razorpay Settlement for pay_3e0f89cdacd0
BANK-TXN-11331,7629.67,2026-08-28,Razorpay Settlement for pay_499ae34ecaf0
BANK-TXN-11332,1044.63,2026-08-10,Razorpay Settlement for pay_e688001f99a8
BANK-TXN-11333,13425.17,2026-08-13,Razorpay Settlement for pay_7df2c91203fc
BANK-TXN-11334,9463.28,2026-08-11,Razorpay Settlement for pay_4c36f6fb4d9a
BANK-TXN-11335,11287.05,2026-08-09,Razorpay Settlement for pay_8789acc91d79
BANK-TXN-11336,12261.21,2026-08-12,Razorpay Settlement for pay_4606cf101169
BANK-TXN-11337,5454.03,2026-08-24,Razorpay Settlement for pay_92512ba14288
BANK-TXN-11338,7711.55,2026-08-06,Razorpay Settlement for pay_844beca67d65
BANK-TXN-11339,13552.84,2026-08-18,Razorpay Settlement for pay_b080799839ed
BANK-TXN-11340,3403.03,2026-08-08,Razorpay Settlement for pay_33fd21a61ee0
BANK-TXN-11341,10198.72,2026-08-31,Razorpay Settlement for pay_e82c9e5f340b
BANK-TXN-11342,12072.52,2026-08-16,Razorpay Settlement for pay_3f5441bdd3fb
BANK-TXN-11343,5325.86,2026-08-13,Razorpay Settlement for pay_884b3b551bee
BANK-TXN-11344,10492.31,2026-08-18,Razorpay Settlement for pay_914b9bd30acc
BANK-TXN-11345,2062.87,2026-08-28,Razorpay Settlement for pay_cbe563d036c9
BANK-TXN-11346,3239.54,2026-08-09,Razorpay Settlement for pay_58c96249c81d
BANK-TXN-11347,468.76,2026-08-24,Razorpay Settlement for pay_99193bc6e5d1
BANK-TXN-11348,1735.33,2026-08-15,Razorpay Settlement for pay_48712b27ac1b
BANK-TXN-11349,1156.85,2026-08-05,Razorpay Settlement for pay_b89fba1f345e
BANK-TXN-11350,8870.0,2026-08-05,Razorpay Settlement for pay_9ea4d90730cb
BANK-TXN-11351,1512.66,2026-08-23,Razorpay Settlement for pay_6ef928f27ede
BANK-TXN-11352,12598.92,2026-08-13,Razorpay Settlement for pay_1f79394445dc
BANK-TXN-11353,12079.91,2026-08-20,Razorpay Settlement for pay_e22e24a9b263
BANK-TXN-11354,14181.68,2026-08-09,Razorpay Settlement for pay_a069174b9613
BANK-TXN-11355,1627.34,2026-08-19,Razorpay Settlement for pay_97aa4850b5a6
BANK-TXN-11356,5511.18,2026-08-30,Razorpay Settlement for pay_5aad526cd79f
BANK-TXN-11357,12303.1,2026-08-23,Razorpay Settlement for pay_a82092e49d26
BANK-TXN-11358,6107.51,2026-08-08,Razorpay Settlement for pay_a13bbc4ac665
BANK-TXN-11359,2167.27,2026-08-16,Razorpay Settlement for pay_68b876b02bbc
BANK-TXN-11360,784.99,2026-08-11,Razorpay Settlement for pay_f6d1288048c3
BANK-TXN-11361,6823.54,2026-08-05,Razorpay Settlement for pay_342f4f62513f
BANK-TXN-11362,8230.0,2026-08-28,Razorpay Settlement for pay_48d2c6fe52c8
BANK-TXN-11363,1205.62,2026-08-15,Razorpay Settlement for pay_43d9abf89cf7
BANK-TXN-11364,14681.49,2026-08-13,Razorpay Settlement for pay_3aeaeb56be28
BANK-TXN-11365,7776.69,2026-08-06,Razorpay Settlement for pay_84a68df75a4c
BANK-TXN-11366,10276.82,2026-08-06,Razorpay Settlement for pay_3f0489657d2f
BANK-TXN-11367,5390.38,2026-08-31,Razorpay Settlement for pay_2d2418c63a5e
BANK-TXN-11368,14564.55,2026-08-09,Razorpay Settlement for pay_e51fbc675602
BANK-TXN-11369,7435.09,2026-08-29,Razorpay Settlement for pay_996906f742c6
BANK-TXN-11370,5360.84,2026-08-28,Razorpay Settlement for pay_a81987d1ac45
BANK-TXN-11371,11335.06,2026-08-18,Razorpay Settlement for pay_e067ab3ddcb2
BANK-TXN-11372,3543.84,2026-08-10,Razorpay Settlement for pay_b1dcda27d4b4
BANK-TXN-11373,12238.85,2026-08-06,Razorpay Settlement for pay_405327ec5456
BANK-TXN-11374,8964.88,2026-08-02,Razorpay Settlement for pay_be2d14f5c6be
BANK-TXN-11375,1593.23,2026-08-11,Razorpay Settlement for pay_4641fc3f6444
BANK-TXN-11376,7334.69,2026-08-27,Razorpay Settlement for pay_90bf44413425
BANK-TXN-11377,7306.6,2026-08-12,Razorpay Settlement for pay_510ed52b88f7
BANK-TXN-11378,452.29,2026-08-12,Razorpay Settlement for pay_25f1e15bf393
BANK-TXN-11379,6634.7,2026-08-30,Razorpay Settlement for pay_60acfa2aab95
BANK-TXN-11380,2761.31,2026-08-16,Razorpay Settlement for pay_b391512982c0
BANK-TXN-11381,2146.62,2026-08-08,Razorpay Settlement for pay_702030b6d01d
BANK-TXN-11382,9986.55,2026-08-26,Razorpay Settlement for pay_a1d394fe4070
BANK-TXN-11383,1004.41,2026-08-19,Razorpay Settlement for pay_c80e0d58457a
BANK-TXN-11384,10007.78,2026-08-20,Razorpay Settlement for pay_3a1ecf1ec85e
BANK-TXN-11385,759.72,2026-08-03,Razorpay Settlement for pay_40a9813ba7e1
BANK-TXN-11386,586.16,2026-08-28,Razorpay Settlement for pay_0f4526b87bb9
BANK-TXN-11387,3787.4,2026-08-03,Razorpay Settlement for pay_7eaa85d16807
BANK-TXN-11388,4850.6,2026-08-07,Razorpay Settlement for pay_e67fc5c84115
BANK-TXN-11389,7662.08,2026-08-29,Razorpay Settlement for pay_491b88b5a7f3
BANK-TXN-11390,8724.2,2026-08-03,Razorpay Settlement for pay_895dfa60ea8c
BANK-TXN-11391,8500.1,2026-08-20,Razorpay Settlement for pay_80d13b585db4
BANK-TXN-11392,5068.87,2026-08-25,Razorpay Settlement for pay_f8dcf24b922e
BANK-TXN-11393,14256.58,2026-08-21,Razorpay Settlement for pay_2d6ed21a84b9
BANK-TXN-11394,12529.25,2026-08-22,Razorpay Settlement for pay_5e4dc02b4eea
BANK-TXN-11395,14645.29,2026-08-10,Razorpay Settlement for pay_666d986a235d
BANK-TXN-11396,14089.98,2026-08-09,Razorpay Settlement for pay_ffbf76df05fd
BANK-TXN-11397,8411.48,2026-08-12,Razorpay Settlement for pay_a0acdd12a552
BANK-TXN-11398,1307.9,2026-08-08,Razorpay Settlement for pay_25a638b73667
BANK-TXN-11399,9818.78,2026-08-27,Razorpay Settlement for pay_b6f2f27e90b1
BANK-TXN-11400,9118.74,2026-08-16,Razorpay Settlement for pay_adfbcaa547ab
BANK-TXN-11401,12972.52,2026-08-26,Razorpay Settlement for pay_3d44edfc942e
BANK-TXN-11402,14150.54,2026-08-17,Razorpay Settlement for pay_cdc7e3b7a250
BANK-TXN-11403,11928.78,2026-09-01,Razorpay Settlement for pay_eb588b93e580
BANK-TXN-11404,7771.0,2026-08-26,Razorpay Settlement for pay_71622bd29738
BANK-TXN-11405,11022.28,2026-08-06,Razorpay Settlement for pay_9dd942d2ad2c
BANK-TXN-11406,12672.13,2026-08-16,Razorpay Settlement for pay_b411ed04d0d7
BANK-TXN-11407,12070.62,2026-08-08,Razorpay Settlement for pay_4912bcdaa74d
BANK-TXN-11408,6082.68,2026-08-24,Razorpay Settlement for pay_bb974f10be78
BANK-TXN-11409,11756.33,2026-08-08,Razorpay Settlement for pay_97715b15981f
BANK-TXN-11410,6314.48,2026-08-17,Razorpay Settlement for pay_41c85bdd3665
BANK-TXN-11411,618.67,2026-08-07,Razorpay Settlement for pay_eff38d67e913
BANK-TXN-11412,12560.96,2026-08-19,Razorpay Settlement for pay_dfad0d7be2f1
BANK-TXN-11413,13198.91,2026-08-02,Razorpay Settlement for pay_07ea8c721a36
BANK-TXN-11414,14048.6,2026-08-11,Razorpay Settlement for pay_3fb62f5e1b6f
BANK-TXN-11415,13875.62,2026-08-23,Razorpay Settlement for pay_ea5abd0f9daf
BANK-TXN-11416,7451.61,2026-08-06,Razorpay Settlement for pay_24545a01d001
BANK-TXN-11417,13497.47,2026-08-24,Razorpay Settlement for pay_f6436cd6864b
BANK-TXN-11418,8895.81,2026-08-30,Razorpay Settlement for pay_98cfc479dec7
BANK-TXN-11419,5851.84,2026-08-29,Razorpay Settlement for pay_da60d83de3cb
BANK-TXN-11420,2736.43,2026-08-08,Razorpay Settlement for pay_e7ecb9b6c137
BANK-TXN-11421,8745.83,2026-08-15,Razorpay Settlement for pay_bb1f8dfa60a6
BANK-TXN-11422,4759.36,2026-08-14,Razorpay Settlement for pay_82e14b276c64
BANK-TXN-11423,12951.31,2026-08-23,Razorpay Settlement for pay_c53210a0c7cd
BANK-TXN-11424,11923.74,2026-08-18,Razorpay Settlement for pay_08a98e401934
BANK-TXN-11425,12400.72,2026-09-02,Razorpay Settlement for pay_5d4b0422c4dd
BANK-TXN-11426,3865.27,2026-09-01,Razorpay Settlement for pay_290174b4b39c
BANK-TXN-11427,13295.4,2026-08-23,Razorpay Settlement for pay_9f5ce1057e61
BANK-TXN-11428,6612.61,2026-08-29,Razorpay Settlement for pay_382dddc4699d
BANK-TXN-11429,6561.02,2026-08-08,Razorpay Settlement for pay_1ee79149079a
BANK-TXN-11430,11644.26,2026-08-27,Razorpay Settlement for pay_e54e4803641f
BANK-TXN-11431,10884.61,2026-08-04,Razorpay Settlement for pay_339f933b5f9e
BANK-TXN-11432,2521.62,2026-08-15,Razorpay Settlement for pay_51e2f13ba03c
BANK-TXN-11433,8929.09,2026-08-04,Razorpay Settlement for pay_5aa7bdd2f523
BANK-TXN-11434,908.7,2026-08-24,Razorpay Settlement for pay_2668753cdd30
BANK-TXN-11435,240.61,2026-08-17,Razorpay Settlement for pay_cbb8a7dcdb53
BANK-TXN-11436,1388.69,2026-08-11,Razorpay Settlement for pay_c292d2f4c5e8
BANK-TXN-11437,12243.34,2026-08-19,Razorpay Settlement for pay_207f92556d25
BANK-TXN-11438,11692.49,2026-08-21,Razorpay Settlement for pay_23c9fa301ed6
BANK-TXN-11439,3976.9,2026-08-18,Razorpay Settlement for pay_f99db64dac74
BANK-TXN-11440,6207.86,2026-08-11,Razorpay Settlement for pay_6595f6b9c523
BANK-TXN-11441,13022.49,2026-08-30,Razorpay Settlement for pay_9c8e821b0f0d
BANK-TXN-11442,8296.92,2026-09-01,Razorpay Settlement for pay_d1f3e5f6fede
BANK-TXN-11443,10367.1,2026-08-16,Razorpay Settlement for pay_d4169c44f558
BANK-TXN-11444,8904.09,2026-08-15,Razorpay Settlement for pay_9aef4d5bff52
BANK-TXN-11445,13721.53,2026-09-01,Razorpay Settlement for pay_ce01be88f6ac
BANK-TXN-11446,11412.81,2026-08-24,Razorpay Settlement for pay_eb6911bf6554
BANK-TXN-11447,3451.91,2026-08-23,Razorpay Settlement for pay_dba8eb617757
BANK-TXN-11448,11022.41,2026-09-01,Razorpay Settlement for pay_e90588f7ccb4
BANK-TXN-11449,3322.58,2026-08-15,Razorpay Settlement for pay_94f66054683e
BANK-TXN-11450,2812.08,2026-08-23,Razorpay Settlement for pay_96a912543cfd
BANK-TXN-11451,9154.84,2026-08-11,Razorpay Settlement for pay_ccbe547be976
BANK-TXN-11452,6841.21,2026-08-21,Razorpay Settlement for pay_a6474135d5dd
BANK-TXN-11453,5962.13,2026-08-06,Razorpay Settlement for pay_341ceb48d7b9
BANK-TXN-11454,10872.45,2026-08-15,Razorpay Settlement for pay_5de9a00e7589
BANK-TXN-11455,951.84,2026-08-05,Razorpay Settlement for pay_4dcf769cd012
BANK-TXN-11456,13819.92,2026-08-31,Razorpay Settlement for pay_9acf5d2f0b62
BANK-TXN-11457,5721.12,2026-08-11,Razorpay Settlement for pay_6b38f6d0f0a7
BANK-TXN-11458,8311.86,2026-08-13,Razorpay Settlement for pay_3a076bfbcb69
BANK-TXN-11459,13689.46,2026-08-08,Razorpay Settlement for pay_5220ab977d63
BANK-TXN-11460,7889.26,2026-08-04,Razorpay Settlement for pay_18e9a117bba2
BANK-TXN-11461,14388.41,2026-08-05,Razorpay Settlement for pay_5ba3eb9e688f
BANK-TXN-11462,5426.02,2026-08-28,Razorpay Settlement for pay_7842fc3a2f39
BANK-TXN-11463,12228.36,2026-08-30,Razorpay Settlement for pay_3d7aebadfe0b
BANK-TXN-11464,2588.92,2026-08-12,Razorpay Settlement for pay_b563fff041fe
BANK-TXN-11465,12568.4,2026-09-01,Razorpay Settlement for pay_3b5fb5c6a139
BANK-TXN-11466,3475.87,2026-08-08,Razorpay Settlement for pay_64417f369caa
BANK-TXN-11467,14537.83,2026-08-03,Razorpay Settlement for pay_00ec6f707d4e
BANK-TXN-11468,12787.98,2026-08-13,Razorpay Settlement for pay_ba685ff9e4af
BANK-TXN-11469,12126.58,2026-08-08,Razorpay Settlement for pay_e47c748d86de
BANK-TXN-11470,8474.71,2026-08-02,Razorpay Settlement for pay_7aa6d6dba3cd
BANK-TXN-11471,1563.81,2026-08-09,Razorpay Settlement for pay_f4def6ccb8e7
BANK-TXN-11472,1965.36,2026-08-11,Razorpay Settlement for pay_18853503cff3
BANK-TXN-11473,4888.6,2026-08-31,Razorpay Settlement for pay_f650b092de85
BANK-TXN-11474,7155.82,2026-08-17,Razorpay Settlement for pay_e54148b59bf7
BANK-TXN-11475,14235.56,2026-08-23,Razorpay Settlement for pay_19cc7a8890a6
BANK-TXN-11476,13349.36,2026-09-02,Razorpay Settlement for pay_ca4f084dea3a
BANK-TXN-11477,9531.41,2026-08-29,Razorpay Settlement for pay_9baaeceaa644
BANK-TXN-11478,8131.95,2026-08-04,Razorpay Settlement for pay_335f99e56d4a
BANK-TXN-11479,3678.13,2026-08-14,Razorpay Settlement for pay_78218d83e79e
BANK-TXN-11480,5830.84,2026-08-02,Razorpay Settlement for pay_f57b6fbfbde4
BANK-TXN-11481,1945.21,2026-08-23,Razorpay Settlement for pay_074a9ea05122
BANK-TXN-11482,13564.34,2026-08-16,Razorpay Settlement for pay_1d8cccfb56da
BANK-TXN-11483,5525.59,2026-08-23,Razorpay Settlement for pay_07ca5555f9d7
BANK-TXN-11484,4027.43,2026-08-16,Razorpay Settlement for pay_cf00c87e0ff4
BANK-TXN-11485,5536.89,2026-08-26,Razorpay Settlement for pay_60e9e096c9c9
BANK-TXN-11486,782.51,2026-08-23,Razorpay Settlement for pay_deb0569b5ae0
BANK-TXN-11487,10149.17,2026-08-23,Razorpay Settlement for pay_d73c25b58264
BANK-TXN-11488,7805.93,2026-08-19,Razorpay Settlement for pay_74ee66b28660
BANK-TXN-11489,11821.6,2026-08-15,Razorpay Settlement for pay_d0e846d2be11
BANK-TXN-11490,4553.13,2026-08-07,Razorpay Settlement for pay_922fe76524c7
BANK-TXN-11491,888.25,2026-08-15,Razorpay Settlement for pay_66ea62eed284
BANK-TXN-11492,6358.95,2026-08-18,Razorpay Settlement for pay_cfb99340bd83
BANK-TXN-11493,11985.21,2026-08-24,Razorpay Settlement for pay_1b23773d5e37
BANK-TXN-11494,7497.96,2026-08-20,Razorpay Settlement for pay_d049c48a4797
BANK-TXN-11495,11598.71,2026-08-24,Razorpay Settlement for pay_6383be42dc06
BANK-TXN-11496,10252.93,2026-08-04,Razorpay Settlement for pay_6365744c51e5
BANK-TXN-11497,9917.45,2026-08-26,Razorpay Settlement for pay_e8bb1b887260
BANK-TXN-11498,2880.5,2026-09-01,Razorpay Settlement for pay_069c45398960
BANK-TXN-11499,7946.58,2026-08-23,Razorpay Settlement for pay_80fa6765f53a
BANK-TXN-11500,9707.73,2026-08-05,Razorpay Settlement for pay_3437373b418b
BANK-TXN-11501,8925.77,2026-08-15,Razorpay Settlement for pay_48563957ace2
BANK-TXN-11502,10213.36,2026-08-22,Razorpay Settlement for pay_2893db87d3b4
BANK-TXN-11503,2155.7,2026-08-11,Razorpay Settlement for pay_fb3b2d05d377
BANK-TXN-11504,14272.43,2026-08-28,Razorpay Settlement for pay_3c6c2933db49
BANK-TXN-11505,9619.83,2026-08-18,Razorpay Settlement for pay_7a0a20fb14da
BANK-TXN-11506,1444.7,2026-08-22,Razorpay Settlement for pay_7a5ab680e6da
BANK-TXN-11507,1885.12,2026-08-17,Razorpay Settlement for pay_5352350d3a0f
BANK-TXN-11508,7034.48,2026-08-24,Razorpay Settlement for pay_a8817886ad5b
BANK-TXN-11509,8455.02,2026-08-09,Razorpay Settlement for pay_748568b9848e
BANK-TXN-11510,9339.47,2026-08-12,Razorpay Settlement for pay_1b81f2a2bdec
BANK-TXN-11511,8588.91,2026-08-30,Razorpay Settlement for pay_4d39509c24b4
BANK-TXN-11512,7641.71,2026-08-17,Razorpay Settlement for pay_be522916f2af
BANK-TXN-11513,471.86,2026-08-24,Razorpay Settlement for pay_dbc903e7e18f
BANK-TXN-11514,9598.94,2026-08-04,Razorpay Settlement for pay_471655a08e03
BANK-TXN-11515,5225.47,2026-08-18,Razorpay Settlement for pay_57e5c0ae2bfd
BANK-TXN-11516,2983.69,2026-08-07,Razorpay Settlement for pay_7dcc433b6e90
BANK-TXN-11517,6990.65,2026-08-30,Razorpay Settlement for pay_ac8636b6bf99
BANK-TXN-11518,12279.01,2026-08-24,Razorpay Settlement for pay_fed90d271dd0
BANK-TXN-11519,3201.36,2026-08-17,Razorpay Settlement for pay_cf9b0663c863
BANK-TXN-11520,3089.32,2026-08-17,Razorpay Settlement for pay_509b0c238c54
BANK-TXN-11521,4600.17,2026-08-27,Razorpay Settlement for pay_4d44209ae701
BANK-TXN-11522,12972.66,2026-08-03,Razorpay Settlement for pay_57a022bd20bb
BANK-TXN-11523,12563.04,2026-08-07,Razorpay Settlement for pay_5ff44816d98c
BANK-TXN-11524,1849.02,2026-08-04,Razorpay Settlement for pay_f98f4d42e915
BANK-TXN-11525,3935.45,2026-08-19,Razorpay Settlement for pay_54e91cdc1ef7
BANK-TXN-11526,12926.36,2026-08-13,Razorpay Settlement for pay_456a397881ac
BANK-TXN-11527,7671.18,2026-08-30,Razorpay Settlement for pay_038aae4df988
BANK-TXN-11528,6826.3,2026-08-04,Razorpay Settlement for pay_83e8dbd09960
BANK-TXN-11529,11540.39,2026-08-27,Razorpay Settlement for pay_3b9338a80028
BANK-TXN-11530,1724.88,2026-08-19,Razorpay Settlement for pay_00480fdd3770
BANK-TXN-11531,10759.98,2026-08-08,Razorpay Settlement for pay_763b69833830
BANK-TXN-11532,12821.62,2026-08-18,Razorpay Settlement for pay_397400f7aea0
BANK-TXN-11533,2194.25,2026-08-13,Razorpay Settlement for pay_f741375d69d7
BANK-TXN-11534,12304.14,2026-08-15,Razorpay Settlement for pay_aad779a2ccc8
BANK-TXN-11535,1432.23,2026-08-11,Razorpay Settlement for pay_bfa795144b20
BANK-TXN-11536,9325.41,2026-08-26,Razorpay Settlement for pay_843ef173a5d2
BANK-TXN-11537,11613.77,2026-08-26,Razorpay Settlement for pay_78fa50c72a23
BANK-TXN-11538,6132.62,2026-08-15,Razorpay Settlement for pay_307379618f4b
BANK-TXN-11539,13884.01,2026-08-19,Razorpay Settlement for pay_a96a42b8a926
BANK-TXN-11540,11889.8,2026-08-26,Razorpay Settlement for pay_28db741cebcc
BANK-TXN-11541,14438.12,2026-08-12,Razorpay Settlement for pay_c2fcb0fcc4b0
BANK-TXN-11542,734.01,2026-08-03,Razorpay Settlement for pay_2d66c34e9209
BANK-TXN-11543,11785.72,2026-08-03,Razorpay Settlement for pay_35b85eccb022
BANK-TXN-11544,8225.56,2026-08-15,Razorpay Settlement for pay_a9fbac87c8d2
BANK-TXN-11545,5187.66,2026-08-25,Razorpay Settlement for pay_abef7f0de2e5
BANK-TXN-11546,6054.71,2026-08-21,Razorpay Settlement for pay_88122b41c8cd
BANK-TXN-11547,6608.86,2026-08-22,Razorpay Settlement for pay_7e52c55cbcc6
BANK-TXN-11548,11442.4,2026-08-27,Razorpay Settlement for pay_02ef2b1143a8
BANK-TXN-11549,1542.26,2026-08-19,Razorpay Settlement for pay_86530f3811ec
BANK-TXN-11550,535.71,2026-08-13,Razorpay Settlement for pay_979b47a5cc2d
BANK-TXN-11551,6295.2,2026-08-28,Razorpay Settlement for pay_47eed1cfe88b
BANK-TXN-11552,9289.86,2026-08-03,Razorpay Settlement for pay_9d754567ed3a
BANK-TXN-11553,6704.48,2026-08-04,Razorpay Settlement for pay_b53d0abc937a
BANK-TXN-11554,11012.48,2026-08-12,Razorpay Settlement for pay_e04e83f9e81f
BANK-TXN-11555,11578.58,2026-08-11,Razorpay Settlement for pay_95dc6295ec2e
BANK-TXN-11556,3729.7,2026-08-14,Razorpay Settlement for pay_3aa0e8255c53
BANK-TXN-11557,11488.08,2026-08-20,Razorpay Settlement for pay_34bf80b86f58
BANK-TXN-11558,12211.66,2026-08-07,Razorpay Settlement for pay_99b8bbca491a
BANK-TXN-11559,2082.44,2026-08-03,Razorpay Settlement for pay_2599bfdde36a
BANK-TXN-11560,7828.81,2026-08-04,Razorpay Settlement for pay_dbd3160a9951
BANK-TXN-11561,9427.24,2026-08-11,Razorpay Settlement for pay_33a45d7c9ec6
BANK-TXN-11562,14078.24,2026-08-31,Razorpay Settlement for pay_c366cf47f3cd
BANK-TXN-11563,10510.53,2026-08-18,Razorpay Settlement for pay_afaf32d9b9c0
BANK-TXN-11564,10111.43,2026-08-18,Razorpay Settlement for pay_0565dfed1dfd
BANK-TXN-11565,13888.79,2026-08-04,Razorpay Settlement for pay_4db28f3cbd5e
BANK-TXN-11566,1949.04,2026-08-21,Razorpay Settlement for pay_dbc24a5899a2
BANK-TXN-11567,5583.77,2026-08-18,Razorpay Settlement for pay_e9835aad91fc
BANK-TXN-11568,11671.61,2026-08-11,Razorpay Settlement for pay_14c570188dc4
BANK-TXN-11569,10924.03,2026-08-08,Razorpay Settlement for pay_86532dce9eda
BANK-TXN-11570,12820.66,2026-08-19,Razorpay Settlement for pay_a90e6075b1b7
BANK-TXN-11571,6757.24,2026-08-20,Razorpay Settlement for pay_0d9644e2fe1c
BANK-TXN-11572,10639.37,2026-08-14,Razorpay Settlement for pay_8f9e34bd482c
BANK-TXN-11573,6881.42,2026-08-07,Razorpay Settlement for pay_67c57fef599f
BANK-TXN-11574,10752.94,2026-08-16,Razorpay Settlement for pay_d973615f0b78
BANK-TXN-11575,6137.25,2026-08-22,Razorpay Settlement for pay_9cfb6e0746a4
BANK-TXN-11576,14091.99,2026-08-13,Razorpay Settlement for pay_08395d1e1472
BANK-TXN-11577,12755.79,2026-08-11,Razorpay Settlement for pay_000b4ee9e165
BANK-TXN-11578,8333.39,2026-08-23,Razorpay Settlement for pay_a49e33b3f60f
BANK-TXN-11579,14049.76,2026-08-19,Razorpay Settlement for pay_13e0441f9a8c
BANK-TXN-11580,7097.52,2026-08-18,Razorpay Settlement for pay_19dd301d8d08
BANK-TXN-11581,14154.32,2026-08-24,Razorpay Settlement for pay_b9619ba3d4b6
BANK-TXN-11582,10430.28,2026-08-08,Razorpay Settlement for pay_cdeba1ecead8
BANK-TXN-11583,4843.53,2026-08-27,Razorpay Settlement for pay_eb9c17117a13
BANK-TXN-11584,6534.5,2026-08-29,Razorpay Settlement for pay_a0ab38f9699d
BANK-TXN-11585,4334.75,2026-08-06,Razorpay Settlement for pay_b9ae4a22ae3f
BANK-TXN-11586,4645.74,2026-08-26,Razorpay Settlement for pay_616b03bf1396
BANK-TXN-11587,14136.14,2026-08-07,Razorpay Settlement for pay_461d79c9c828
BANK-TXN-11588,5851.69,2026-08-24,Razorpay Settlement for pay_cb5ed814513b
BANK-TXN-11589,5642.44,2026-08-15,Razorpay Settlement for pay_59da42d5c890
BANK-TXN-11590,8854.96,2026-08-08,Razorpay Settlement for pay_63a18abdfb89
BANK-TXN-11591,13965.47,2026-08-18,Razorpay Settlement for pay_d2593a5736d1
BANK-TXN-11592,6100.24,2026-08-12,Razorpay Settlement for pay_b62516c25b89
BANK-TXN-11593,13448.81,2026-08-15,Razorpay Settlement for pay_f7a089a353cd
BANK-TXN-11594,1668.29,2026-08-20,Razorpay Settlement for pay_0a3c998921f4
BANK-TXN-11595,1413.0,2026-08-21,Razorpay Settlement for pay_883c4d498a22
BANK-TXN-11596,8034.54,2026-09-01,Razorpay Settlement for pay_5d2be0d1a6e9
BANK-TXN-11597,14139.45,2026-08-10,Razorpay Settlement for pay_4a6c76a38ab7
BANK-TXN-11598,9199.06,2026-08-02,Razorpay Settlement for pay_395e7c57d1c5
BANK-TXN-11599,8867.47,2026-08-03,Razorpay Settlement for pay_36025a61f62d
BANK-TXN-11600,8683.15,2026-08-28,Razorpay Settlement for pay_d4155ee2b356
BANK-TXN-11601,8362.94,2026-08-08,Razorpay Settlement for pay_4584924e076b
BANK-TXN-11602,12241.54,2026-08-15,Razorpay Settlement for pay_225f71948404
BANK-TXN-11603,14082.37,2026-08-08,Razorpay Settlement for pay_afced684133c
BANK-TXN-11604,3986.78,2026-09-01,Razorpay Settlement for pay_6b335e518bdc
BANK-TXN-11605,5151.0,2026-08-10,Razorpay Settlement for pay_2cfe7cd27aaa
BANK-TXN-11606,10230.52,2026-08-12,Razorpay Settlement for pay_75847c58e81c
BANK-TXN-11607,334.92,2026-08-17,Razorpay Settlement for pay_07add3f974d8
BANK-TXN-11608,7288.12,2026-08-20,Razorpay Settlement for pay_6f2bc0112480
BANK-TXN-11609,9946.26,2026-08-29,Razorpay Settlement for pay_c7db12c14f89
BANK-TXN-11610,5805.44,2026-08-14,Razorpay Settlement for pay_d33e5d75ecef
BANK-TXN-11611,2995.13,2026-08-16,Razorpay Settlement for pay_43ed562fafca
BANK-TXN-11612,4273.57,2026-08-25,Razorpay Settlement for pay_f3bfe61f41eb
BANK-TXN-11613,4268.09,2026-08-17,Razorpay Settlement for pay_ce6399a6b04b
BANK-TXN-11614,1805.17,2026-08-09,Razorpay Settlement for pay_52b303411242
BANK-TXN-11615,8199.09,2026-08-19,Razorpay Settlement for pay_6fccbafc2757
BANK-TXN-11616,1139.48,2026-08-20,Razorpay Settlement for pay_9df9977575c7
BANK-TXN-11617,7782.75,2026-08-29,Razorpay Settlement for pay_3c430f7ada2e
BANK-TXN-11618,14583.26,2026-08-30,Razorpay Settlement for pay_cb4870223f0f
BANK-TXN-11619,13587.95,2026-08-20,Razorpay Settlement for pay_7b8cdcdeb3c0
BANK-TXN-11620,12442.32,2026-09-01,Razorpay Settlement for pay_17d6b704f443
BANK-TXN-11621,6963.37,2026-08-06,Razorpay Settlement for pay_66df9708cc5c
BANK-TXN-11622,10656.58,2026-08-26,Razorpay Settlement for pay_268e3b6f0853
BANK-TXN-11623,6706.29,2026-08-31,Razorpay Settlement for pay_ff51cd1cb579
BANK-TXN-11624,12762.57,2026-08-08,Razorpay Settlement for pay_0ced4751fac3
BANK-TXN-11625,14087.58,2026-08-09,Razorpay Settlement for pay_c75188114aad
BANK-TXN-11626,1107.49,2026-08-07,Razorpay Settlement for pay_d07950c74c70
BANK-TXN-11627,544.44,2026-08-17,Razorpay Settlement for pay_a0ac44fbe994
BANK-TXN-11628,7064.75,2026-08-10,Razorpay Settlement for pay_a8bf9c89ca50
BANK-TXN-11629,11713.78,2026-08-03,Razorpay Settlement for pay_1a20712e6d93
BANK-TXN-11630,11278.49,2026-08-21,Razorpay Settlement for pay_13a6768a2ded
BANK-TXN-11631,13492.02,2026-08-05,Razorpay Settlement for pay_9e144cdb02b8
BANK-TXN-11632,11547.5,2026-08-30,Razorpay Settlement for pay_b13568b28991
BANK-TXN-11633,9054.15,2026-08-16,Razorpay Settlement for pay_e2897dae7cf3
BANK-TXN-11634,8307.48,2026-08-06,Razorpay Settlement for pay_ce0deb10289d
BANK-TXN-11635,9149.35,2026-08-14,Razorpay Settlement for pay_655e4d192526
BANK-TXN-11636,9764.64,2026-08-30,Razorpay Settlement for pay_507fb2e96495
BANK-TXN-11637,6405.24,2026-08-14,Razorpay Settlement for pay_57038ad70f6a
BANK-TXN-11638,572.7,2026-08-23,Razorpay Settlement for pay_1ec82fc871f2
BANK-TXN-11639,374.23,2026-08-08,Razorpay Settlement for pay_85547ec8aa00
BANK-TXN-11640,8509.87,2026-08-27,Razorpay Settlement for pay_51e86da0e084
BANK-TXN-11641,9200.82,2026-08-15,Razorpay Settlement for pay_77a8381cab15
BANK-TXN-11642,2044.31,2026-08-06,Razorpay Settlement for pay_be7306e9729f
BANK-TXN-11643,5384.72,2026-09-02,Razorpay Settlement for pay_1dbbfa25b909
BANK-TXN-11644,5169.42,2026-08-17,Razorpay Settlement for pay_3af741a4d901
BANK-TXN-11645,10034.07,2026-08-18,Razorpay Settlement for pay_f8766ba17280
BANK-TXN-11646,988.03,2026-08-18,Razorpay Settlement for pay_a19163203cd6
BANK-TXN-11647,3115.1,2026-08-08,Razorpay Settlement for pay_5987431ee916
BANK-TXN-11648,10273.11,2026-08-09,Razorpay Settlement for pay_a3f6210225c2
BANK-TXN-11649,8585.27,2026-08-24,Razorpay Settlement for pay_b82e836ef973
BANK-TXN-11650,2549.71,2026-08-12,Razorpay Settlement for pay_eca7d64009cf
BANK-TXN-11651,3378.27,2026-08-31,Razorpay Settlement for pay_b3126b1a394e
BANK-TXN-11652,6962.65,2026-08-10,Razorpay Settlement for pay_433ab5ad641f
BANK-TXN-11653,13914.13,2026-08-18,Razorpay Settlement for pay_d703a30c4480
BANK-TXN-11654,6002.14,2026-08-25,Razorpay Settlement for pay_e99c24ef5248
BANK-TXN-11655,631.37,2026-08-02,Razorpay Settlement for pay_664aae89867f
BANK-TXN-11656,9352.87,2026-08-12,Razorpay Settlement for pay_cfa500d0b96c
BANK-TXN-11657,4316.6,2026-08-02,Razorpay Settlement for pay_8af872a138b2
BANK-TXN-11658,12488.64,2026-08-25,Razorpay Settlement for pay_b516115404a4
BANK-TXN-11659,12421.16,2026-08-08,Razorpay Settlement for pay_860ac1d7b341
BANK-TXN-11660,5691.9,2026-08-29,Razorpay Settlement for pay_cf7dda56d498
BANK-TXN-11661,6812.77,2026-08-31,Razorpay Settlement for pay_ef0ad69a57e6
BANK-TXN-11662,13846.61,2026-08-13,Razorpay Settlement for pay_c3adecbf63af
BANK-TXN-11663,12999.01,2026-08-04,Razorpay Settlement for pay_6286324f5076
BANK-TXN-11664,5681.34,2026-08-08,Razorpay Settlement for pay_ce5e9e5d9dd3
BANK-TXN-11665,3742.94,2026-08-21,Razorpay Settlement for pay_ae4d1ff81643
BANK-TXN-11666,12396.04,2026-08-21,Razorpay Settlement for pay_3b3999acd0f9
BANK-TXN-11667,968.47,2026-08-06,Razorpay Settlement for pay_577e6a4416e0
BANK-TXN-11668,13044.14,2026-08-06,Razorpay Settlement for pay_91b7dec025e0
BANK-TXN-11669,9669.14,2026-08-05,Razorpay Settlement for pay_c45b72acf67c
BANK-TXN-11670,12990.53,2026-08-18,Razorpay Settlement for pay_bf4adcf70f82
BANK-TXN-11671,4863.72,2026-08-19,Razorpay Settlement for pay_9bbe73ce3a79
BANK-TXN-11672,14058.23,2026-08-25,Razorpay Settlement for pay_4dfcd40e1477
BANK-TXN-11673,13556.87,2026-08-20,Razorpay Settlement for pay_7638c63a059d
BANK-TXN-11674,12715.39,2026-08-09,Razorpay Settlement for pay_aff4dbccfeb1
BANK-TXN-11675,5665.21,2026-08-11,Razorpay Settlement for pay_1c4da5c69080
BANK-TXN-11676,1425.34,2026-08-13,Razorpay Settlement for pay_71838e5973c8
BANK-TXN-11677,3534.5,2026-08-16,Razorpay Settlement for pay_6a901ebbb0d1
BANK-TXN-11678,6376.18,2026-08-18,Razorpay Settlement for pay_24dc349b30b2
BANK-TXN-11679,7412.37,2026-08-15,Razorpay Settlement for pay_3f358d606726
BANK-TXN-11680,3586.9,2026-08-02,Razorpay Settlement for pay_e61ba4da3ea1
BANK-TXN-11681,12417.12,2026-08-30,Razorpay Settlement for pay_d0501e87ca99
BANK-TXN-11682,1916.0,2026-08-10,Razorpay Settlement for pay_b9488de2db51
BANK-TXN-11683,3048.16,2026-08-19,Razorpay Settlement for pay_2b33c2ee1bea
BANK-TXN-11684,11342.08,2026-08-12,Razorpay Settlement for pay_2cee55ce3693
BANK-TXN-11685,14676.87,2026-08-24,Razorpay Settlement for pay_ab19c3b26aa6
BANK-TXN-11686,12049.97,2026-08-26,Razorpay Settlement for pay_1b5c9c30200d
BANK-TXN-11687,9660.72,2026-08-29,Razorpay Settlement for pay_ade0bbc2a392
BANK-TXN-11688,5961.42,2026-08-18,Razorpay Settlement for pay_923b8f0b1e1b
BANK-TXN-11689,3585.92,2026-08-25,Razorpay Settlement for pay_daf6e0ae11bd
BANK-TXN-11690,11681.93,2026-08-28,Razorpay Settlement for pay_7350cba55c50
BANK-TXN-11691,13857.75,2026-08-08,Razorpay Settlement for pay_5abfa485d402
BANK-TXN-11692,8295.71,2026-08-17,Razorpay Settlement for pay_ff3b71806070
BANK-TXN-11693,13878.41,2026-08-20,Razorpay Settlement for pay_4c3299da40c4
BANK-TXN-11694,5340.02,2026-08-28,Razorpay Settlement for pay_43262681a8ae
BANK-TXN-11695,6046.46,2026-08-16,Razorpay Settlement for pay_fa863f13cd88
BANK-TXN-11696,9331.19,2026-09-01,Razorpay Settlement for pay_e9d84cc088ae
BANK-TXN-11697,7948.25,2026-08-09,Razorpay Settlement for pay_0d43fdd8f43d
BANK-TXN-11698,13931.4,2026-08-05,Razorpay Settlement for pay_e85fa6a84fd5
BANK-TXN-11699,8215.36,2026-08-07,Razorpay Settlement for pay_a73a723071fc
BANK-TXN-11700,585.27,2026-08-25,Razorpay Settlement for pay_cbc665c7693f
BANK-TXN-11701,3182.27,2026-08-31,Razorpay Settlement for pay_88f77b8165ec
BANK-TXN-11702,1029.3,2026-08-18,Razorpay Settlement for pay_433f45ae0cc4
BANK-TXN-11703,2385.33,2026-08-12,Razorpay Settlement for pay_5dc017810f2b
BANK-TXN-11704,10974.54,2026-08-20,Razorpay Settlement for pay_ee8b940b03bb
BANK-TXN-11705,3179.14,2026-08-08,Razorpay Settlement for pay_cb468d4dbc76
BANK-TXN-11706,2498.96,2026-08-25,Razorpay Settlement for pay_a68865e331c0
BANK-TXN-11707,10128.86,2026-08-09,Razorpay Settlement for pay_76ddf0619efc
BANK-TXN-11708,1123.82,2026-08-02,Razorpay Settlement for pay_4c9f6c682d76
BANK-TXN-11709,4966.24,2026-08-27,Razorpay Settlement for pay_78b9d191ccc0
BANK-TXN-11710,10889.66,2026-08-16,Razorpay Settlement for pay_4a07abfd581e
BANK-TXN-11711,10194.92,2026-08-30,Razorpay Settlement for pay_62c82e6fbe5e
BANK-TXN-11712,3809.46,2026-08-21,Razorpay Settlement for pay_2d26a0e6efdc
BANK-TXN-11713,10327.37,2026-08-15,Razorpay Settlement for pay_98f7c68dee7d
BANK-TXN-11714,13039.9,2026-08-24,Razorpay Settlement for pay_f39eb833721b
BANK-TXN-11715,4429.57,2026-08-31,Razorpay Settlement for pay_de8c54bd0bd4
BANK-TXN-11716,3347.06,2026-08-26,Razorpay Settlement for pay_362f12172d57
BANK-TXN-11717,14632.07,2026-08-26,Razorpay Settlement for pay_60eb8a7395b2
BANK-TXN-11718,11502.02,2026-08-06,Razorpay Settlement for pay_4cdc937e39f0
BANK-TXN-11719,7535.96,2026-08-07,Razorpay Settlement for pay_18708572d4e5
BANK-TXN-11720,9995.23,2026-08-05,Razorpay Settlement for pay_1ceadb66dc5f
BANK-TXN-11721,12608.13,2026-08-13,Razorpay Settlement for pay_201171f39242
BANK-TXN-11722,10480.78,2026-08-02,Razorpay Settlement for pay_3bb7e1ce15ce
BANK-TXN-11723,7226.95,2026-08-24,Razorpay Settlement for pay_491da43ff9c4
BANK-TXN-11724,10545.79,2026-08-20,Razorpay Settlement for pay_be42f1734fca
BANK-TXN-11725,2536.46,2026-08-17,Razorpay Settlement for pay_17475d6fac0d
BANK-TXN-11726,1996.69,2026-08-05,Razorpay Settlement for pay_0fe1ca34b1be
BANK-TXN-11727,358.6,2026-08-05,Razorpay Settlement for pay_c917899ab04b
BANK-TXN-11728,3338.61,2026-08-16,Razorpay Settlement for pay_1a72a2c1bd98
BANK-TXN-11729,956.23,2026-08-24,Razorpay Settlement for pay_ffa674a2acc6
BANK-TXN-11730,3122.01,2026-08-26,Razorpay Settlement for pay_3e270d936303
BANK-TXN-11731,1521.47,2026-08-31,Razorpay Settlement for pay_abc68f2d0dfe
BANK-TXN-11732,2914.86,2026-08-02,Razorpay Settlement for pay_6194e2704a9e
BANK-TXN-11733,12312.43,2026-09-01,Razorpay Settlement for pay_e3269b30aa5f
BANK-TXN-11734,7629.3,2026-08-07,Razorpay Settlement for pay_cd7d0e2c09d9
BANK-TXN-11735,9114.59,2026-08-20,Razorpay Settlement for pay_84fd731bb63a
BANK-TXN-11736,1731.76,2026-08-05,Razorpay Settlement for pay_7b7b2b317eae
BANK-TXN-11737,4782.75,2026-08-02,Razorpay Settlement for pay_c70d5c337060
BANK-TXN-11738,9739.07,2026-08-16,Razorpay Settlement for pay_5ca5359956a5
BANK-TXN-11739,1172.57,2026-08-21,Razorpay Settlement for pay_3a8e9ca42460
BANK-TXN-11740,14454.92,2026-08-12,Razorpay Settlement for pay_c45c1db4830c
BANK-TXN-11741,3850.14,2026-08-20,Razorpay Settlement for pay_00a8f58447d8
BANK-TXN-11742,5831.75,2026-08-13,Razorpay Settlement for pay_3f384235e60d
BANK-TXN-11743,13017.06,2026-08-08,Razorpay Settlement for pay_ac24f7dcc018
BANK-TXN-11744,5056.37,2026-08-23,Razorpay Settlement for pay_a48592155e3f
BANK-TXN-11745,3567.1,2026-08-19,Razorpay Settlement for pay_9b5cc24bd796
BANK-TXN-11746,13202.89,2026-08-03,Razorpay Settlement for pay_f8e70cc2624a
BANK-TXN-11747,3728.39,2026-08-25,Razorpay Settlement for pay_2c264026b155
BANK-TXN-11748,4498.1,2026-08-06,Razorpay Settlement for pay_630a79c98451
BANK-TXN-11749,3648.88,2026-08-09,Razorpay Settlement for pay_cc68c2e163ad
BANK-TXN-11750,4229.94,2026-08-30,Razorpay Settlement for pay_3a866cf7da0d
BANK-TXN-11751,11982.46,2026-08-27,Razorpay Settlement for pay_a5d737dd61d9
BANK-TXN-11752,11820.26,2026-08-04,Razorpay Settlement for pay_9b2c60c27ff9
BANK-TXN-11753,4861.03,2026-08-29,Razorpay Settlement for pay_1bf28aa7f7d4
BANK-TXN-11754,7326.78,2026-08-02,Razorpay Settlement for pay_6b3f59ef4765
BANK-TXN-11755,2017.13,2026-08-22,Razorpay Settlement for pay_f25974abe864
BANK-TXN-11756,7440.03,2026-08-19,Razorpay Settlement for pay_85167a44c89d
BANK-TXN-11757,10663.15,2026-08-16,Razorpay Settlement for pay_11e13a8b7796
BANK-TXN-11758,4592.17,2026-08-08,Razorpay Settlement for pay_8350c209f7e5
BANK-TXN-11759,11527.82,2026-08-08,Razorpay Settlement for pay_7a1e042945bc
BANK-TXN-11760,7023.23,2026-08-14,Razorpay Settlement for pay_56a4a85a1305
BANK-TXN-11761,11223.74,2026-08-22,Razorpay Settlement for pay_911449cb701a
BANK-TXN-11762,12583.02,2026-08-26,Razorpay Settlement for pay_9100c869a996
BANK-TXN-11763,10735.3,2026-08-19,Razorpay Settlement for pay_36c6f04048af
BANK-TXN-11764,4303.91,2026-08-16,Razorpay Settlement for pay_8ff5d1323193
BANK-TXN-11765,7002.13,2026-08-12,Razorpay Settlement for pay_038393f2e8c9
BANK-TXN-11766,7458.15,2026-08-02,Razorpay Settlement for pay_d31b5430ac5f
BANK-TXN-11767,14272.02,2026-08-14,Razorpay Settlement for pay_a4b30c07c197
BANK-TXN-11768,14296.79,2026-08-17,Razorpay Settlement for pay_5323a4121f6d
BANK-TXN-11769,2001.42,2026-08-30,Razorpay Settlement for pay_a8b04e692abe
BANK-TXN-11770,11382.5,2026-08-26,Razorpay Settlement for pay_eb8afca21316
BANK-TXN-11771,10181.85,2026-08-25,Razorpay Settlement for pay_6a23970b3085
BANK-TXN-11772,3775.47,2026-08-15,Razorpay Settlement for pay_54c5767d109d
BANK-TXN-11773,10443.93,2026-08-31,Razorpay Settlement for pay_982ed3c3801f
BANK-TXN-11774,3986.34,2026-08-24,Razorpay Settlement for pay_0069bc0888ae
BANK-TXN-11775,8894.49,2026-08-06,Razorpay Settlement for pay_05b16c8f03c1
BANK-TXN-11776,10517.18,2026-08-05,Razorpay Settlement for pay_3d068049a994
BANK-TXN-11777,10230.4,2026-08-07,Razorpay Settlement for pay_47c94b0ec6b6
BANK-TXN-11778,11109.71,2026-08-12,Razorpay Settlement for pay_7fcedd901458
BANK-TXN-11779,11763.43,2026-08-22,Razorpay Settlement for pay_63872e96af16
BANK-TXN-11780,11049.21,2026-08-25,Razorpay Settlement for pay_4dd02633f102
BANK-TXN-11781,10828.05,2026-08-16,Razorpay Settlement for pay_a4660a284a7c
BANK-TXN-11782,2144.35,2026-08-13,Razorpay Settlement for pay_17adec097a4d
BANK-TXN-11783,8292.21,2026-08-18,Razorpay Settlement for pay_d2873a3d5441
BANK-TXN-11784,2752.07,2026-08-08,Razorpay Settlement for pay_f6899066ff52
BANK-TXN-11785,9287.65,2026-08-31,Razorpay Settlement for pay_517e11830863
BANK-TXN-11786,4447.49,2026-08-22,Razorpay Settlement for pay_bee3f4019b3b
BANK-TXN-11787,626.29,2026-08-10,Razorpay Settlement for pay_8869abf45a4a
BANK-TXN-11788,1658.14,2026-08-18,Razorpay Settlement for pay_9ebf529a9b70
BANK-TXN-11789,8643.79,2026-08-26,Razorpay Settlement for pay_00185ac16cd5
BANK-TXN-11790,301.33,2026-08-08,Razorpay Settlement for pay_6ab7ce288c5b
BANK-TXN-11791,6424.79,2026-08-17,Razorpay Settlement for pay_15644375e3d4
BANK-TXN-11792,12043.55,2026-08-30,Razorpay Settlement for pay_2542b2fae978
BANK-TXN-11793,1026.23,2026-08-14,Razorpay Settlement for pay_fc9ee5c2329f
BANK-TXN-11794,6823.16,2026-08-12,Razorpay Settlement for pay_90e3150dfcaa
BANK-TXN-11795,8926.09,2026-08-28,Razorpay Settlement for pay_55a32d1d7c92
BANK-TXN-11796,6750.62,2026-08-26,Razorpay Settlement for pay_ec8bcf55e4f0
BANK-TXN-11797,241.38,2026-08-15,Razorpay Settlement for pay_a46db6e1c403
BANK-TXN-11798,859.62,2026-08-22,Razorpay Settlement for pay_777eb2d550ad
BANK-TXN-11799,7223.71,2026-08-16,Razorpay Settlement for pay_feb15c5aa53c
BANK-TXN-11800,12627.38,2026-08-15,Razorpay Settlement for pay_d90d88d07619
BANK-TXN-11801,3025.4,2026-08-14,Razorpay Settlement for pay_684f85473ce3
BANK-TXN-11802,12623.07,2026-08-19,Razorpay Settlement for pay_28a8eed3ec8e
BANK-TXN-11803,12268.46,2026-08-17,Razorpay Settlement for pay_f05132a2c1a7
BANK-TXN-11804,7189.37,2026-08-30,Razorpay Settlement for pay_d440a0a9d83a
BANK-TXN-11805,13890.82,2026-08-08,Razorpay Settlement for pay_352656d0c569
BANK-TXN-11806,2520.05,2026-08-15,Razorpay Settlement for pay_b31e870c4998
BANK-TXN-11807,10626.91,2026-08-26,Razorpay Settlement for pay_3dc89e3b56c5
BANK-TXN-11808,13579.37,2026-08-06,Razorpay Settlement for pay_cec37fa1ef25
BANK-TXN-11809,12842.63,2026-08-28,Razorpay Settlement for pay_0c5eadaf5ff9
BANK-TXN-11810,10601.79,2026-08-12,Razorpay Settlement for pay_0b6295c61f7a
BANK-TXN-11811,6533.7,2026-08-22,Razorpay Settlement for pay_fa6d83131485
BANK-TXN-11812,1467.72,2026-08-10,Razorpay Settlement for pay_696925c862ed
BANK-TXN-11813,2925.02,2026-08-25,Razorpay Settlement for pay_0a2be016e138
BANK-TXN-11814,4741.15,2026-08-13,Razorpay Settlement for pay_ecb7a1579e7a
BANK-TXN-11815,1093.58,2026-08-25,Razorpay Settlement for pay_51855b0968a8
BANK-TXN-11816,11382.66,2026-08-14,Razorpay Settlement for pay_67438eebc06e
BANK-TXN-11817,3417.95,2026-08-24,Razorpay Settlement for pay_06752b930c2f
BANK-TXN-11818,2226.7,2026-08-19,Razorpay Settlement for pay_79ad1ac50151
BANK-TXN-11819,6806.7,2026-08-09,Razorpay Settlement for pay_703a2fa03057
BANK-TXN-11820,11817.94,2026-08-26,Razorpay Settlement for pay_6fb26af5d537
BANK-TXN-11821,14559.82,2026-08-12,Razorpay Settlement for pay_f8e3fa371f3b
BANK-TXN-11822,7133.01,2026-08-30,Razorpay Settlement for pay_31c698056336
BANK-TXN-11823,1049.02,2026-08-12,Razorpay Settlement for pay_5d9d7ed4e5e4
BANK-TXN-11824,12496.41,2026-08-29,Razorpay Settlement for pay_326bea217138
BANK-TXN-11825,12748.22,2026-08-25,Razorpay Settlement for pay_3587b456f9fb
BANK-TXN-11826,4534.18,2026-08-18,Razorpay Settlement for pay_50a6949658ac
BANK-TXN-11827,6323.03,2026-08-19,Razorpay Settlement for pay_06b0196d7699
BANK-TXN-11828,1237.72,2026-08-26,Razorpay Settlement for pay_0fcb52f1a632
BANK-TXN-11829,12421.99,2026-08-24,Razorpay Settlement for pay_633c356fbc16
BANK-TXN-11830,11672.69,2026-08-06,Razorpay Settlement for pay_0108595f0b69
BANK-TXN-11831,6832.05,2026-09-01,Razorpay Settlement for pay_09f9622bd269
BANK-TXN-11832,7193.34,2026-08-07,Razorpay Settlement for pay_ba55cc2cb833
BANK-TXN-11833,10861.07,2026-08-09,Razorpay Settlement for pay_41f9e3efb86b
BANK-TXN-11834,10034.32,2026-08-26,Razorpay Settlement for pay_eb4b0dd3b140
BANK-TXN-11835,12403.44,2026-09-01,Razorpay Settlement for pay_5a82d8ca868a
BANK-TXN-11836,13903.2,2026-08-13,Razorpay Settlement for pay_2549145f366f
BANK-TXN-11837,6488.15,2026-08-22,Razorpay Settlement for pay_65c11bc331ad
BANK-TXN-11838,689.03,2026-08-25,Razorpay Settlement for pay_d60898860432
BANK-TXN-11839,8842.64,2026-08-17,Razorpay Settlement for pay_32aba3b81249
BANK-TXN-11840,10229.79,2026-08-25,Razorpay Settlement for pay_9af708953eff
BANK-TXN-11841,4187.74,2026-08-17,Razorpay Settlement for pay_550ff27dd6e5
BANK-TXN-11842,1394.57,2026-08-02,Razorpay Settlement for pay_2c90535b727e
BANK-TXN-11843,529.98,2026-08-23,Razorpay Settlement for pay_4ac14f6f94ce
BANK-TXN-11844,6485.76,2026-08-18,Razorpay Settlement for pay_5341387047b5
BANK-TXN-11845,13378.4,2026-08-12,Razorpay Settlement for pay_a8f1708c3547
BANK-TXN-11846,5907.63,2026-08-28,Razorpay Settlement for pay_188d9830984a
BANK-TXN-11847,10548.22,2026-08-19,Razorpay Settlement for pay_4cc3247bc65e
BANK-TXN-11848,13214.82,2026-08-26,Razorpay Settlement for pay_bed0fcc31569
BANK-TXN-11849,273.22,2026-08-22,Razorpay Settlement for pay_c902be45d551
BANK-TXN-11850,2064.35,2026-08-12,Razorpay Settlement for pay_20211e121de2
BANK-TXN-11851,3920.06,2026-08-07,Razorpay Settlement for pay_9cd502ef8477
BANK-TXN-11852,5469.07,2026-08-06,Razorpay Settlement for pay_dd54429fe5ab
BANK-TXN-11853,3797.88,2026-09-02,Razorpay Settlement for pay_4c9cf588eb70
BANK-TXN-11854,7942.63,2026-08-30,Razorpay Settlement for pay_57c6e089301f
BANK-TXN-11855,7776.75,2026-08-17,Razorpay Settlement for pay_12f5b0e1a320
BANK-TXN-11856,10173.74,2026-08-19,Razorpay Settlement for pay_73948a0f7cbe
BANK-TXN-11857,4542.99,2026-08-03,Razorpay Settlement for pay_3b944ab33170
BANK-TXN-11858,8779.22,2026-08-21,Razorpay Settlement for pay_991990ec6acc
BANK-TXN-11859,1274.51,2026-08-25,Razorpay Settlement for pay_ab7b3f363d95
BANK-TXN-11860,2564.79,2026-08-15,Razorpay Settlement for pay_74fdfd42e4b1
BANK-TXN-11861,6365.18,2026-09-01,Razorpay Settlement for pay_60af2a139c8e
BANK-TXN-11862,10822.72,2026-08-08,Razorpay Settlement for pay_cccd46d40744
BANK-TXN-11863,9591.27,2026-08-14,Razorpay Settlement for pay_62805d80170a
BANK-TXN-11864,14569.27,2026-08-28,Razorpay Settlement for pay_e1dd435f1162
BANK-TXN-11865,1320.41,2026-08-03,Razorpay Settlement for pay_2e59c45eb433
BANK-TXN-11866,6095.95,2026-08-05,Razorpay Settlement for pay_8304bc6fbe9b
BANK-TXN-11867,5033.34,2026-08-04,Razorpay Settlement for pay_f08db07ace94
BANK-TXN-11868,339.06,2026-08-29,Razorpay Settlement for pay_0d3890c8aa08
BANK-TXN-11869,13621.42,2026-08-14,Razorpay Settlement for pay_256557822b26
BANK-TXN-11870,12108.76,2026-08-25,Razorpay Settlement for pay_8f0e32d5d835
BANK-TXN-11871,8494.58,2026-08-18,Razorpay Settlement for pay_e44b79857c75
BANK-TXN-11872,5202.39,2026-09-01,Razorpay Settlement for pay_53c2b698d2e0
BANK-TXN-11873,333.75,2026-08-20,Razorpay Settlement for pay_14781bd6653b
BANK-TXN-11874,8427.9,2026-08-06,Razorpay Settlement for pay_64ad4a48b8fc
BANK-TXN-11875,14330.15,2026-09-01,Razorpay Settlement for pay_b3f6eac5c12e
BANK-TXN-11876,6835.74,2026-08-21,Razorpay Settlement for pay_31569ffa790d
BANK-TXN-11877,4356.03,2026-08-27,Razorpay Settlement for pay_eceac8a25489
BANK-TXN-11878,13594.97,2026-09-02,Razorpay Settlement for pay_b070d8601267
BANK-TXN-11879,6092.09,2026-08-22,Razorpay Settlement for pay_aee8cc9b9375
BANK-TXN-11880,1304.78,2026-08-05,Razorpay Settlement for pay_4e8e2d5a0e38
BANK-TXN-11881,1422.82,2026-08-08,Razorpay Settlement for pay_2879d8b2ce47
BANK-TXN-11882,12877.61,2026-09-01,Razorpay Settlement for pay_19c53b4958b2
BANK-TXN-11883,7152.93,2026-08-19,Razorpay Settlement for pay_af7d812539fa
BANK-TXN-11884,13407.5,2026-08-03,Razorpay Settlement for pay_ada4571ea2c9
BANK-TXN-11885,11069.19,2026-08-16,Razorpay Settlement for pay_c6c54d8a2307
BANK-TXN-11886,9031.75,2026-08-23,Razorpay Settlement for pay_c03c30316acd
BANK-TXN-11887,3460.39,2026-08-23,Razorpay Settlement for pay_24e65b60fd5c
BANK-TXN-11888,5320.14,2026-08-28,Razorpay Settlement for pay_f590f157f3ab
BANK-TXN-11889,5610.11,2026-08-17,Razorpay Settlement for pay_fb1ddb546202
BANK-TXN-11890,12259.36,2026-09-01,Razorpay Settlement for pay_2809b94f76bb
BANK-TXN-11891,4035.94,2026-08-11,Razorpay Settlement for pay_d19e9e6eceb4
BANK-TXN-11892,3350.09,2026-08-23,Razorpay Settlement for pay_944b9ae32c3b
BANK-TXN-11893,6912.18,2026-08-18,Razorpay Settlement for pay_c2f2411c3d9e
BANK-TXN-11894,6872.98,2026-08-13,Razorpay Settlement for pay_20e223e636d5
BANK-TXN-11895,13087.85,2026-08-05,Razorpay Settlement for pay_63ddbbce19d7
BANK-TXN-11896,6444.38,2026-08-13,Razorpay Settlement for pay_7ee56efeb90b
BANK-TXN-11897,2425.42,2026-08-19,Razorpay Settlement for pay_c20418b06c21
BANK-TXN-11898,9719.82,2026-08-02,Razorpay Settlement for pay_3ddd5e2176a2
BANK-TXN-11899,5482.65,2026-08-14,Razorpay Settlement for pay_97bf52067fb5
BANK-TXN-11900,14544.71,2026-08-27,Razorpay Settlement for pay_245afc37a6c8
BANK-TXN-11901,6490.16,2026-08-06,Razorpay Settlement for pay_cbb6723d93df
BANK-TXN-11902,2945.48,2026-08-24,Razorpay Settlement for pay_dbb704c09795
BANK-TXN-11903,4999.92,2026-08-14,Razorpay Settlement for pay_a0aae66d6051
BANK-TXN-11904,14115.47,2026-08-23,Razorpay Settlement for pay_580e63184043
BANK-TXN-11905,7383.71,2026-08-16,Razorpay Settlement for pay_1bc12b3accdb
BANK-TXN-11906,10561.65,2026-08-26,Razorpay Settlement for pay_420518ff79fe
BANK-TXN-11907,7475.4,2026-08-15,ACH Credit - Direct Deposit / Unmatched Transfer
BANK-TXN-11908,3860.52,2026-08-15,ACH Credit - Direct Deposit / Unmatched Transfer
BANK-TXN-11909,1043.02,2026-08-15,ACH Credit - Direct Deposit / Unmatched Transfer
BANK-TXN-11910,2238.88,2026-08-15,ACH Credit - Direct Deposit / Unmatched Transfer
BANK-TXN-11911,8940.06,2026-08-15,ACH Credit - Direct Deposit / Unmatched Transfer
BANK-TXN-11912,9932.58,2026-08-15,ACH Credit - Direct Deposit / Unmatched Transfer
BANK-TXN-11913,3706.57,2026-08-15,ACH Credit - Direct Deposit / Unmatched Transfer
BANK-TXN-11914,4030.11,2026-08-15,ACH Credit - Direct Deposit / Unmatched Transfer
BANK-TXN-11915,968.43,2026-08-15,ACH Credit - Direct Deposit / Unmatched Transfer
BANK-TXN-11916,4201.31,2026-08-15,ACH Credit - Direct Deposit / Unmatched Transfer
BANK-TXN-11917,8414.6,2026-08-15,ACH Credit - Direct Deposit / Unmatched Transfer
BANK-TXN-11918,6536.6,2026-08-15,ACH Credit - Direct Deposit / Unmatched Transfer
BANK-TXN-11919,7359.57,2026-08-15,ACH Credit - Direct Deposit / Unmatched Transfer
BANK-TXN-11920,8712.69,2026-08-15,ACH Credit - Direct Deposit / Unmatched Transfer
BANK-TXN-11921,2824.1,2026-08-15,ACH Credit - Direct Deposit / Unmatched Transfer
BANK-TXN-11922,8623.29,2026-08-15,ACH Credit - Direct Deposit / Unmatched Transfer
BANK-TXN-11923,1590.03,2026-08-15,ACH Credit - Direct Deposit / Unmatched Transfer
BANK-TXN-11924,1026.51,2026-08-15,ACH Credit - Direct Deposit / Unmatched Transfer
BANK-TXN-11925,4269.79,2026-08-15,ACH Credit - Direct Deposit / Unmatched Transfer
BANK-TXN-11926,8033.34,2026-08-15,ACH Credit - Direct Deposit / Unmatched Transfer
BANK-TXN-11927,3119.91,2026-08-15,ACH Credit - Direct Deposit / Unmatched Transfer
BANK-TXN-11928,8362.89,2026-08-15,ACH Credit - Direct Deposit / Unmatched Transfer
BANK-TXN-11929,559.97,2026-08-15,ACH Credit - Direct Deposit / Unmatched Transfer
BANK-TXN-11930,6855.52,2026-08-15,ACH Credit - Direct Deposit / Unmatched Transfer
BANK-TXN-11931,2676.59,2026-08-15,ACH Credit - Direct Deposit / Unmatched Transfer
BANK-TXN-11932,5809.46,2026-08-15,ACH Credit - Direct Deposit / Unmatched Transfer
BANK-TXN-11933,3396.46,2026-08-15,ACH Credit - Direct Deposit / Unmatched Transfer
BANK-TXN-11934,1659.23,2026-08-15,ACH Credit - Direct Deposit / Unmatched Transfer
BANK-TXN-11935,5836.0,2026-08-15,ACH Credit - Direct Deposit / Unmatched Transfer
BANK-TXN-11936,1910.72,2026-08-15,ACH Credit - Direct Deposit / Unmatched Transfer
BANK-TXN-11937,8940.55,2026-08-15,ACH Credit - Direct Deposit / Unmatched Transfer
BANK-TXN-11938,1181.5,2026-08-15,ACH Credit - Direct Deposit / Unmatched Transfer
BANK-TXN-11939,7860.3,2026-08-15,ACH Credit - Direct Deposit / Unmatched Transfer
BANK-TXN-11940,2157.89,2026-08-15,ACH Credit - Direct Deposit / Unmatched Transfer
BANK-TXN-11941,6780.44,2026-08-15,ACH Credit - Direct Deposit / Unmatched Transfer
BANK-TXN-11942,5332.82,2026-08-15,ACH Credit - Direct Deposit / Unmatched Transfer
BANK-TXN-11943,3224.83,2026-08-15,ACH Credit - Direct Deposit / Unmatched Transfer
BANK-TXN-11944,4293.32,2026-08-15,ACH Credit - Direct Deposit / Unmatched Transfer
BANK-TXN-11945,5923.65,2026-08-15,ACH Credit - Direct Deposit / Unmatched Transfer
BANK-TXN-11946,7340.9,2026-08-15,ACH Credit - Direct Deposit / Unmatched Transfer
BANK-TXN-11947,6740.08,2026-08-15,ACH Credit - Direct Deposit / Unmatched Transfer
BANK-TXN-11948,4168.11,2026-08-15,ACH Credit - Direct Deposit / Unmatched Transfer
BANK-TXN-11949,3481.39,2026-08-15,ACH Credit - Direct Deposit / Unmatched Transfer
BANK-TXN-11950,3130.06,2026-08-15,ACH Credit - Direct Deposit / Unmatched Transfer
BANK-TXN-11951,5023.37,2026-08-15,ACH Credit - Direct Deposit / Unmatched Transfer
BANK-TXN-11952,3934.56,2026-08-15,ACH Credit - Direct Deposit / Unmatched Transfer
BANK-TXN-11953,2888.56,2026-08-15,ACH Credit - Direct Deposit / Unmatched Transfer
BANK-TXN-11954,1190.85,2026-08-15,ACH Credit - Direct Deposit / Unmatched Transfer
BANK-TXN-11955,2155.66,2026-08-15,ACH Credit - Direct Deposit / Unmatched Transfer
BANK-TXN-11956,6448.99,2026-08-15,ACH Credit - Direct Deposit / Unmatched Transfer
