order_id,customer_name,date,expected_amount
ORD-2026-00001,Priya Sharma,2026-08-24 08:15:00,3503.52
ORD-2026-00002,Priya Kumar,2026-08-24 17:05:00,8939.29
ORD-2026-00003,Ananya Sharma,2026-08-03 06:14:00,7679.26
ORD-2026-00004,Aarav Joshi,2026-08-07 22:41:00,10579.61
ORD-2026-00005,Neha Rao,2026-08-15 18:17:00,12179.57
ORD-2026-00006,Aarav Menon,2026-08-26 05:44:00,6454.69
ORD-2026-00007,Arjun Patel,2026-08-07 10:06:00,1572.64
ORD-2026-00008,Priya Nair,2026-08-28 11:38:00,4114.91
ORD-2026-00009,Ananya Das,2026-08-15 17:07:00,14602.11
ORD-2026-00010,Rahul Verma,2026-08-18 09:53:00,9503.87
ORD-2026-00011,Pooja Singh,2026-08-07 22:04:00,878.2
ORD-2026-00012,Sneha Menon,2026-08-10 02:54:00,3645.31
ORD-2026-00013,Priya Reddy,2026-08-09 14:40:00,12544.83
ORD-2026-00014,Meera Nair,2026-08-12 06:42:00,4151.27
ORD-2026-00015,Rohan Singh,2026-08-21 05:34:00,10991.08
ORD-2026-00016,Meera Gupta,2026-08-13 08:59:00,9672.0
ORD-2026-00017,Sneha Kumar,2026-08-11 01:14:00,12362.68
ORD-2026-00018,Siddharth Reddy,2026-08-09 02:13:00,13714.41
ORD-2026-00019,Siddharth Rao,2026-08-21 15:25:00,13293.31
ORD-2026-00020,Aditya Patel,2026-08-09 04:15:00,11225.84
ORD-2026-00021,Arjun Das,2026-08-19 13:57:00,8836.29
ORD-2026-00022,Pooja Rao,2026-08-05 16:31:00,1545.46
ORD-2026-00023,Ananya Pillai,2026-08-04 04:40:00,2567.73
ORD-2026-00024,Neha Singh,2026-08-03 12:24:00,9019.15
ORD-2026-00025,Aditya Joshi,2026-08-09 17:55:00,14147.98
ORD-2026-00026,Priya Kumar,2026-08-29 17:48:00,4149.01
ORD-2026-00027,Siddharth Verma,2026-08-10 13:10:00,6915.11
ORD-2026-00028,Arjun Joshi,2026-08-25 05:32:00,13706.89
ORD-2026-00029,Divya Pillai,2026-08-21 16:38:00,3143.88
ORD-2026-00030,Pooja Menon,2026-08-06 17:49:00,13852.02
ORD-2026-00031,Aarav Singh,2026-08-11 15:01:00,1855.64
ORD-2026-00032,Pooja Pillai,2026-08-26 09:15:00,1057.29
ORD-2026-00033,Rohan Verma,2026-08-24 15:52:00,1224.35
ORD-2026-00034,Karthik Patel,2026-08-22 15:35:00,2643.88
ORD-2026-00035,Neha Rao,2026-08-30 17:48:00,11002.98
ORD-2026-00036,Vikram Das,2026-08-10 12:42:00,9818.2
ORD-2026-00037,Aditya Joshi,2026-08-15 03:15:00,3525.52
ORD-2026-00038,Siddharth Sharma,2026-08-19 17:14:00,8908.91
ORD-2026-00039,Aarav Verma,2026-08-23 20:03:00,3588.34
ORD-2026-00040,Ananya Pillai,2026-08-11 02:32:00,3722.47
ORD-2026-00041,Kavya Rao,2026-08-18 04:46:00,14045.61
ORD-2026-00042,Kavya Rao,2026-08-26 15:51:00,6224.49
ORD-2026-00043,Priya Verma,2026-08-22 13:22:00,6468.96
ORD-2026-00044,Aditya Pillai,2026-08-24 01:43:00,9871.14
ORD-2026-00045,Priya Sharma,2026-08-13 23:21:00,12048.77
ORD-2026-00046,Priya Rao,2026-08-07 06:34:00,6839.48
ORD-2026-00047,Neha Patel,2026-08-09 14:15:00,13142.39
ORD-2026-00048,Rohan Gupta,2026-08-26 17:06:00,948.71
ORD-2026-00049,Aarav Verma,2026-08-30 07:10:00,6214.93
ORD-2026-00050,Kavya Rao,2026-08-28 12:57:00,1067.8
ORD-2026-00051,Rahul Sharma,2026-08-13 08:59:00,11804.24
ORD-2026-00052,Aditya Iyer,2026-08-14 22:46:00,14932.26
ORD-2026-00053,Kavya Patel,2026-08-07 09:13:00,14536.9
ORD-2026-00054,Ananya Das,2026-08-11 01:03:00,8845.83
ORD-2026-00055,Meera Sharma,2026-08-31 16:05:00,12799.87
ORD-2026-00056,Rohan Singh,2026-08-03 21:55:00,3681.02
ORD-2026-00057,Priya Singh,2026-08-08 18:38:00,788.18
ORD-2026-00058,Rohan Reddy,2026-08-22 18:36:00,7937.18
ORD-2026-00059,Arjun Rao,2026-08-22 22:20:00,3732.55
ORD-2026-00060,Rahul Patel,2026-08-22 20:19:00,6966.92
ORD-2026-00061,Rohan Sharma,2026-08-15 19:36:00,14942.23
ORD-2026-00062,Rohan Joshi,2026-08-07 16:16:00,2160.36
ORD-2026-00063,Pooja Verma,2026-08-29 07:23:00,4417.81
ORD-2026-00064,Aditya Pillai,2026-08-18 22:19:00,9252.83
ORD-2026-00065,Aarav Kumar,2026-08-27 17:19:00,13989.99
ORD-2026-00066,Priya Patel,2026-08-09 03:56:00,1784.13
ORD-2026-00067,Karthik Iyer,2026-08-10 19:13:00,10820.66
ORD-2026-00068,Vikram Kumar,2026-08-21 08:32:00,7430.27
ORD-2026-00069,Ananya Verma,2026-08-21 13:53:00,4294.87
ORD-2026-00070,Aarav Nair,2026-08-25 04:40:00,14701.01
ORD-2026-00071,Meera Das,2026-08-15 17:45:00,6529.77
ORD-2026-00072,Aarav Verma,2026-08-03 22:57:00,2406.0
ORD-2026-00073,Ananya Pillai,2026-08-12 18:35:00,2391.79
ORD-2026-00074,Karthik Sharma,2026-08-10 11:57:00,14009.7
ORD-2026-00075,Ananya Nair,2026-08-07 21:15:00,10070.61
ORD-2026-00076,Pooja Menon,2026-08-18 13:39:00,11292.27
ORD-2026-00077,Sneha Pillai,2026-08-06 05:56:00,6301.96
ORD-2026-00078,Meera Das,2026-08-30 10:50:00,13976.08
ORD-2026-00079,Sneha Iyer,2026-08-06 22:06:00,5861.62
ORD-2026-00080,Ananya Pillai,2026-08-16 07:12:00,12285.48
ORD-2026-00081,Aditya Nair,2026-08-10 07:14:00,550.23
ORD-2026-00082,Vikram Reddy,2026-08-11 08:55:00,1227.43
ORD-2026-00083,Arjun Nair,2026-08-21 16:25:00,10256.87
ORD-2026-00084,Siddharth Sharma,2026-08-04 08:11:00,8792.73
ORD-2026-00085,Arjun Sharma,2026-08-04 19:27:00,5316.17
ORD-2026-00086,Siddharth Reddy,2026-08-20 16:07:00,5900.89
ORD-2026-00087,Vikram Iyer,2026-08-02 22:27:00,225.03
ORD-2026-00088,Vikram Nair,2026-08-14 02:42:00,13827.41
ORD-2026-00089,Siddharth Kumar,2026-08-28 03:46:00,13520.69
ORD-2026-00090,Divya Kumar,2026-08-14 10:25:00,10518.68
ORD-2026-00091,Karthik Rao,2026-08-14 21:24:00,10224.31
ORD-2026-00092,Meera Singh,2026-08-19 09:25:00,8309.47
ORD-2026-00093,Aarav Iyer,2026-08-10 06:27:00,11829.23
ORD-2026-00094,Siddharth Gupta,2026-08-15 14:43:00,3362.78
ORD-2026-00095,Kavya Menon,2026-08-29 23:10:00,9950.99
ORD-2026-00096,Divya Joshi,2026-08-22 20:39:00,5160.79
ORD-2026-00097,Sneha Kumar,2026-08-10 07:51:00,3147.12
ORD-2026-00098,Aarav Sharma,2026-08-08 15:39:00,12776.12
ORD-2026-00099,Rohan Gupta,2026-08-14 20:36:00,3077.64
ORD-2026-00100,Rahul Gupta,2026-08-13 07:09:00,9909.66
ORD-2026-00101,Aarav Menon,2026-08-28 03:49:00,6492.16
ORD-2026-00102,Meera Menon,2026-08-31 22:33:00,7075.34
ORD-2026-00103,Sneha Pillai,2026-08-04 14:08:00,12060.97
ORD-2026-00104,Siddharth Menon,2026-08-29 14:39:00,12262.1
ORD-2026-00105,Neha Pillai,2026-08-30 17:28:00,13478.68
ORD-2026-00106,Kavya Gupta,2026-08-09 07:53:00,9637.39
ORD-2026-00107,Kavya Kumar,2026-08-08 08:28:00,1346.75
ORD-2026-00108,Divya Rao,2026-08-09 10:20:00,13416.8
ORD-2026-00109,Rohan Patel,2026-08-05 07:24:00,10470.46
ORD-2026-00110,Vikram Verma,2026-08-14 13:21:00,8230.64
ORD-2026-00111,Neha Sharma,2026-08-07 13:24:00,13591.61
ORD-2026-00112,Aarav Pillai,2026-08-29 18:24:00,7259.3
ORD-2026-00113,Pooja Iyer,2026-08-25 12:54:00,13396.29
ORD-2026-00114,Neha Joshi,2026-08-24 23:34:00,12038.05
ORD-2026-00115,Sneha Gupta,2026-08-08 08:27:00,7387.5
ORD-2026-00116,Rahul Nair,2026-08-22 21:51:00,6183.89
ORD-2026-00117,Meera Pillai,2026-08-15 04:39:00,8105.03
ORD-2026-00118,Rahul Singh,2026-08-19 21:01:00,1442.42
ORD-2026-00119,Neha Patel,2026-08-28 14:11:00,944.21
ORD-2026-00120,Rahul Nair,2026-08-07 14:20:00,5195.01
ORD-2026-00121,Rahul Iyer,2026-08-25 13:16:00,12556.68
ORD-2026-00122,Kavya Sharma,2026-08-24 17:03:00,14998.64
ORD-2026-00123,Pooja Rao,2026-08-21 02:49:00,14367.83
ORD-2026-00124,Ananya Menon,2026-08-01 07:12:00,12620.59
ORD-2026-00125,Karthik Rao,2026-08-05 15:42:00,1892.96
ORD-2026-00126,Vikram Gupta,2026-08-23 08:49:00,5659.65
ORD-2026-00127,Priya Menon,2026-08-27 05:19:00,1799.86
ORD-2026-00128,Aarav Iyer,2026-08-19 21:58:00,14380.96
ORD-2026-00129,Rahul Das,2026-08-07 02:37:00,10421.09
ORD-2026-00130,Sneha Verma,2026-08-23 09:54:00,10327.03
ORD-2026-00131,Priya Menon,2026-08-19 01:22:00,8084.63
ORD-2026-00132,Pooja Verma,2026-08-17 20:21:00,387.25
ORD-2026-00133,Neha Pillai,2026-08-16 03:27:00,14419.66
ORD-2026-00134,Aditya Das,2026-08-05 13:11:00,11060.17
ORD-2026-00135,Arjun Singh,2026-08-26 17:49:00,7355.76
ORD-2026-00136,Neha Pillai,2026-08-24 18:17:00,4970.11
ORD-2026-00137,Sneha Pillai,2026-08-30 02:17:00,13248.14
ORD-2026-00138,Sneha Menon,2026-08-15 18:39:00,10089.19
ORD-2026-00139,Siddharth Sharma,2026-08-16 10:11:00,7415.74
ORD-2026-00140,Pooja Menon,2026-08-09 10:17:00,13228.74
ORD-2026-00141,Arjun Joshi,2026-08-01 16:12:00,1467.07
ORD-2026-00142,Neha Gupta,2026-08-18 07:44:00,7246.18
ORD-2026-00143,Kavya Gupta,2026-08-26 00:05:00,4554.69
ORD-2026-00144,Rahul Das,2026-08-08 09:42:00,8807.02
ORD-2026-00145,Kavya Joshi,2026-08-17 11:27:00,14950.15
ORD-2026-00146,Siddharth Nair,2026-08-23 14:17:00,4738.02
ORD-2026-00147,Sneha Verma,2026-08-24 06:20:00,1969.41
ORD-2026-00148,Meera Rao,2026-08-07 23:30:00,4292.19
ORD-2026-00149,Divya Verma,2026-08-27 06:18:00,3566.75
ORD-2026-00150,Meera Iyer,2026-08-01 22:34:00,2073.43
ORD-2026-00151,Ananya Sharma,2026-08-18 09:44:00,14172.53
ORD-2026-00152,Kavya Verma,2026-08-28 00:36:00,4408.22
ORD-2026-00153,Kavya Gupta,2026-08-11 05:03:00,3936.68
ORD-2026-00154,Kavya Verma,2026-08-27 02:25:00,7477.85
ORD-2026-00155,Ananya Patel,2026-08-05 18:19:00,1460.68
ORD-2026-00156,Sneha Verma,2026-08-18 13:38:00,9022.68
ORD-2026-00157,Sneha Menon,2026-08-17 12:28:00,13645.86
ORD-2026-00158,Divya Pillai,2026-08-19 13:19:00,8615.72
ORD-2026-00159,Ananya Singh,2026-08-31 23:06:00,14224.33
ORD-2026-00160,Vikram Kumar,2026-08-07 08:42:00,1401.57
ORD-2026-00161,Sneha Patel,2026-08-18 02:10:00,239.6
ORD-2026-00162,Aditya Das,2026-08-20 15:18:00,683.07
ORD-2026-00163,Divya Das,2026-08-10 22:55:00,6919.66
ORD-2026-00164,Sneha Iyer,2026-08-26 20:37:00,9985.51
ORD-2026-00165,Vikram Reddy,2026-08-04 17:14:00,9784.99
ORD-2026-00166,Arjun Pillai,2026-08-05 02:03:00,2655.66
ORD-2026-00167,Divya Singh,2026-08-24 18:58:00,4471.44
ORD-2026-00168,Priya Gupta,2026-08-23 09:44:00,6157.13
ORD-2026-00169,Arjun Joshi,2026-08-18 15:28:00,1390.54
ORD-2026-00170,Ananya Reddy,2026-08-24 10:38:00,3905.44
ORD-2026-00171,Rohan Rao,2026-08-31 21:53:00,12935.65
ORD-2026-00172,Aarav Menon,2026-08-22 08:36:00,795.43
ORD-2026-00173,Meera Gupta,2026-08-17 20:28:00,13757.88
ORD-2026-00174,Meera Singh,2026-08-14 20:52:00,7477.54
ORD-2026-00175,Rohan Gupta,2026-08-12 13:21:00,4951.66
ORD-2026-00176,Priya Pillai,2026-08-06 10:26:00,10466.37
ORD-2026-00177,Divya Kumar,2026-08-31 12:52:00,11455.4
ORD-2026-00178,Ananya Gupta,2026-08-03 10:16:00,4984.45
ORD-2026-00179,Rahul Pillai,2026-08-17 00:42:00,13066.64
ORD-2026-00180,Aditya Reddy,2026-08-02 06:33:00,5554.33
ORD-2026-00181,Kavya Kumar,2026-08-15 01:13:00,4152.43
ORD-2026-00182,Karthik Iyer,2026-08-15 22:31:00,1997.11
ORD-2026-00183,Sneha Das,2026-08-06 09:35:00,402.38
ORD-2026-00184,Neha Verma,2026-08-08 03:29:00,14216.5
ORD-2026-00185,Karthik Gupta,2026-08-30 22:18:00,7731.31
ORD-2026-00186,Arjun Reddy,2026-08-27 15:30:00,3807.22
ORD-2026-00187,Karthik Reddy,2026-08-07 19:32:00,11245.13
ORD-2026-00188,Karthik Pillai,2026-08-03 08:49:00,11892.09
ORD-2026-00189,Neha Nair,2026-08-30 16:17:00,12344.13
ORD-2026-00190,Divya Das,2026-08-10 18:37:00,14983.75
ORD-2026-00191,Kavya Pillai,2026-08-05 14:34:00,7368.25
ORD-2026-00192,Siddharth Joshi,2026-08-25 17:24:00,6939.1
ORD-2026-00193,Siddharth Pillai,2026-08-07 22:15:00,8662.61
ORD-2026-00194,Sneha Pillai,2026-08-25 13:02:00,4909.01
ORD-2026-00195,Kavya Das,2026-08-30 12:24:00,14828.53
ORD-2026-00196,Karthik Gupta,2026-08-31 01:08:00,7633.91
ORD-2026-00197,Siddharth Pillai,2026-08-04 14:06:00,7984.08
ORD-2026-00198,Aditya Sharma,2026-08-24 04:26:00,13089.81
ORD-2026-00199,Karthik Verma,2026-08-16 08:21:00,9424.24
ORD-2026-00200,Rahul Kumar,2026-08-03 10:54:00,10180.49
ORD-2026-00201,Rahul Nair,2026-08-21 22:56:00,11439.15
ORD-2026-00202,Ananya Singh,2026-08-03 07:40:00,10329.11
ORD-2026-00203,Divya Rao,2026-08-24 02:27:00,14679.4
ORD-2026-00204,Priya Gupta,2026-08-06 22:19:00,13570.68
ORD-2026-00205,Ananya Nair,2026-08-26 01:18:00,5505.26
ORD-2026-00206,Neha Patel,2026-08-08 16:26:00,8575.74
ORD-2026-00207,Meera Patel,2026-08-06 02:39:00,13088.43
ORD-2026-00208,Sneha Gupta,2026-08-30 18:09:00,3636.39
ORD-2026-00209,Arjun Gupta,2026-08-09 21:00:00,13503.85
ORD-2026-00210,Aditya Iyer,2026-08-22 17:10:00,1293.16
ORD-2026-00211,Pooja Singh,2026-08-10 20:27:00,10416.64
ORD-2026-00212,Aditya Pillai,2026-08-10 06:24:00,12829.36
ORD-2026-00213,Priya Rao,2026-08-13 18:22:00,8707.22
ORD-2026-00214,Divya Sharma,2026-08-27 21:25:00,4262.31
ORD-2026-00215,Ananya Singh,2026-08-24 15:53:00,13581.5
ORD-2026-00216,Divya Menon,2026-08-26 07:38:00,12068.59
ORD-2026-00217,Sneha Kumar,2026-08-07 19:16:00,10230.91
ORD-2026-00218,Karthik Kumar,2026-08-04 20:41:00,783.45
ORD-2026-00219,Aditya Sharma,2026-08-19 11:46:00,2144.89
ORD-2026-00220,Divya Nair,2026-08-24 13:11:00,3171.76
ORD-2026-00221,Pooja Joshi,2026-08-17 08:53:00,2635.26
ORD-2026-00222,Kavya Menon,2026-08-10 23:55:00,5212.99
ORD-2026-00223,Priya Gupta,2026-08-31 02:09:00,11361.44
ORD-2026-00224,Sneha Pillai,2026-08-22 23:43:00,14703.15
ORD-2026-00225,Pooja Verma,2026-08-26 12:00:00,4113.99
ORD-2026-00226,Priya Gupta,2026-08-12 21:47:00,10150.64
ORD-2026-00227,Rahul Pillai,2026-08-21 11:06:00,10187.58
ORD-2026-00228,Kavya Sharma,2026-08-20 17:20:00,13745.79
ORD-2026-00229,Sneha Kumar,2026-08-03 20:52:00,7071.16
ORD-2026-00230,Divya Kumar,2026-08-14 03:08:00,871.13
ORD-2026-00231,Ananya Iyer,2026-08-16 03:06:00,3675.04
ORD-2026-00232,Karthik Reddy,2026-08-15 11:42:00,14250.84
ORD-2026-00233,Neha Singh,2026-08-24 23:09:00,13304.12
ORD-2026-00234,Priya Pillai,2026-08-16 19:26:00,14097.99
ORD-2026-00235,Arjun Sharma,2026-08-23 11:13:00,6762.07
ORD-2026-00236,Sneha Pillai,2026-08-12 03:43:00,5636.56
ORD-2026-00237,Pooja Sharma,2026-08-13 08:12:00,14529.46
ORD-2026-00238,Aditya Verma,2026-08-22 06:41:00,9664.5
ORD-2026-00239,Aarav Sharma,2026-08-26 10:15:00,14834.55
ORD-2026-00240,Vikram Verma,2026-08-27 17:13:00,8878.47
ORD-2026-00241,Sneha Nair,2026-08-25 04:50:00,13527.86
ORD-2026-00242,Aarav Iyer,2026-08-28 04:08:00,8195.19
ORD-2026-00243,Meera Verma,2026-08-22 00:08:00,419.93
ORD-2026-00244,Sneha Singh,2026-08-11 00:11:00,4127.44
ORD-2026-00245,Karthik Das,2026-08-14 16:07:00,11235.85
ORD-2026-00246,Kavya Gupta,2026-08-25 11:32:00,8986.26
ORD-2026-00247,Aditya Joshi,2026-08-08 19:02:00,10963.2
ORD-2026-00248,Divya Gupta,2026-08-21 00:03:00,14979.08
ORD-2026-00249,Rahul Reddy,2026-08-22 03:31:00,10743.54
ORD-2026-00250,Aditya Verma,2026-08-29 02:20:00,9202.8
ORD-2026-00251,Rohan Patel,2026-08-09 19:40:00,8863.4
ORD-2026-00252,Siddharth Reddy,2026-08-20 16:18:00,6914.99
ORD-2026-00253,Neha Verma,2026-08-26 22:07:00,12821.33
ORD-2026-00254,Vikram Reddy,2026-08-15 07:26:00,5216.19
ORD-2026-00255,Aditya Reddy,2026-08-14 23:06:00,4825.72
ORD-2026-00256,Siddharth Kumar,2026-08-09 11:09:00,10364.95
ORD-2026-00257,Kavya Verma,2026-08-03 02:05:00,6591.77
ORD-2026-00258,Pooja Menon,2026-08-05 17:03:00,8879.68
ORD-2026-00259,Siddharth Kumar,2026-08-04 13:22:00,13129.39
ORD-2026-00260,Neha Pillai,2026-08-30 23:03:00,14532.3
ORD-2026-00261,Divya Nair,2026-08-04 18:32:00,3348.53
ORD-2026-00262,Kavya Rao,2026-08-28 03:22:00,12711.53
ORD-2026-00263,Pooja Verma,2026-08-25 08:36:00,3547.15
ORD-2026-00264,Neha Pillai,2026-08-18 19:39:00,10189.66
ORD-2026-00265,Aarav Singh,2026-08-30 21:53:00,10463.37
ORD-2026-00266,Aarav Patel,2026-08-09 22:48:00,4772.97
ORD-2026-00267,Siddharth Nair,2026-08-01 05:55:00,2320.12
ORD-2026-00268,Rahul Verma,2026-08-05 23:40:00,14582.79
ORD-2026-00269,Rohan Das,2026-08-17 06:24:00,6413.52
ORD-2026-00270,Siddharth Patel,2026-08-12 09:46:00,5000.87
ORD-2026-00271,Rohan Sharma,2026-08-05 05:48:00,9344.01
ORD-2026-00272,Rohan Iyer,2026-08-15 21:27:00,7387.79
ORD-2026-00273,Aditya Reddy,2026-08-09 06:48:00,7782.73
ORD-2026-00274,Pooja Reddy,2026-08-04 09:43:00,10241.6
ORD-2026-00275,Kavya Joshi,2026-08-22 09:02:00,3463.67
ORD-2026-00276,Ananya Sharma,2026-08-07 09:13:00,11556.77
ORD-2026-00277,Arjun Iyer,2026-08-11 03:00:00,7561.3
ORD-2026-00278,Neha Patel,2026-08-05 12:34:00,10614.33
ORD-2026-00279,Pooja Verma,2026-08-13 23:02:00,6656.05
ORD-2026-00280,Aditya Verma,2026-08-28 10:36:00,6553.41
ORD-2026-00281,Rahul Das,2026-08-21 13:18:00,1904.57
ORD-2026-00282,Aarav Nair,2026-08-06 19:29:00,12513.98
ORD-2026-00283,Pooja Verma,2026-08-14 03:15:00,6648.01
ORD-2026-00284,Rahul Joshi,2026-08-03 12:55:00,4792.06
ORD-2026-00285,Siddharth Rao,2026-08-11 05:04:00,7755.15
ORD-2026-00286,Priya Joshi,2026-08-17 06:57:00,11688.18
ORD-2026-00287,Pooja Das,2026-08-31 20:52:00,2385.81
ORD-2026-00288,Priya Patel,2026-08-09 06:11:00,9115.5
ORD-2026-00289,Rohan Patel,2026-08-31 20:31:00,7066.51
ORD-2026-00290,Aditya Kumar,2026-08-30 18:41:00,9602.42
ORD-2026-00291,Siddharth Pillai,2026-08-21 10:09:00,6708.49
ORD-2026-00292,Kavya Gupta,2026-08-21 09:50:00,4265.17
ORD-2026-00293,Ananya Nair,2026-08-17 02:19:00,7033.79
ORD-2026-00294,Ananya Sharma,2026-08-12 09:04:00,9741.06
ORD-2026-00295,Rohan Singh,2026-08-20 16:24:00,7048.13
ORD-2026-00296,Ananya Gupta,2026-08-30 18:41:00,2985.94
ORD-2026-00297,Kavya Joshi,2026-08-05 01:28:00,1731.83
ORD-2026-00298,Siddharth Das,2026-08-03 16:41:00,2753.87
ORD-2026-00299,Sneha Das,2026-08-15 14:33:00,7936.67
ORD-2026-00300,Meera Nair,2026-08-12 09:24:00,6249.79
ORD-2026-00301,Siddharth Kumar,2026-08-20 01:50:00,9537.12
ORD-2026-00302,Siddharth Verma,2026-08-11 03:35:00,10240.01
ORD-2026-00303,Divya Iyer,2026-08-24 21:58:00,9119.97
ORD-2026-00304,Karthik Nair,2026-08-03 18:42:00,2293.14
ORD-2026-00305,Pooja Iyer,2026-08-31 20:44:00,9999.6
ORD-2026-00306,Karthik Singh,2026-08-23 02:19:00,8472.05
ORD-2026-00307,Siddharth Pillai,2026-08-05 21:44:00,12468.59
ORD-2026-00308,Rohan Kumar,2026-08-22 13:32:00,5555.06
ORD-2026-00309,Pooja Iyer,2026-08-06 06:21:00,14225.49
ORD-2026-00310,Kavya Rao,2026-08-08 04:09:00,1342.04
ORD-2026-00311,Priya Joshi,2026-08-25 17:53:00,11131.93
ORD-2026-00312,Ananya Kumar,2026-08-11 19:08:00,9039.25
ORD-2026-00313,Karthik Patel,2026-08-06 22:49:00,9446.16
ORD-2026-00314,Meera Das,2026-08-15 01:26:00,5591.63
ORD-2026-00315,Sneha Gupta,2026-08-20 09:48:00,11278.34
ORD-2026-00316,Aditya Rao,2026-08-18 07:19:00,14490.83
ORD-2026-00317,Kavya Pillai,2026-08-07 11:43:00,14217.53
ORD-2026-00318,Aditya Gupta,2026-08-25 09:49:00,5851.71
ORD-2026-00319,Neha Patel,2026-08-27 06:51:00,9149.02
ORD-2026-00320,Arjun Sharma,2026-08-21 15:55:00,5693.94
ORD-2026-00321,Priya Das,2026-08-28 16:54:00,2045.23
ORD-2026-00322,Rohan Menon,2026-08-06 08:28:00,13598.53
ORD-2026-00323,Karthik Pillai,2026-08-14 02:58:00,3486.16
ORD-2026-00324,Aditya Nair,2026-08-30 00:26:00,988.2
ORD-2026-00325,Pooja Rao,2026-08-13 02:23:00,3523.17
ORD-2026-00326,Siddharth Verma,2026-08-27 22:41:00,5162.3
ORD-2026-00327,Karthik Patel,2026-08-02 09:58:00,12480.47
ORD-2026-00328,Karthik Menon,2026-08-23 15:28:00,9307.15
ORD-2026-00329,Rohan Sharma,2026-08-09 06:53:00,2412.89
ORD-2026-00330,Neha Verma,2026-08-25 09:15:00,4657.04
ORD-2026-00331,Ananya Rao,2026-08-14 20:50:00,9417.6
ORD-2026-00332,Rohan Verma,2026-08-27 15:38:00,8133.6
ORD-2026-00333,Sneha Das,2026-08-05 09:27:00,223.15
ORD-2026-00334,Pooja Rao,2026-08-19 13:11:00,10032.7
ORD-2026-00335,Rohan Joshi,2026-08-12 02:33:00,8252.41
ORD-2026-00336,Aarav Reddy,2026-08-28 15:02:00,9607.93
ORD-2026-00337,Pooja Iyer,2026-08-24 00:22:00,11870.1
ORD-2026-00338,Pooja Rao,2026-08-24 21:40:00,1734.23
ORD-2026-00339,Siddharth Patel,2026-08-02 11:34:00,5210.5
ORD-2026-00340,Meera Pillai,2026-08-25 21:29:00,14716.12
ORD-2026-00341,Kavya Kumar,2026-08-06 04:04:00,10797.47
ORD-2026-00342,Aditya Sharma,2026-08-10 06:02:00,11908.42
ORD-2026-00343,Ananya Nair,2026-08-30 09:32:00,6093.72
ORD-2026-00344,Kavya Iyer,2026-08-02 20:12:00,4434.44
ORD-2026-00345,Ananya Pillai,2026-08-21 10:17:00,2042.23
ORD-2026-00346,Pooja Reddy,2026-08-29 12:47:00,6708.1
ORD-2026-00347,Rahul Nair,2026-08-06 15:44:00,7563.35
ORD-2026-00348,Arjun Menon,2026-08-03 23:27:00,1368.12
ORD-2026-00349,Meera Joshi,2026-08-10 10:06:00,1385.02
ORD-2026-00350,Divya Iyer,2026-08-15 19:45:00,6506.52
ORD-2026-00351,Aditya Nair,2026-08-15 01:46:00,13076.55
ORD-2026-00352,Pooja Singh,2026-08-14 08:40:00,14704.4
ORD-2026-00353,Ananya Verma,2026-08-22 20:25:00,5577.0
ORD-2026-00354,Meera Sharma,2026-08-05 19:43:00,11763.42
ORD-2026-00355,Ananya Patel,2026-08-03 07:49:00,9748.41
ORD-2026-00356,Pooja Reddy,2026-08-31 18:02:00,9155.4
ORD-2026-00357,Aditya Nair,2026-08-12 14:48:00,1337.9
ORD-2026-00358,Karthik Joshi,2026-08-12 12:20:00,9813.5
ORD-2026-00359,Sneha Verma,2026-08-01 23:11:00,7585.85
ORD-2026-00360,Rahul Joshi,2026-08-04 08:49:00,4052.29
ORD-2026-00361,Aditya Rao,2026-08-20 09:44:00,13763.89
ORD-2026-00362,Kavya Rao,2026-08-04 04:54:00,1295.97
ORD-2026-00363,Meera Das,2026-08-15 02:51:00,10292.55
ORD-2026-00364,Siddharth Kumar,2026-08-12 22:04:00,8339.96
ORD-2026-00365,Divya Iyer,2026-08-28 05:45:00,10701.54
ORD-2026-00366,Meera Menon,2026-08-12 16:14:00,1996.16
ORD-2026-00367,Vikram Menon,2026-08-05 07:50:00,7511.52
ORD-2026-00368,Pooja Joshi,2026-08-19 11:29:00,12094.19
ORD-2026-00369,Karthik Singh,2026-08-29 02:04:00,4777.5
ORD-2026-00370,Kavya Joshi,2026-08-14 13:52:00,8708.53
ORD-2026-00371,Karthik Nair,2026-08-21 02:28:00,7094.33
ORD-2026-00372,Pooja Patel,2026-08-29 17:40:00,8899.23
ORD-2026-00373,Karthik Reddy,2026-08-17 01:53:00,2037.58
ORD-2026-00374,Karthik Iyer,2026-08-06 05:20:00,14034.12
ORD-2026-00375,Sneha Nair,2026-08-31 16:57:00,4403.91
ORD-2026-00376,Rohan Iyer,2026-08-07 20:35:00,4261.88
ORD-2026-00377,Divya Singh,2026-08-18 02:32:00,9686.61
ORD-2026-00378,Karthik Patel,2026-08-22 19:46:00,13549.61
ORD-2026-00379,Siddharth Pillai,2026-08-30 18:02:00,12413.5
ORD-2026-00380,Aarav Verma,2026-08-02 20:49:00,8736.21
ORD-2026-00381,Vikram Menon,2026-08-19 13:39:00,9657.07
ORD-2026-00382,Kavya Kumar,2026-08-18 09:41:00,14358.42
ORD-2026-00383,Kavya Rao,2026-08-26 21:25:00,4602.02
ORD-2026-00384,Rohan Das,2026-08-02 05:28:00,6351.2
ORD-2026-00385,Aditya Rao,2026-08-11 19:09:00,4826.22
ORD-2026-00386,Siddharth Das,2026-08-28 11:25:00,2135.34
ORD-2026-00387,Pooja Joshi,2026-08-18 03:20:00,3777.72
ORD-2026-00388,Priya Iyer,2026-08-15 07:09:00,1632.81
ORD-2026-00389,Divya Reddy,2026-08-28 19:26:00,3874.4
ORD-2026-00390,Meera Pillai,2026-08-11 18:46:00,4828.18
ORD-2026-00391,Meera Gupta,2026-08-17 14:31:00,13210.32
ORD-2026-00392,Kavya Sharma,2026-08-03 12:32:00,6967.01
ORD-2026-00393,Sneha Rao,2026-08-19 11:03:00,948.0
ORD-2026-00394,Kavya Singh,2026-08-29 20:43:00,7164.69
ORD-2026-00395,Aarav Pillai,2026-08-04 13:08:00,13260.34
ORD-2026-00396,Pooja Menon,2026-08-13 11:02:00,6128.61
ORD-2026-00397,Vikram Nair,2026-08-18 09:04:00,5917.96
ORD-2026-00398,Aditya Menon,2026-08-18 08:52:00,14838.54
ORD-2026-00399,Priya Patel,2026-08-04 12:23:00,11964.48
ORD-2026-00400,Siddharth Joshi,2026-08-31 11:48:00,2335.16
ORD-2026-00401,Rahul Joshi,2026-08-02 01:02:00,2228.14
ORD-2026-00402,Siddharth Menon,2026-08-16 16:29:00,2404.32
ORD-2026-00403,Karthik Nair,2026-08-30 19:20:00,2605.03
ORD-2026-00404,Divya Singh,2026-08-11 16:53:00,7743.77
ORD-2026-00405,Kavya Das,2026-08-19 09:30:00,12273.08
ORD-2026-00406,Pooja Nair,2026-08-22 03:26:00,8838.79
ORD-2026-00407,Aarav Singh,2026-08-16 08:41:00,11786.98
ORD-2026-00408,Sneha Das,2026-08-02 18:30:00,2723.58
ORD-2026-00409,Rahul Patel,2026-08-27 21:15:00,667.24
ORD-2026-00410,Priya Rao,2026-08-01 14:20:00,6397.95
ORD-2026-00411,Neha Das,2026-08-07 13:32:00,11669.59
ORD-2026-00412,Kavya Pillai,2026-08-28 23:46:00,1121.76
ORD-2026-00413,Karthik Joshi,2026-08-07 17:20:00,14972.22
ORD-2026-00414,Kavya Joshi,2026-08-13 10:11:00,7003.02
ORD-2026-00415,Siddharth Joshi,2026-08-12 21:49:00,13041.29
ORD-2026-00416,Arjun Singh,2026-08-16 06:15:00,4329.29
ORD-2026-00417,Divya Rao,2026-08-31 09:49:00,4477.26
ORD-2026-00418,Vikram Das,2026-08-23 15:20:00,7301.09
ORD-2026-00419,Arjun Iyer,2026-08-04 18:43:00,8239.22
ORD-2026-00420,Rahul Pillai,2026-08-12 04:18:00,822.58
ORD-2026-00421,Rohan Nair,2026-08-30 14:41:00,3995.37
ORD-2026-00422,Kavya Rao,2026-08-07 17:17:00,14008.75
ORD-2026-00423,Arjun Patel,2026-08-04 19:47:00,8885.09
ORD-2026-00424,Sneha Sharma,2026-08-22 16:14:00,9641.58
ORD-2026-00425,Ananya Verma,2026-08-14 10:45:00,7191.58
ORD-2026-00426,Karthik Sharma,2026-08-31 17:59:00,2537.53
ORD-2026-00427,Kavya Gupta,2026-08-21 06:48:00,14465.93
ORD-2026-00428,Siddharth Iyer,2026-08-21 01:58:00,11577.13
ORD-2026-00429,Sneha Joshi,2026-08-24 23:54:00,14062.71
ORD-2026-00430,Meera Reddy,2026-08-29 05:59:00,13810.6
ORD-2026-00431,Rahul Menon,2026-08-16 05:59:00,11285.25
ORD-2026-00432,Divya Sharma,2026-08-01 09:36:00,9121.19
ORD-2026-00433,Siddharth Iyer,2026-08-15 20:34:00,7959.91
ORD-2026-00434,Karthik Pillai,2026-08-17 14:17:00,3053.61
ORD-2026-00435,Priya Nair,2026-08-06 23:29:00,9794.62
ORD-2026-00436,Meera Sharma,2026-08-24 10:50:00,4566.36
ORD-2026-00437,Vikram Patel,2026-08-20 20:57:00,6201.26
ORD-2026-00438,Neha Joshi,2026-08-11 02:25:00,10104.99
ORD-2026-00439,Meera Patel,2026-08-16 10:59:00,3871.1
ORD-2026-00440,Arjun Reddy,2026-08-08 14:48:00,4151.52
ORD-2026-00441,Siddharth Iyer,2026-08-19 23:36:00,369.25
ORD-2026-00442,Pooja Das,2026-08-08 01:42:00,1949.73
ORD-2026-00443,Divya Patel,2026-08-13 21:32:00,13861.97
ORD-2026-00444,Divya Das,2026-08-04 20:58:00,14121.41
ORD-2026-00445,Pooja Singh,2026-08-08 07:08:00,7277.09
ORD-2026-00446,Aditya Das,2026-08-20 11:26:00,10588.72
ORD-2026-00447,Kavya Menon,2026-08-18 21:52:00,3432.49
ORD-2026-00448,Sneha Kumar,2026-08-25 19:55:00,11853.09
ORD-2026-00449,Aditya Joshi,2026-08-23 11:04:00,13775.22
ORD-2026-00450,Priya Sharma,2026-08-27 17:57:00,7681.21
ORD-2026-00451,Karthik Patel,2026-08-11 16:28:00,1920.35
ORD-2026-00452,Vikram Das,2026-08-19 15:05:00,13503.56
ORD-2026-00453,Aditya Menon,2026-08-02 14:08:00,7796.07
ORD-2026-00454,Aditya Singh,2026-08-02 17:29:00,10156.96
ORD-2026-00455,Divya Das,2026-08-01 12:16:00,12283.51
ORD-2026-00456,Vikram Singh,2026-08-03 01:27:00,5299.03
ORD-2026-00457,Rohan Joshi,2026-08-02 02:59:00,7186.65
ORD-2026-00458,Divya Reddy,2026-08-06 04:49:00,9694.57
ORD-2026-00459,Neha Nair,2026-08-29 12:28:00,13070.38
ORD-2026-00460,Rahul Reddy,2026-08-03 21:42:00,13143.4
ORD-2026-00461,Karthik Kumar,2026-08-28 11:07:00,2841.41
ORD-2026-00462,Rahul Joshi,2026-08-05 23:14:00,12555.36
ORD-2026-00463,Aarav Iyer,2026-08-15 21:46:00,8257.79
ORD-2026-00464,Rahul Pillai,2026-08-08 07:29:00,5323.16
ORD-2026-00465,Arjun Rao,2026-08-30 23:48:00,1870.1
ORD-2026-00466,Neha Singh,2026-08-25 00:15:00,3250.01
ORD-2026-00467,Priya Singh,2026-08-02 14:38:00,10145.95
ORD-2026-00468,Ananya Rao,2026-08-24 01:25:00,6696.65
ORD-2026-00469,Vikram Menon,2026-08-28 01:08:00,7657.66
ORD-2026-00470,Divya Rao,2026-08-27 23:36:00,4919.77
ORD-2026-00471,Siddharth Rao,2026-08-10 04:42:00,7914.52
ORD-2026-00472,Neha Iyer,2026-08-09 01:35:00,14238.1
ORD-2026-00473,Meera Kumar,2026-08-22 13:35:00,7535.19
ORD-2026-00474,Pooja Kumar,2026-08-22 12:50:00,7962.05
ORD-2026-00475,Neha Reddy,2026-08-05 09:24:00,2921.41
ORD-2026-00476,Kavya Rao,2026-08-28 07:19:00,12891.61
ORD-2026-00477,Karthik Menon,2026-08-15 01:35:00,6307.63
ORD-2026-00478,Neha Joshi,2026-08-17 04:24:00,3794.31
ORD-2026-00479,Vikram Nair,2026-08-21 02:59:00,6856.85
ORD-2026-00480,Pooja Verma,2026-08-18 23:53:00,3019.13
ORD-2026-00481,Arjun Reddy,2026-08-22 19:38:00,785.3
ORD-2026-00482,Rohan Rao,2026-08-26 18:46:00,10137.47
ORD-2026-00483,Vikram Gupta,2026-08-07 10:19:00,14363.89
ORD-2026-00484,Aarav Rao,2026-08-30 06:47:00,1936.28
ORD-2026-00485,Kavya Rao,2026-08-23 19:45:00,3226.79
ORD-2026-00486,Sneha Joshi,2026-08-11 09:24:00,7100.51
ORD-2026-00487,Pooja Iyer,2026-08-09 11:32:00,13265.62
ORD-2026-00488,Aditya Verma,2026-08-26 23:30:00,11472.11
ORD-2026-00489,Siddharth Rao,2026-08-12 10:26:00,876.59
ORD-2026-00490,Sneha Das,2026-08-05 00:16:00,8389.01
ORD-2026-00491,Neha Iyer,2026-08-05 06:21:00,3604.28
ORD-2026-00492,Sneha Gupta,2026-08-18 20:43:00,5195.95
ORD-2026-00493,Kavya Das,2026-08-21 23:31:00,7020.27
ORD-2026-00494,Pooja Patel,2026-08-05 23:34:00,7427.08
ORD-2026-00495,Ananya Joshi,2026-08-02 02:52:00,10089.59
ORD-2026-00496,Aarav Reddy,2026-08-05 20:14:00,1205.93
ORD-2026-00497,Karthik Sharma,2026-08-07 16:29:00,5723.37
ORD-2026-00498,Kavya Kumar,2026-08-16 00:00:00,8076.74
ORD-2026-00499,Neha Sharma,2026-08-01 16:46:00,4266.16
ORD-2026-00500,Divya Sharma,2026-08-17 22:43:00,6572.48
ORD-2026-00501,Meera Verma,2026-08-30 03:33:00,2403.68
ORD-2026-00502,Vikram Singh,2026-08-17 08:52:00,5445.73
ORD-2026-00503,Rahul Verma,2026-08-12 12:29:00,8562.03
ORD-2026-00504,Sneha Iyer,2026-08-22 02:41:00,14876.79
ORD-2026-00505,Ananya Verma,2026-08-13 12:24:00,8379.98
ORD-2026-00506,Ananya Kumar,2026-08-01 22:10:00,1423.75
ORD-2026-00507,Neha Kumar,2026-08-26 10:36:00,14664.47
ORD-2026-00508,Priya Joshi,2026-08-30 01:14:00,3328.97
ORD-2026-00509,Kavya Iyer,2026-08-02 02:43:00,13898.66
ORD-2026-00510,Ananya Patel,2026-08-30 10:01:00,14429.74
ORD-2026-00511,Karthik Menon,2026-08-27 22:52:00,6094.78
ORD-2026-00512,Rohan Iyer,2026-08-06 18:15:00,8587.1
ORD-2026-00513,Rahul Kumar,2026-08-29 17:21:00,5880.92
ORD-2026-00514,Karthik Menon,2026-08-23 23:05:00,7611.73
ORD-2026-00515,Pooja Sharma,2026-08-04 13:14:00,12612.38
ORD-2026-00516,Siddharth Singh,2026-08-25 19:38:00,6071.21
ORD-2026-00517,Siddharth Sharma,2026-08-21 08:50:00,14890.27
ORD-2026-00518,Kavya Rao,2026-08-12 17:24:00,6591.35
ORD-2026-00519,Rahul Verma,2026-08-25 19:18:00,12011.22
ORD-2026-00520,Rohan Verma,2026-08-09 04:24:00,10732.82
ORD-2026-00521,Karthik Das,2026-08-13 10:23:00,1776.95
ORD-2026-00522,Aarav Iyer,2026-08-15 11:48:00,4192.54
ORD-2026-00523,Karthik Verma,2026-08-06 13:28:00,8443.38
ORD-2026-00524,Neha Verma,2026-08-01 02:22:00,8402.45
ORD-2026-00525,Siddharth Pillai,2026-08-13 00:18:00,6324.39
ORD-2026-00526,Rohan Das,2026-08-29 17:57:00,14892.41
ORD-2026-00527,Sneha Singh,2026-08-17 05:43:00,5834.83
ORD-2026-00528,Karthik Iyer,2026-08-10 08:31:00,2359.84
ORD-2026-00529,Meera Reddy,2026-08-09 13:19:00,7366.62
ORD-2026-00530,Rohan Nair,2026-08-09 07:46:00,9450.5
ORD-2026-00531,Vikram Gupta,2026-08-04 04:19:00,300.16
ORD-2026-00532,Rahul Nair,2026-08-27 19:24:00,12100.33
ORD-2026-00533,Siddharth Gupta,2026-08-11 13:52:00,12388.32
ORD-2026-00534,Karthik Iyer,2026-08-11 19:44:00,3172.6
ORD-2026-00535,Siddharth Patel,2026-08-31 12:20:00,4513.43
ORD-2026-00536,Kavya Singh,2026-08-26 07:20:00,5765.62
ORD-2026-00537,Rahul Nair,2026-08-04 18:12:00,8964.96
ORD-2026-00538,Meera Kumar,2026-08-25 17:01:00,14304.47
ORD-2026-00539,Aditya Das,2026-08-07 14:51:00,4511.7
ORD-2026-00540,Rohan Pillai,2026-08-28 13:43:00,7589.69
ORD-2026-00541,Divya Rao,2026-08-09 21:09:00,10785.5
ORD-2026-00542,Rahul Verma,2026-08-15 19:30:00,8817.21
ORD-2026-00543,Neha Joshi,2026-08-02 11:44:00,13453.42
ORD-2026-00544,Rohan Verma,2026-08-25 07:42:00,10037.47
ORD-2026-00545,Meera Kumar,2026-08-20 01:36:00,14757.4
ORD-2026-00546,Rahul Menon,2026-08-11 13:06:00,356.11
ORD-2026-00547,Arjun Rao,2026-08-17 23:33:00,8458.3
ORD-2026-00548,Sneha Gupta,2026-08-12 12:29:00,11630.67
ORD-2026-00549,Karthik Nair,2026-08-01 15:06:00,4572.4
ORD-2026-00550,Rohan Verma,2026-08-27 23:09:00,5355.26
ORD-2026-00551,Siddharth Gupta,2026-08-26 06:33:00,7347.3
ORD-2026-00552,Kavya Verma,2026-08-15 23:44:00,6896.22
ORD-2026-00553,Rohan Iyer,2026-08-02 22:07:00,534.26
ORD-2026-00554,Siddharth Kumar,2026-08-04 21:51:00,2632.44
ORD-2026-00555,Sneha Joshi,2026-08-06 17:10:00,5098.65
ORD-2026-00556,Neha Gupta,2026-08-08 12:40:00,2929.89
ORD-2026-00557,Neha Reddy,2026-08-01 23:39:00,13269.84
ORD-2026-00558,Aditya Singh,2026-08-14 12:00:00,10630.09
ORD-2026-00559,Vikram Iyer,2026-08-25 22:51:00,11980.92
ORD-2026-00560,Priya Menon,2026-08-28 17:11:00,5613.74
ORD-2026-00561,Vikram Gupta,2026-08-04 08:42:00,12967.02
ORD-2026-00562,Siddharth Singh,2026-08-13 19:25:00,8887.67
ORD-2026-00563,Pooja Nair,2026-08-28 14:39:00,2753.41
ORD-2026-00564,Divya Singh,2026-08-19 02:43:00,2182.43
ORD-2026-00565,Priya Rao,2026-08-10 03:11:00,5724.93
ORD-2026-00566,Karthik Joshi,2026-08-13 13:38:00,2240.44
ORD-2026-00567,Rahul Reddy,2026-08-06 15:40:00,8153.21
ORD-2026-00568,Meera Joshi,2026-08-06 15:18:00,2276.39
ORD-2026-00569,Siddharth Pillai,2026-08-15 19:03:00,13009.73
ORD-2026-00570,Aarav Gupta,2026-08-05 06:52:00,5882.37
ORD-2026-00571,Kavya Reddy,2026-08-22 15:26:00,10710.11
ORD-2026-00572,Aditya Gupta,2026-08-06 02:36:00,656.74
ORD-2026-00573,Sneha Iyer,2026-08-02 08:14:00,8156.61
ORD-2026-00574,Meera Menon,2026-08-15 18:47:00,11633.71
ORD-2026-00575,Kavya Joshi,2026-08-17 03:36:00,1890.26
ORD-2026-00576,Pooja Joshi,2026-08-27 01:48:00,10840.91
ORD-2026-00577,Vikram Reddy,2026-08-04 23:53:00,9874.34
ORD-2026-00578,Sneha Iyer,2026-08-28 01:28:00,4089.67
ORD-2026-00579,Rohan Gupta,2026-08-28 03:49:00,12215.96
ORD-2026-00580,Vikram Menon,2026-08-24 18:44:00,5389.34
ORD-2026-00581,Neha Patel,2026-08-20 04:50:00,3257.97
ORD-2026-00582,Vikram Menon,2026-08-02 18:22:00,8077.76
ORD-2026-00583,Meera Nair,2026-08-23 09:18:00,8676.49
ORD-2026-00584,Priya Patel,2026-08-31 13:58:00,1077.43
ORD-2026-00585,Arjun Pillai,2026-08-21 04:44:00,13017.97
ORD-2026-00586,Sneha Patel,2026-08-23 10:53:00,3863.81
ORD-2026-00587,Rahul Gupta,2026-08-05 18:40:00,4177.01
ORD-2026-00588,Neha Reddy,2026-08-15 02:40:00,11960.06
ORD-2026-00589,Rohan Reddy,2026-08-17 23:17:00,10481.61
ORD-2026-00590,Pooja Gupta,2026-08-31 15:20:00,8812.94
ORD-2026-00591,Rohan Das,2026-08-15 20:42:00,10519.88
ORD-2026-00592,Rohan Menon,2026-08-18 12:13:00,14528.3
ORD-2026-00593,Vikram Gupta,2026-08-09 10:53:00,4397.18
ORD-2026-00594,Karthik Singh,2026-08-28 15:50:00,5287.35
ORD-2026-00595,Ananya Sharma,2026-08-04 20:50:00,12583.19
ORD-2026-00596,Aarav Verma,2026-08-30 05:28:00,6956.47
ORD-2026-00597,Neha Rao,2026-08-23 04:56:00,9819.96
ORD-2026-00598,Meera Pillai,2026-08-30 08:05:00,9887.9
ORD-2026-00599,Arjun Verma,2026-08-12 21:57:00,9803.89
ORD-2026-00600,Ananya Reddy,2026-08-21 09:46:00,10551.73
ORD-2026-00601,Sneha Reddy,2026-08-21 02:45:00,1608.72
ORD-2026-00602,Vikram Gupta,2026-08-03 04:37:00,3547.62
ORD-2026-00603,Aditya Sharma,2026-08-01 22:21:00,12293.21
ORD-2026-00604,Neha Das,2026-08-05 15:04:00,3588.41
ORD-2026-00605,Rohan Das,2026-08-26 03:06:00,4837.6
ORD-2026-00606,Divya Patel,2026-08-13 04:41:00,14895.51
ORD-2026-00607,Karthik Verma,2026-08-17 18:00:00,9232.72
ORD-2026-00608,Meera Gupta,2026-08-12 23:13:00,9495.58
ORD-2026-00609,Karthik Reddy,2026-08-20 21:28:00,12927.45
ORD-2026-00610,Rohan Verma,2026-08-05 03:37:00,11004.14
ORD-2026-00611,Pooja Reddy,2026-08-11 04:15:00,4299.12
ORD-2026-00612,Rohan Rao,2026-08-18 19:38:00,10873.46
ORD-2026-00613,Divya Menon,2026-08-31 22:01:00,12748.8
ORD-2026-00614,Divya Rao,2026-08-17 19:32:00,2991.97
ORD-2026-00615,Rahul Iyer,2026-08-21 01:50:00,13489.11
ORD-2026-00616,Sneha Gupta,2026-08-13 03:15:00,7593.82
ORD-2026-00617,Rohan Joshi,2026-08-29 00:23:00,14022.08
ORD-2026-00618,Karthik Reddy,2026-08-28 18:26:00,5608.1
ORD-2026-00619,Meera Menon,2026-08-16 02:01:00,8892.98
ORD-2026-00620,Aarav Iyer,2026-08-07 01:59:00,1094.94
ORD-2026-00621,Rahul Joshi,2026-08-10 20:45:00,7615.52
ORD-2026-00622,Neha Reddy,2026-08-23 12:05:00,9679.95
ORD-2026-00623,Karthik Iyer,2026-08-03 09:05:00,7767.31
ORD-2026-00624,Vikram Menon,2026-08-05 17:20:00,5982.83
ORD-2026-00625,Rohan Iyer,2026-08-23 13:46:00,14310.73
ORD-2026-00626,Sneha Sharma,2026-08-08 02:59:00,6630.36
ORD-2026-00627,Aditya Singh,2026-08-20 01:19:00,10057.98
ORD-2026-00628,Meera Verma,2026-08-01 22:08:00,10582.19
ORD-2026-00629,Meera Gupta,2026-08-31 11:33:00,7854.9
ORD-2026-00630,Arjun Patel,2026-08-12 04:47:00,11760.63
ORD-2026-00631,Arjun Das,2026-08-29 03:49:00,13518.48
ORD-2026-00632,Siddharth Menon,2026-08-14 08:33:00,1145.31
ORD-2026-00633,Rohan Gupta,2026-08-15 16:23:00,1020.5
ORD-2026-00634,Meera Nair,2026-08-06 08:49:00,1722.99
ORD-2026-00635,Priya Rao,2026-08-24 16:00:00,851.76
ORD-2026-00636,Aarav Rao,2026-08-02 15:23:00,5868.1
ORD-2026-00637,Karthik Patel,2026-08-30 01:35:00,12086.11
ORD-2026-00638,Neha Rao,2026-08-11 07:26:00,13754.65
ORD-2026-00639,Siddharth Iyer,2026-08-27 02:36:00,5717.56
ORD-2026-00640,Ananya Patel,2026-08-08 16:02:00,14320.38
ORD-2026-00641,Rohan Gupta,2026-08-28 09:49:00,12703.73
ORD-2026-00642,Siddharth Verma,2026-08-18 14:00:00,5660.01
ORD-2026-00643,Divya Singh,2026-08-26 09:47:00,9416.22
ORD-2026-00644,Aditya Nair,2026-08-19 15:49:00,11683.11
ORD-2026-00645,Sneha Patel,2026-08-01 13:01:00,3648.37
ORD-2026-00646,Pooja Kumar,2026-08-27 22:56:00,342.0
ORD-2026-00647,Siddharth Sharma,2026-08-25 21:24:00,12765.29
ORD-2026-00648,Divya Verma,2026-08-07 16:15:00,6413.27
ORD-2026-00649,Ananya Patel,2026-08-23 08:05:00,849.72
ORD-2026-00650,Sneha Pillai,2026-08-17 13:44:00,13454.55
ORD-2026-00651,Aditya Das,2026-08-03 18:06:00,7680.33
ORD-2026-00652,Rahul Verma,2026-08-19 18:03:00,6637.75
ORD-2026-00653,Karthik Rao,2026-08-10 08:54:00,4862.13
ORD-2026-00654,Rahul Das,2026-08-27 23:20:00,4907.25
ORD-2026-00655,Arjun Rao,2026-08-03 06:08:00,11743.07
ORD-2026-00656,Priya Patel,2026-08-04 05:28:00,7097.62
ORD-2026-00657,Neha Verma,2026-08-18 11:49:00,3273.02
ORD-2026-00658,Divya Gupta,2026-08-09 03:05:00,2532.71
ORD-2026-00659,Divya Pillai,2026-08-23 22:38:00,796.88
ORD-2026-00660,Siddharth Patel,2026-08-03 22:15:00,14532.32
ORD-2026-00661,Rahul Joshi,2026-08-02 21:19:00,4050.47
ORD-2026-00662,Meera Sharma,2026-08-31 12:54:00,6892.58
ORD-2026-00663,Sneha Verma,2026-08-15 03:51:00,11948.38
ORD-2026-00664,Priya Sharma,2026-08-02 07:08:00,3132.37
ORD-2026-00665,Rahul Nair,2026-08-22 20:41:00,1443.78
ORD-2026-00666,Arjun Pillai,2026-08-03 00:04:00,3126.7
ORD-2026-00667,Aditya Menon,2026-08-05 02:57:00,12739.68
ORD-2026-00668,Siddharth Verma,2026-08-02 14:03:00,2686.24
ORD-2026-00669,Neha Pillai,2026-08-24 12:31:00,636.34
ORD-2026-00670,Neha Patel,2026-08-12 06:58:00,2969.84
ORD-2026-00671,Arjun Gupta,2026-08-29 04:02:00,9288.78
ORD-2026-00672,Sneha Kumar,2026-08-10 15:26:00,13265.12
ORD-2026-00673,Kavya Sharma,2026-08-03 08:24:00,2231.09
ORD-2026-00674,Vikram Kumar,2026-08-29 16:15:00,9535.16
ORD-2026-00675,Aarav Reddy,2026-08-26 22:22:00,7299.33
ORD-2026-00676,Kavya Nair,2026-08-30 18:32:00,4959.75
ORD-2026-00677,Arjun Patel,2026-08-01 10:38:00,3441.5
ORD-2026-00678,Arjun Sharma,2026-08-26 15:33:00,5490.01
ORD-2026-00679,Sneha Patel,2026-08-04 07:42:00,3769.06
ORD-2026-00680,Ananya Menon,2026-08-31 07:36:00,12728.28
ORD-2026-00681,Rahul Nair,2026-08-30 05:11:00,3700.96
ORD-2026-00682,Siddharth Menon,2026-08-24 22:22:00,13726.9
ORD-2026-00683,Aarav Das,2026-08-23 11:36:00,8541.38
ORD-2026-00684,Vikram Pillai,2026-08-26 15:34:00,4773.99
ORD-2026-00685,Kavya Sharma,2026-08-03 01:14:00,9104.61
ORD-2026-00686,Aarav Joshi,2026-08-16 00:21:00,13784.86
ORD-2026-00687,Vikram Menon,2026-08-05 10:45:00,2826.41
ORD-2026-00688,Siddharth Sharma,2026-08-01 04:37:00,10629.51
ORD-2026-00689,Karthik Menon,2026-08-04 16:55:00,5600.37
ORD-2026-00690,Rohan Nair,2026-08-23 21:25:00,8873.05
ORD-2026-00691,Siddharth Iyer,2026-08-11 04:10:00,11038.81
ORD-2026-00692,Neha Menon,2026-08-21 15:41:00,4895.79
ORD-2026-00693,Pooja Rao,2026-08-22 18:52:00,2795.2
ORD-2026-00694,Divya Das,2026-08-23 09:08:00,2830.08
ORD-2026-00695,Aarav Das,2026-08-31 18:25:00,12791.2
ORD-2026-00696,Ananya Patel,2026-08-20 10:58:00,12170.34
ORD-2026-00697,Sneha Kumar,2026-08-19 03:59:00,7543.54
ORD-2026-00698,Siddharth Das,2026-08-03 07:22:00,14739.22
ORD-2026-00699,Meera Kumar,2026-08-29 02:52:00,10692.69
ORD-2026-00700,Siddharth Gupta,2026-08-01 08:13:00,3893.2
ORD-2026-00701,Rohan Nair,2026-08-09 03:46:00,218.96
ORD-2026-00702,Rahul Gupta,2026-08-24 13:10:00,13291.37
ORD-2026-00703,Kavya Reddy,2026-08-12 17:24:00,1701.14
ORD-2026-00704,Kavya Menon,2026-08-28 18:41:00,11422.0
ORD-2026-00705,Sneha Patel,2026-08-15 02:51:00,12717.28
ORD-2026-00706,Divya Sharma,2026-08-11 08:06:00,1298.17
ORD-2026-00707,Meera Reddy,2026-08-06 23:04:00,8296.28
ORD-2026-00708,Rohan Nair,2026-08-20 19:57:00,7344.5
ORD-2026-00709,Aarav Reddy,2026-08-31 20:10:00,9188.3
ORD-2026-00710,Neha Patel,2026-08-02 03:21:00,3242.15
ORD-2026-00711,Vikram Reddy,2026-08-23 17:46:00,13898.49
ORD-2026-00712,Arjun Kumar,2026-08-10 09:15:00,1619.56
ORD-2026-00713,Rahul Singh,2026-08-18 15:09:00,1006.67
ORD-2026-00714,Aarav Reddy,2026-08-03 09:52:00,9997.9
ORD-2026-00715,Kavya Rao,2026-08-04 00:13:00,2728.32
ORD-2026-00716,Divya Verma,2026-08-16 03:19:00,11816.17
ORD-2026-00717,Kavya Gupta,2026-08-29 21:16:00,1548.83
ORD-2026-00718,Rahul Patel,2026-08-12 12:23:00,2961.43
ORD-2026-00719,Ananya Iyer,2026-08-15 14:16:00,3548.39
ORD-2026-00720,Arjun Singh,2026-08-02 04:48:00,10507.77
ORD-2026-00721,Priya Verma,2026-08-22 11:51:00,8213.45
ORD-2026-00722,Sneha Joshi,2026-08-02 12:52:00,7934.22
ORD-2026-00723,Kavya Singh,2026-08-29 07:30:00,4623.01
ORD-2026-00724,Rahul Pillai,2026-08-23 01:32:00,8654.06
ORD-2026-00725,Karthik Verma,2026-08-31 14:11:00,14246.11
ORD-2026-00726,Meera Rao,2026-08-26 06:08:00,831.6
ORD-2026-00727,Rohan Kumar,2026-08-14 06:52:00,9482.95
ORD-2026-00728,Arjun Nair,2026-08-30 23:58:00,12148.69
ORD-2026-00729,Rohan Reddy,2026-08-18 12:35:00,5026.68
ORD-2026-00730,Arjun Joshi,2026-08-15 00:50:00,10566.1
ORD-2026-00731,Neha Verma,2026-08-14 04:09:00,8585.59
ORD-2026-00732,Priya Verma,2026-08-19 03:50:00,4434.17
ORD-2026-00733,Pooja Reddy,2026-08-09 12:41:00,7386.65
ORD-2026-00734,Kavya Sharma,2026-08-06 08:25:00,2329.02
ORD-2026-00735,Rahul Sharma,2026-08-13 10:44:00,3716.17
ORD-2026-00736,Kavya Iyer,2026-08-29 11:01:00,5200.42
ORD-2026-00737,Divya Iyer,2026-08-09 15:54:00,10503.51
ORD-2026-00738,Priya Pillai,2026-08-08 04:19:00,14618.45
ORD-2026-00739,Aditya Menon,2026-08-27 10:17:00,10986.23
ORD-2026-00740,Rohan Rao,2026-08-15 06:58:00,12394.75
ORD-2026-00741,Kavya Menon,2026-08-17 11:52:00,1031.85
ORD-2026-00742,Meera Verma,2026-08-10 22:32:00,6170.1
ORD-2026-00743,Aarav Patel,2026-08-07 06:53:00,1052.89
ORD-2026-00744,Ananya Gupta,2026-08-02 11:45:00,3146.82
ORD-2026-00745,Pooja Pillai,2026-08-15 16:25:00,9604.07
ORD-2026-00746,Priya Kumar,2026-08-01 07:23:00,7434.04
ORD-2026-00747,Aditya Patel,2026-08-31 15:37:00,8359.74
ORD-2026-00748,Pooja Patel,2026-08-27 08:47:00,12496.88
ORD-2026-00749,Rohan Iyer,2026-08-01 12:03:00,2611.03
ORD-2026-00750,Vikram Pillai,2026-08-08 20:14:00,10229.89
ORD-2026-00751,Arjun Kumar,2026-08-14 16:01:00,12996.52
ORD-2026-00752,Aarav Gupta,2026-08-30 04:41:00,2763.37
ORD-2026-00753,Aarav Rao,2026-08-09 19:51:00,14156.47
ORD-2026-00754,Arjun Reddy,2026-08-29 12:54:00,5360.9
ORD-2026-00755,Arjun Rao,2026-08-15 09:43:00,7905.44
ORD-2026-00756,Rahul Singh,2026-08-04 00:32:00,14991.55
ORD-2026-00757,Pooja Joshi,2026-08-21 19:38:00,4383.62
ORD-2026-00758,Priya Gupta,2026-08-03 10:17:00,9680.8
ORD-2026-00759,Arjun Iyer,2026-08-21 22:57:00,9841.7
ORD-2026-00760,Vikram Patel,2026-08-17 07:57:00,1040.27
ORD-2026-00761,Rahul Kumar,2026-08-11 21:08:00,10874.99
ORD-2026-00762,Kavya Iyer,2026-08-09 13:25:00,5946.47
ORD-2026-00763,Ananya Singh,2026-08-23 18:52:00,3010.74
ORD-2026-00764,Sneha Kumar,2026-08-18 20:50:00,7240.88
ORD-2026-00765,Pooja Joshi,2026-08-10 05:53:00,9932.7
ORD-2026-00766,Meera Iyer,2026-08-04 15:08:00,11165.6
ORD-2026-00767,Meera Kumar,2026-08-29 10:41:00,1521.64
ORD-2026-00768,Pooja Rao,2026-08-24 09:26:00,11863.74
ORD-2026-00769,Siddharth Nair,2026-08-09 18:18:00,7063.66
ORD-2026-00770,Priya Gupta,2026-08-02 20:37:00,8788.63
ORD-2026-00771,Rohan Gupta,2026-08-29 06:32:00,1973.28
ORD-2026-00772,Rahul Joshi,2026-08-10 13:03:00,13088.57
ORD-2026-00773,Karthik Patel,2026-08-07 10:26:00,14810.44
ORD-2026-00774,Aditya Patel,2026-08-11 22:11:00,11728.33
ORD-2026-00775,Kavya Nair,2026-08-21 05:20:00,9590.58
ORD-2026-00776,Aarav Gupta,2026-08-09 06:48:00,11648.43
ORD-2026-00777,Meera Gupta,2026-08-26 02:08:00,9294.3
ORD-2026-00778,Neha Reddy,2026-08-14 15:24:00,269.1
ORD-2026-00779,Vikram Das,2026-08-12 00:57:00,4968.75
ORD-2026-00780,Vikram Sharma,2026-08-22 00:40:00,11057.33
ORD-2026-00781,Sneha Das,2026-08-29 11:19:00,2108.18
ORD-2026-00782,Rahul Joshi,2026-08-19 09:10:00,1166.25
ORD-2026-00783,Ananya Iyer,2026-08-31 09:29:00,10971.91
ORD-2026-00784,Siddharth Reddy,2026-08-29 21:08:00,5272.45
ORD-2026-00785,Kavya Nair,2026-08-25 06:10:00,14231.65
ORD-2026-00786,Rahul Sharma,2026-08-08 07:46:00,14776.22
ORD-2026-00787,Vikram Das,2026-08-01 18:32:00,2700.97
ORD-2026-00788,Pooja Das,2026-08-21 01:24:00,13172.85
ORD-2026-00789,Arjun Menon,2026-08-18 19:03:00,8990.08
ORD-2026-00790,Ananya Kumar,2026-08-04 20:53:00,492.18
ORD-2026-00791,Priya Reddy,2026-08-15 12:07:00,8299.78
ORD-2026-00792,Kavya Das,2026-08-05 06:44:00,10348.95
ORD-2026-00793,Aarav Iyer,2026-08-14 21:06:00,10004.75
ORD-2026-00794,Arjun Singh,2026-08-20 22:08:00,6398.62
ORD-2026-00795,Priya Joshi,2026-08-24 19:07:00,4384.06
ORD-2026-00796,Priya Gupta,2026-08-07 19:12:00,11713.79
ORD-2026-00797,Vikram Nair,2026-08-23 13:18:00,2573.53
ORD-2026-00798,Kavya Rao,2026-08-23 15:21:00,3670.68
ORD-2026-00799,Aarav Kumar,2026-08-03 03:53:00,8697.46
ORD-2026-00800,Kavya Patel,2026-08-31 02:49:00,7773.24
ORD-2026-00801,Priya Iyer,2026-08-21 07:29:00,14832.26
ORD-2026-00802,Divya Iyer,2026-08-15 01:06:00,12235.04
ORD-2026-00803,Ananya Pillai,2026-08-10 11:51:00,10216.14
ORD-2026-00804,Neha Das,2026-08-04 03:54:00,11421.42
ORD-2026-00805,Ananya Sharma,2026-08-28 04:42:00,9778.54
ORD-2026-00806,Siddharth Nair,2026-08-29 14:39:00,4170.98
ORD-2026-00807,Rohan Nair,2026-08-27 10:11:00,1884.71
ORD-2026-00808,Rahul Gupta,2026-08-09 12:44:00,12789.94
ORD-2026-00809,Neha Kumar,2026-08-29 05:07:00,2161.17
ORD-2026-00810,Ananya Pillai,2026-08-06 03:26:00,13686.16
ORD-2026-00811,Kavya Menon,2026-08-19 21:28:00,2882.66
ORD-2026-00812,Rahul Menon,2026-08-12 19:01:00,12966.12
ORD-2026-00813,Karthik Gupta,2026-08-30 15:07:00,13336.39
ORD-2026-00814,Aditya Sharma,2026-08-03 08:41:00,4850.72
ORD-2026-00815,Sneha Kumar,2026-08-28 10:33:00,7941.93
ORD-2026-00816,Priya Reddy,2026-08-22 23:15:00,7332.56
ORD-2026-00817,Rahul Patel,2026-08-27 17:57:00,14819.32
ORD-2026-00818,Ananya Sharma,2026-08-21 05:32:00,12762.91
ORD-2026-00819,Kavya Pillai,2026-08-06 02:48:00,7476.39
ORD-2026-00820,Sneha Nair,2026-08-09 01:32:00,3496.06
ORD-2026-00821,Rahul Reddy,2026-08-27 07:05:00,6994.6
ORD-2026-00822,Aditya Verma,2026-08-28 15:28:00,4877.71
ORD-2026-00823,Kavya Das,2026-08-21 00:06:00,6170.91
ORD-2026-00824,Ananya Joshi,2026-08-18 00:52:00,1545.25
ORD-2026-00825,Divya Joshi,2026-08-18 06:41:00,10137.82
ORD-2026-00826,Siddharth Nair,2026-08-27 01:52:00,3499.19
ORD-2026-00827,Aditya Nair,2026-08-18 19:38:00,7202.38
ORD-2026-00828,Pooja Das,2026-08-15 03:06:00,11437.94
ORD-2026-00829,Sneha Sharma,2026-08-11 11:53:00,9578.19
ORD-2026-00830,Divya Joshi,2026-08-17 11:44:00,1773.57
ORD-2026-00831,Meera Gupta,2026-08-05 22:47:00,10879.07
ORD-2026-00832,Priya Iyer,2026-08-20 06:12:00,1987.04
ORD-2026-00833,Rahul Rao,2026-08-15 06:45:00,5201.42
ORD-2026-00834,Neha Sharma,2026-08-30 20:53:00,10147.7
ORD-2026-00835,Priya Menon,2026-08-29 14:29:00,9945.16
ORD-2026-00836,Karthik Gupta,2026-08-01 16:47:00,918.86
ORD-2026-00837,Neha Pillai,2026-08-19 15:59:00,7723.33
ORD-2026-00838,Meera Das,2026-08-19 05:46:00,12265.61
ORD-2026-00839,Priya Reddy,2026-08-22 19:38:00,13263.9
ORD-2026-00840,Rahul Reddy,2026-08-20 22:48:00,3873.93
ORD-2026-00841,Rahul Nair,2026-08-10 14:51:00,2173.9
ORD-2026-00842,Neha Singh,2026-08-23 23:32:00,4623.91
ORD-2026-00843,Siddharth Das,2026-08-24 17:40:00,3416.67
ORD-2026-00844,Vikram Singh,2026-08-23 09:43:00,5310.34
ORD-2026-00845,Karthik Das,2026-08-21 05:32:00,8228.87
ORD-2026-00846,Siddharth Das,2026-08-04 11:35:00,7309.47
ORD-2026-00847,Neha Kumar,2026-08-24 17:18:00,13186.66
ORD-2026-00848,Neha Menon,2026-08-01 16:06:00,574.03
ORD-2026-00849,Karthik Sharma,2026-08-22 01:12:00,4151.28
ORD-2026-00850,Meera Iyer,2026-08-22 08:09:00,12622.85
ORD-2026-00851,Divya Rao,2026-08-25 17:02:00,5508.5
ORD-2026-00852,Aditya Verma,2026-08-20 21:47:00,8515.9
ORD-2026-00853,Sneha Das,2026-08-21 17:24:00,3716.41
ORD-2026-00854,Divya Das,2026-08-22 01:59:00,5847.42
ORD-2026-00855,Neha Menon,2026-08-22 10:35:00,996.27
ORD-2026-00856,Arjun Rao,2026-08-20 14:53:00,3538.12
ORD-2026-00857,Pooja Menon,2026-08-19 17:47:00,9130.13
ORD-2026-00858,Vikram Iyer,2026-08-15 05:43:00,1302.14
ORD-2026-00859,Meera Das,2026-08-17 03:24:00,801.39
ORD-2026-00860,Arjun Joshi,2026-08-09 04:10:00,8842.99
ORD-2026-00861,Arjun Sharma,2026-08-11 14:45:00,14074.92
ORD-2026-00862,Ananya Patel,2026-08-30 10:38:00,952.66
ORD-2026-00863,Divya Gupta,2026-08-26 18:35:00,5499.67
ORD-2026-00864,Siddharth Joshi,2026-08-08 05:33:00,1209.01
ORD-2026-00865,Meera Reddy,2026-08-18 17:25:00,1560.79
ORD-2026-00866,Sneha Rao,2026-08-22 10:21:00,5539.81
ORD-2026-00867,Vikram Menon,2026-08-20 16:30:00,14950.14
ORD-2026-00868,Aarav Verma,2026-08-22 11:28:00,3757.15
ORD-2026-00869,Sneha Sharma,2026-08-22 10:24:00,13755.8
ORD-2026-00870,Priya Reddy,2026-08-09 17:46:00,4385.87
ORD-2026-00871,Pooja Joshi,2026-08-26 16:28:00,7404.71
ORD-2026-00872,Divya Kumar,2026-08-07 10:32:00,1418.71
ORD-2026-00873,Priya Patel,2026-08-31 17:34:00,308.49
ORD-2026-00874,Rohan Rao,2026-08-22 20:49:00,3354.99
ORD-2026-00875,Neha Pillai,2026-08-04 06:34:00,12465.48
ORD-2026-00876,Neha Kumar,2026-08-27 02:47:00,10353.44
ORD-2026-00877,Aarav Gupta,2026-08-23 10:02:00,1495.31
ORD-2026-00878,Ananya Patel,2026-08-26 08:35:00,1242.54
ORD-2026-00879,Sneha Iyer,2026-08-14 12:28:00,9527.22
ORD-2026-00880,Neha Nair,2026-08-01 12:43:00,1950.93
ORD-2026-00881,Aarav Kumar,2026-08-24 19:04:00,11388.22
ORD-2026-00882,Ananya Das,2026-08-28 02:22:00,13935.11
ORD-2026-00883,Priya Iyer,2026-08-26 21:19:00,9177.17
ORD-2026-00884,Divya Menon,2026-08-30 14:24:00,6047.68
ORD-2026-00885,Aarav Gupta,2026-08-06 17:14:00,2218.45
ORD-2026-00886,Rahul Menon,2026-08-26 17:18:00,14409.99
ORD-2026-00887,Karthik Iyer,2026-08-22 23:41:00,5722.33
ORD-2026-00888,Aarav Joshi,2026-08-28 17:09:00,2023.88
ORD-2026-00889,Aarav Singh,2026-08-20 12:34:00,8303.38
ORD-2026-00890,Rohan Iyer,2026-08-07 23:47:00,13572.49
ORD-2026-00891,Pooja Rao,2026-08-14 20:54:00,7785.78
ORD-2026-00892,Meera Patel,2026-08-08 19:53:00,3940.58
ORD-2026-00893,Priya Patel,2026-08-22 18:54:00,1004.95
ORD-2026-00894,Aditya Kumar,2026-08-18 02:18:00,10140.94
ORD-2026-00895,Arjun Verma,2026-08-07 23:37:00,7410.42
ORD-2026-00896,Siddharth Nair,2026-08-05 21:41:00,3671.09
ORD-2026-00897,Divya Singh,2026-08-03 06:20:00,7390.75
ORD-2026-00898,Siddharth Singh,2026-08-22 09:44:00,8845.72
ORD-2026-00899,Pooja Menon,2026-08-11 13:10:00,271.51
ORD-2026-00900,Sneha Menon,2026-08-08 22:47:00,9684.41
ORD-2026-00901,Arjun Pillai,2026-08-12 04:43:00,11048.0
ORD-2026-00902,Kavya Gupta,2026-08-15 11:49:00,4720.98
ORD-2026-00903,Priya Patel,2026-08-21 19:05:00,12658.54
ORD-2026-00904,Karthik Joshi,2026-08-07 08:46:00,13317.77
ORD-2026-00905,Rohan Das,2026-08-03 00:54:00,7706.24
ORD-2026-00906,Aarav Pillai,2026-08-19 18:25:00,11584.16
ORD-2026-00907,Vikram Sharma,2026-08-18 08:34:00,13430.99
ORD-2026-00908,Kavya Kumar,2026-08-25 04:23:00,6008.98
ORD-2026-00909,Divya Patel,2026-08-15 16:32:00,1540.2
ORD-2026-00910,Pooja Joshi,2026-08-01 21:15:00,12750.13
ORD-2026-00911,Meera Menon,2026-08-17 04:28:00,2556.49
ORD-2026-00912,Karthik Das,2026-08-24 15:22:00,798.21
ORD-2026-00913,Kavya Rao,2026-08-03 08:23:00,3663.48
ORD-2026-00914,Vikram Joshi,2026-08-30 11:24:00,7151.18
ORD-2026-00915,Aditya Sharma,2026-08-02 20:20:00,1727.73
ORD-2026-00916,Arjun Pillai,2026-08-24 08:37:00,8256.38
ORD-2026-00917,Meera Reddy,2026-08-21 12:23:00,8897.65
ORD-2026-00918,Rohan Joshi,2026-08-09 12:58:00,3498.91
ORD-2026-00919,Rahul Nair,2026-08-27 11:31:00,11931.33
ORD-2026-00920,Aarav Joshi,2026-08-29 04:28:00,2650.97
ORD-2026-00921,Rohan Joshi,2026-08-21 08:13:00,2423.56
ORD-2026-00922,Meera Nair,2026-08-20 22:52:00,1951.29
ORD-2026-00923,Sneha Reddy,2026-08-26 10:46:00,1877.41
ORD-2026-00924,Kavya Gupta,2026-08-07 18:10:00,9779.44
ORD-2026-00925,Neha Sharma,2026-08-08 01:08:00,8687.6
ORD-2026-00926,Meera Patel,2026-08-21 16:02:00,13383.81
ORD-2026-00927,Karthik Sharma,2026-08-06 08:59:00,2864.56
ORD-2026-00928,Rahul Singh,2026-08-19 20:01:00,13201.93
ORD-2026-00929,Divya Verma,2026-08-07 14:38:00,14893.08
ORD-2026-00930,Kavya Patel,2026-08-08 13:38:00,2312.14
ORD-2026-00931,Meera Singh,2026-08-22 16:16:00,2682.28
ORD-2026-00932,Siddharth Gupta,2026-08-20 18:04:00,3601.24
ORD-2026-00933,Rahul Patel,2026-08-04 00:12:00,7936.13
ORD-2026-00934,Neha Pillai,2026-08-05 19:06:00,2825.85
ORD-2026-00935,Ananya Menon,2026-08-18 16:48:00,1939.24
ORD-2026-00936,Kavya Kumar,2026-08-05 19:34:00,12447.32
ORD-2026-00937,Neha Joshi,2026-08-14 11:55:00,842.89
ORD-2026-00938,Neha Rao,2026-08-31 15:50:00,11576.34
ORD-2026-00939,Pooja Singh,2026-08-26 23:58:00,11470.78
ORD-2026-00940,Priya Reddy,2026-08-05 08:30:00,11534.71
ORD-2026-00941,Rohan Iyer,2026-08-20 17:26:00,4015.51
ORD-2026-00942,Aarav Das,2026-08-24 00:36:00,7933.6
ORD-2026-00943,Aarav Reddy,2026-08-21 06:44:00,12103.45
ORD-2026-00944,Neha Nair,2026-08-04 04:27:00,9843.32
ORD-2026-00945,Arjun Iyer,2026-08-28 17:27:00,8557.12
ORD-2026-00946,Arjun Kumar,2026-08-13 06:26:00,8371.15
ORD-2026-00947,Kavya Patel,2026-08-12 17:35:00,7359.65
ORD-2026-00948,Divya Singh,2026-08-12 22:25:00,11089.58
ORD-2026-00949,Priya Das,2026-08-08 14:50:00,10549.81
ORD-2026-00950,Meera Verma,2026-08-07 16:25:00,11834.0
ORD-2026-00951,Ananya Patel,2026-08-13 20:00:00,12104.67
ORD-2026-00952,Karthik Gupta,2026-08-30 19:27:00,1504.48
ORD-2026-00953,Arjun Rao,2026-08-12 02:38:00,758.78
ORD-2026-00954,Rahul Reddy,2026-08-20 20:33:00,4439.74
ORD-2026-00955,Ananya Menon,2026-08-27 05:40:00,7516.65
ORD-2026-00956,Aarav Rao,2026-08-28 21:59:00,12097.87
ORD-2026-00957,Divya Rao,2026-08-02 19:32:00,7834.04
ORD-2026-00958,Sneha Singh,2026-08-06 21:02:00,5524.15
ORD-2026-00959,Aarav Patel,2026-08-03 08:49:00,6111.62
ORD-2026-00960,Rahul Reddy,2026-08-19 06:33:00,427.42
ORD-2026-00961,Rohan Verma,2026-08-18 09:46:00,12480.52
ORD-2026-00962,Pooja Nair,2026-08-31 08:14:00,9174.18
ORD-2026-00963,Vikram Gupta,2026-08-30 12:36:00,268.84
ORD-2026-00964,Meera Reddy,2026-08-17 03:35:00,1271.31
ORD-2026-00965,Divya Nair,2026-08-31 03:51:00,7796.64
ORD-2026-00966,Arjun Joshi,2026-08-27 18:16:00,10474.04
ORD-2026-00967,Rahul Singh,2026-08-16 07:48:00,5226.98
ORD-2026-00968,Aditya Kumar,2026-08-15 18:55:00,604.79
ORD-2026-00969,Priya Iyer,2026-08-03 12:40:00,11872.11
ORD-2026-00970,Sneha Kumar,2026-08-23 07:51:00,4872.81
ORD-2026-00971,Pooja Joshi,2026-08-18 00:44:00,12516.22
ORD-2026-00972,Sneha Iyer,2026-08-03 12:43:00,11282.06
ORD-2026-00973,Siddharth Verma,2026-08-18 05:30:00,4845.32
ORD-2026-00974,Vikram Singh,2026-08-09 05:47:00,10309.99
ORD-2026-00975,Vikram Gupta,2026-08-24 06:15:00,11084.35
ORD-2026-00976,Arjun Rao,2026-08-08 06:53:00,3895.49
ORD-2026-00977,Pooja Patel,2026-08-25 03:07:00,13818.78
ORD-2026-00978,Kavya Singh,2026-08-01 17:02:00,12750.56
ORD-2026-00979,Pooja Singh,2026-08-11 15:57:00,14783.35
ORD-2026-00980,Arjun Gupta,2026-08-06 16:17:00,6088.62
ORD-2026-00981,Karthik Sharma,2026-08-17 13:30:00,14106.89
ORD-2026-00982,Ananya Joshi,2026-08-12 12:55:00,10357.81
ORD-2026-00983,Meera Gupta,2026-08-04 22:33:00,7009.04
ORD-2026-00984,Aarav Sharma,2026-08-22 06:24:00,8798.92
ORD-2026-00985,Siddharth Nair,2026-08-20 08:11:00,8318.74
ORD-2026-00986,Sneha Iyer,2026-08-16 19:21:00,5615.68
ORD-2026-00987,Kavya Reddy,2026-08-07 13:44:00,11332.5
ORD-2026-00988,Pooja Pillai,2026-08-13 08:28:00,2862.36
ORD-2026-00989,Karthik Singh,2026-08-22 07:52:00,1678.07
ORD-2026-00990,Arjun Menon,2026-08-08 17:27:00,12873.37
ORD-2026-00991,Vikram Patel,2026-08-26 23:09:00,7200.21
ORD-2026-00992,Aarav Patel,2026-08-14 15:08:00,14934.31
ORD-2026-00993,Siddharth Menon,2026-08-16 09:16:00,8519.65
ORD-2026-00994,Ananya Reddy,2026-08-04 22:10:00,1088.54
ORD-2026-00995,Arjun Gupta,2026-08-27 20:06:00,6857.85
ORD-2026-00996,Siddharth Iyer,2026-08-12 11:35:00,8450.87
ORD-2026-00997,Arjun Nair,2026-08-01 13:07:00,5396.14
ORD-2026-00998,Vikram Singh,2026-08-19 20:41:00,8168.89
ORD-2026-00999,Divya Nair,2026-08-11 21:32:00,7414.91
ORD-2026-01000,Aditya Verma,2026-08-13 19:18:00,7063.53
ORD-2026-01001,Karthik Pillai,2026-08-06 20:51:00,13942.79
ORD-2026-01002,Neha Kumar,2026-08-20 18:25:00,12763.73
ORD-2026-01003,Rohan Verma,2026-08-06 10:14:00,4839.53
ORD-2026-01004,Divya Das,2026-08-09 19:41:00,6052.74
ORD-2026-01005,Aditya Menon,2026-08-28 11:47:00,8886.41
ORD-2026-01006,Aditya Reddy,2026-08-06 05:54:00,541.9
ORD-2026-01007,Sneha Kumar,2026-08-09 23:44:00,11296.15
ORD-2026-01008,Vikram Patel,2026-08-13 03:06:00,1144.13
ORD-2026-01009,Kavya Joshi,2026-08-02 00:49:00,6075.79
ORD-2026-01010,Rohan Verma,2026-08-09 19:09:00,1447.81
ORD-2026-01011,Rahul Iyer,2026-08-08 07:47:00,4405.79
ORD-2026-01012,Karthik Patel,2026-08-17 05:01:00,720.29
ORD-2026-01013,Pooja Pillai,2026-08-30 10:55:00,7247.09
ORD-2026-01014,Arjun Joshi,2026-08-15 04:44:00,8181.46
ORD-2026-01015,Aditya Kumar,2026-08-24 20:56:00,8546.97
ORD-2026-01016,Divya Nair,2026-08-16 17:14:00,12109.67
ORD-2026-01017,Aditya Iyer,2026-08-12 13:16:00,2504.62
ORD-2026-01018,Aarav Sharma,2026-08-17 04:22:00,4444.08
ORD-2026-01019,Aarav Das,2026-08-30 15:48:00,7260.59
ORD-2026-01020,Aarav Menon,2026-08-14 09:38:00,3621.99
ORD-2026-01021,Aarav Joshi,2026-08-12 06:26:00,13256.0
ORD-2026-01022,Neha Reddy,2026-08-08 05:45:00,11109.34
ORD-2026-01023,Rahul Pillai,2026-08-13 07:16:00,1372.3
ORD-2026-01024,Sneha Joshi,2026-08-25 19:51:00,10470.08
ORD-2026-01025,Arjun Iyer,2026-08-21 23:34:00,12170.37
ORD-2026-01026,Neha Rao,2026-08-28 02:11:00,2222.04
ORD-2026-01027,Priya Kumar,2026-08-15 19:28:00,4227.59
ORD-2026-01028,Kavya Rao,2026-08-11 00:09:00,934.55
ORD-2026-01029,Aarav Patel,2026-08-04 09:17:00,2050.58
ORD-2026-01030,Aditya Das,2026-08-01 07:05:00,2430.12
ORD-2026-01031,Kavya Rao,2026-08-11 13:19:00,11828.74
ORD-2026-01032,Kavya Nair,2026-08-15 22:50:00,669.71
ORD-2026-01033,Rohan Pillai,2026-08-25 04:03:00,4144.25
ORD-2026-01034,Rahul Verma,2026-08-18 15:11:00,3044.45
ORD-2026-01035,Arjun Pillai,2026-08-13 00:07:00,14624.06
ORD-2026-01036,Sneha Reddy,2026-08-25 14:15:00,11116.76
ORD-2026-01037,Ananya Rao,2026-08-15 23:49:00,1590.61
ORD-2026-01038,Vikram Gupta,2026-08-13 21:19:00,14055.99
ORD-2026-01039,Meera Kumar,2026-08-24 01:47:00,14073.83
ORD-2026-01040,Priya Iyer,2026-08-16 20:19:00,3141.11
ORD-2026-01041,Ananya Pillai,2026-08-22 06:07:00,3692.29
ORD-2026-01042,Neha Nair,2026-08-01 05:50:00,4286.28
ORD-2026-01043,Priya Reddy,2026-08-26 07:00:00,14538.76
ORD-2026-01044,Kavya Das,2026-08-20 04:23:00,11607.8
ORD-2026-01045,Sneha Patel,2026-08-16 02:43:00,9355.94
ORD-2026-01046,Ananya Sharma,2026-08-12 20:09:00,10579.66
ORD-2026-01047,Priya Patel,2026-08-16 07:20:00,14728.8
ORD-2026-01048,Pooja Menon,2026-08-29 14:46:00,3055.89
ORD-2026-01049,Rahul Nair,2026-08-24 04:16:00,13500.21
ORD-2026-01050,Kavya Das,2026-08-15 17:18:00,8232.46
ORD-2026-01051,Kavya Rao,2026-08-19 05:34:00,5345.44
ORD-2026-01052,Aditya Iyer,2026-08-28 19:58:00,12936.3
ORD-2026-01053,Meera Verma,2026-08-17 04:28:00,4575.96
ORD-2026-01054,Arjun Joshi,2026-08-12 14:00:00,11683.59
ORD-2026-01055,Rahul Das,2026-08-06 00:39:00,12881.07
ORD-2026-01056,Sneha Nair,2026-08-24 02:42:00,14514.01
ORD-2026-01057,Rahul Rao,2026-08-17 21:31:00,11532.86
ORD-2026-01058,Karthik Singh,2026-08-10 10:26:00,9685.38
ORD-2026-01059,Priya Verma,2026-08-17 21:04:00,847.9
ORD-2026-01060,Karthik Patel,2026-08-28 01:12:00,1784.42
ORD-2026-01061,Vikram Verma,2026-08-02 18:41:00,12577.23
ORD-2026-01062,Kavya Joshi,2026-08-20 22:37:00,3987.89
ORD-2026-01063,Pooja Rao,2026-08-20 22:04:00,393.67
ORD-2026-01064,Vikram Kumar,2026-08-16 02:29:00,12055.1
ORD-2026-01065,Ananya Nair,2026-08-18 23:56:00,6356.11
ORD-2026-01066,Pooja Menon,2026-08-23 01:52:00,9330.61
ORD-2026-01067,Ananya Das,2026-08-03 09:04:00,14180.13
ORD-2026-01068,Priya Verma,2026-08-24 07:34:00,5902.9
ORD-2026-01069,Vikram Joshi,2026-08-22 07:36:00,9454.81
ORD-2026-01070,Meera Joshi,2026-08-24 17:26:00,11242.4
ORD-2026-01071,Pooja Kumar,2026-08-15 22:42:00,6520.71
ORD-2026-01072,Priya Patel,2026-08-26 05:35:00,6143.05
ORD-2026-01073,Siddharth Kumar,2026-08-06 17:38:00,6756.58
ORD-2026-01074,Pooja Nair,2026-08-18 10:54:00,5701.45
ORD-2026-01075,Neha Pillai,2026-08-24 10:38:00,3762.69
ORD-2026-01076,Vikram Reddy,2026-08-25 17:59:00,11219.76
ORD-2026-01077,Pooja Gupta,2026-08-15 12:00:00,10949.44
ORD-2026-01078,Divya Singh,2026-08-01 16:08:00,14902.5
ORD-2026-01079,Divya Sharma,2026-08-10 07:13:00,12864.66
ORD-2026-01080,Aarav Menon,2026-08-27 22:52:00,4284.17
ORD-2026-01081,Karthik Verma,2026-08-02 14:22:00,2510.39
ORD-2026-01082,Arjun Nair,2026-08-29 18:15:00,3648.31
ORD-2026-01083,Divya Verma,2026-08-19 12:36:00,13784.65
ORD-2026-01084,Rohan Das,2026-08-11 15:11:00,7426.49
ORD-2026-01085,Priya Singh,2026-08-21 09:02:00,11015.68
ORD-2026-01086,Rahul Verma,2026-08-25 01:58:00,11609.34
ORD-2026-01087,Pooja Pillai,2026-08-14 13:59:00,13043.9
ORD-2026-01088,Sneha Das,2026-08-21 19:59:00,369.23
ORD-2026-01089,Rahul Sharma,2026-08-10 16:02:00,4925.88
ORD-2026-01090,Karthik Nair,2026-08-17 22:14:00,2467.32
ORD-2026-01091,Rahul Gupta,2026-08-25 19:36:00,7669.99
ORD-2026-01092,Sneha Reddy,2026-08-10 12:09:00,2156.4
ORD-2026-01093,Rohan Gupta,2026-08-19 23:03:00,8312.66
ORD-2026-01094,Arjun Verma,2026-08-13 16:27:00,11652.61
ORD-2026-01095,Karthik Menon,2026-08-05 15:35:00,3132.01
ORD-2026-01096,Rahul Kumar,2026-08-19 06:35:00,9316.75
ORD-2026-01097,Sneha Rao,2026-08-03 08:49:00,6564.97
ORD-2026-01098,Rohan Verma,2026-08-22 13:27:00,5605.96
ORD-2026-01099,Vikram Nair,2026-08-12 19:41:00,558.26
ORD-2026-01100,Divya Patel,2026-08-12 19:52:00,14854.36
ORD-2026-01101,Aditya Singh,2026-08-05 14:02:00,13878.36
ORD-2026-01102,Sneha Rao,2026-08-22 11:09:00,11414.46
ORD-2026-01103,Rohan Verma,2026-08-24 01:15:00,14244.33
ORD-2026-01104,Karthik Pillai,2026-08-27 09:00:00,5280.42
ORD-2026-01105,Priya Iyer,2026-08-15 15:01:00,5111.78
ORD-2026-01106,Vikram Rao,2026-08-18 16:48:00,4028.14
ORD-2026-01107,Kavya Singh,2026-08-24 04:44:00,10541.58
ORD-2026-01108,Aarav Reddy,2026-08-19 21:33:00,843.53
ORD-2026-01109,Meera Sharma,2026-08-10 06:50:00,10508.59
ORD-2026-01110,Arjun Sharma,2026-08-15 20:00:00,1185.65
ORD-2026-01111,Arjun Kumar,2026-08-28 21:23:00,12991.38
ORD-2026-01112,Aarav Iyer,2026-08-28 20:24:00,3621.3
ORD-2026-01113,Rahul Joshi,2026-08-23 03:57:00,4868.75
ORD-2026-01114,Rohan Patel,2026-08-07 16:29:00,8498.18
ORD-2026-01115,Aarav Sharma,2026-08-08 16:19:00,5136.83
ORD-2026-01116,Rahul Das,2026-08-06 00:22:00,10327.81
ORD-2026-01117,Pooja Kumar,2026-08-10 07:32:00,4283.0
ORD-2026-01118,Ananya Kumar,2026-08-09 12:56:00,14999.29
ORD-2026-01119,Aarav Joshi,2026-08-31 08:14:00,2445.28
ORD-2026-01120,Rahul Kumar,2026-08-05 02:46:00,5856.67
ORD-2026-01121,Sneha Reddy,2026-08-08 18:09:00,6511.68
ORD-2026-01122,Divya Singh,2026-08-11 14:34:00,2150.23
ORD-2026-01123,Karthik Singh,2026-08-18 21:51:00,3194.19
ORD-2026-01124,Karthik Iyer,2026-08-23 22:57:00,7952.32
ORD-2026-01125,Karthik Reddy,2026-08-30 04:41:00,14008.84
ORD-2026-01126,Meera Nair,2026-08-03 17:34:00,14239.3
ORD-2026-01127,Priya Patel,2026-08-11 04:46:00,636.35
ORD-2026-01128,Siddharth Reddy,2026-08-31 13:19:00,6756.47
ORD-2026-01129,Arjun Patel,2026-08-25 06:06:00,2146.88
ORD-2026-01130,Aarav Menon,2026-08-20 19:17:00,9162.95
ORD-2026-01131,Sneha Singh,2026-08-08 07:43:00,586.05
ORD-2026-01132,Rohan Das,2026-08-25 15:08:00,7634.4
ORD-2026-01133,Kavya Das,2026-08-21 11:11:00,12811.52
ORD-2026-01134,Kavya Gupta,2026-08-05 05:12:00,3548.84
ORD-2026-01135,Neha Menon,2026-08-01 08:26:00,3493.8
ORD-2026-01136,Vikram Menon,2026-08-07 02:11:00,13921.13
ORD-2026-01137,Aditya Pillai,2026-08-20 15:44:00,5008.46
ORD-2026-01138,Aditya Rao,2026-08-14 12:49:00,819.03
ORD-2026-01139,Rahul Das,2026-08-11 12:39:00,14099.26
ORD-2026-01140,Ananya Joshi,2026-08-04 14:29:00,12439.75
ORD-2026-01141,Ananya Rao,2026-08-17 17:25:00,14760.69
ORD-2026-01142,Ananya Joshi,2026-08-13 16:48:00,9533.6
ORD-2026-01143,Ananya Rao,2026-08-10 14:25:00,13289.08
ORD-2026-01144,Divya Gupta,2026-08-06 13:18:00,9274.39
ORD-2026-01145,Ananya Das,2026-08-17 04:29:00,12482.42
ORD-2026-01146,Aditya Verma,2026-08-24 16:07:00,2860.62
ORD-2026-01147,Karthik Reddy,2026-08-14 10:28:00,568.7
ORD-2026-01148,Aditya Singh,2026-08-29 22:57:00,3188.59
ORD-2026-01149,Aditya Verma,2026-08-09 10:44:00,9798.93
ORD-2026-01150,Meera Das,2026-08-24 03:05:00,1889.64
ORD-2026-01151,Aditya Kumar,2026-08-12 02:33:00,10667.73
ORD-2026-01152,Meera Reddy,2026-08-18 12:02:00,11570.25
ORD-2026-01153,Siddharth Singh,2026-08-28 21:55:00,2421.33
ORD-2026-01154,Karthik Patel,2026-08-25 22:03:00,6409.81
ORD-2026-01155,Divya Das,2026-08-25 14:18:00,9471.5
ORD-2026-01156,Priya Patel,2026-08-31 06:00:00,9413.89
ORD-2026-01157,Arjun Sharma,2026-08-15 15:54:00,7579.91
ORD-2026-01158,Aarav Singh,2026-08-29 15:15:00,3409.73
ORD-2026-01159,Kavya Gupta,2026-08-14 14:05:00,9098.01
ORD-2026-01160,Aarav Rao,2026-08-29 17:17:00,9372.54
ORD-2026-01161,Vikram Sharma,2026-08-06 04:03:00,9868.5
ORD-2026-01162,Ananya Patel,2026-08-28 01:42:00,8755.77
ORD-2026-01163,Divya Nair,2026-08-30 02:03:00,1811.54
ORD-2026-01164,Meera Patel,2026-08-22 09:39:00,9981.68
ORD-2026-01165,Meera Gupta,2026-08-24 18:23:00,13985.9
ORD-2026-01166,Rohan Menon,2026-08-10 10:23:00,13483.44
ORD-2026-01167,Rohan Menon,2026-08-14 17:04:00,4533.92
ORD-2026-01168,Karthik Verma,2026-08-23 08:21:00,8000.38
ORD-2026-01169,Vikram Das,2026-08-07 19:03:00,1817.67
ORD-2026-01170,Rohan Gupta,2026-08-24 22:38:00,14021.6
ORD-2026-01171,Divya Reddy,2026-08-20 10:16:00,7975.79
ORD-2026-01172,Pooja Patel,2026-08-20 18:31:00,7891.65
ORD-2026-01173,Kavya Gupta,2026-08-26 05:56:00,9219.21
ORD-2026-01174,Divya Rao,2026-08-01 03:01:00,7080.31
ORD-2026-01175,Priya Das,2026-08-28 06:51:00,9306.56
ORD-2026-01176,Neha Reddy,2026-08-02 10:22:00,8494.15
ORD-2026-01177,Vikram Sharma,2026-08-21 06:44:00,4368.08
ORD-2026-01178,Rohan Iyer,2026-08-10 16:35:00,4994.07
ORD-2026-01179,Aarav Verma,2026-08-22 10:21:00,6061.53
ORD-2026-01180,Aarav Pillai,2026-08-06 06:21:00,12540.61
ORD-2026-01181,Kavya Gupta,2026-08-26 01:41:00,2209.16
ORD-2026-01182,Karthik Kumar,2026-08-15 17:57:00,5159.62
ORD-2026-01183,Neha Das,2026-08-02 16:19:00,8561.15
ORD-2026-01184,Siddharth Joshi,2026-08-18 00:13:00,8745.49
ORD-2026-01185,Siddharth Menon,2026-08-30 11:04:00,14550.28
ORD-2026-01186,Arjun Pillai,2026-08-01 10:24:00,9472.36
ORD-2026-01187,Meera Singh,2026-08-20 12:11:00,9008.84
ORD-2026-01188,Divya Das,2026-08-28 10:45:00,668.1
ORD-2026-01189,Neha Verma,2026-08-16 07:23:00,6888.21
ORD-2026-01190,Divya Rao,2026-08-17 09:11:00,1861.02
ORD-2026-01191,Ananya Menon,2026-08-07 02:28:00,7688.72
ORD-2026-01192,Kavya Joshi,2026-08-05 06:21:00,13869.82
ORD-2026-01193,Divya Menon,2026-08-11 04:49:00,13102.62
ORD-2026-01194,Karthik Rao,2026-08-24 01:29:00,5936.31
ORD-2026-01195,Priya Sharma,2026-08-10 01:43:00,12752.24
ORD-2026-01196,Rohan Nair,2026-08-15 01:06:00,7904.55
ORD-2026-01197,Divya Sharma,2026-08-19 09:40:00,13403.61
ORD-2026-01198,Siddharth Rao,2026-08-07 09:17:00,8077.68
ORD-2026-01199,Aditya Kumar,2026-08-04 08:09:00,2530.94
ORD-2026-01200,Priya Sharma,2026-08-31 19:35:00,7808.1
ORD-2026-01201,Vikram Joshi,2026-08-12 17:20:00,4211.57
ORD-2026-01202,Divya Singh,2026-08-08 05:04:00,4808.39
ORD-2026-01203,Siddharth Joshi,2026-08-15 01:08:00,629.09
ORD-2026-01204,Ananya Verma,2026-08-13 01:05:00,6511.69
ORD-2026-01205,Meera Das,2026-08-20 18:40:00,12575.38
ORD-2026-01206,Aditya Singh,2026-08-12 09:21:00,12298.14
ORD-2026-01207,Rohan Menon,2026-08-25 14:36:00,2150.57
ORD-2026-01208,Aditya Verma,2026-08-15 09:43:00,9737.4
ORD-2026-01209,Aditya Gupta,2026-08-08 07:09:00,12944.22
ORD-2026-01210,Arjun Nair,2026-08-13 05:44:00,13775.51
ORD-2026-01211,Siddharth Menon,2026-08-28 10:29:00,7415.1
ORD-2026-01212,Rohan Gupta,2026-08-04 11:30:00,7026.38
ORD-2026-01213,Meera Iyer,2026-08-25 11:38:00,8705.24
ORD-2026-01214,Priya Reddy,2026-08-27 22:50:00,1783.32
ORD-2026-01215,Rohan Menon,2026-08-10 17:29:00,6132.08
ORD-2026-01216,Neha Rao,2026-08-20 07:35:00,2553.5
ORD-2026-01217,Kavya Reddy,2026-08-03 10:13:00,12245.95
ORD-2026-01218,Neha Menon,2026-08-14 18:50:00,5264.57
ORD-2026-01219,Sneha Patel,2026-08-22 21:04:00,11142.63
ORD-2026-01220,Kavya Verma,2026-08-19 19:29:00,5015.6
ORD-2026-01221,Priya Pillai,2026-08-15 05:19:00,14347.08
ORD-2026-01222,Rohan Singh,2026-08-04 21:52:00,9026.8
ORD-2026-01223,Rahul Nair,2026-08-16 20:42:00,1109.94
ORD-2026-01224,Vikram Pillai,2026-08-05 18:57:00,11373.83
ORD-2026-01225,Aarav Menon,2026-08-05 21:09:00,6904.02
ORD-2026-01226,Divya Reddy,2026-08-20 18:28:00,3095.87
ORD-2026-01227,Siddharth Iyer,2026-08-19 21:19:00,13793.82
ORD-2026-01228,Neha Das,2026-08-30 11:05:00,8824.36
ORD-2026-01229,Rahul Pillai,2026-08-05 09:03:00,5664.5
ORD-2026-01230,Ananya Sharma,2026-08-23 17:52:00,14684.7
ORD-2026-01231,Priya Pillai,2026-08-10 00:15:00,6589.39
ORD-2026-01232,Rahul Kumar,2026-08-11 22:24:00,6209.28
ORD-2026-01233,Neha Joshi,2026-08-07 21:11:00,7228.1
ORD-2026-01234,Vikram Joshi,2026-08-13 11:53:00,6375.09
ORD-2026-01235,Divya Pillai,2026-08-22 04:08:00,371.72
ORD-2026-01236,Aarav Patel,2026-08-24 15:42:00,6663.68
ORD-2026-01237,Karthik Verma,2026-08-05 20:51:00,6354.66
ORD-2026-01238,Aditya Menon,2026-08-23 19:59:00,6500.42
ORD-2026-01239,Meera Gupta,2026-08-17 13:35:00,12337.06
ORD-2026-01240,Rahul Nair,2026-08-08 05:27:00,9147.68
ORD-2026-01241,Kavya Pillai,2026-08-24 07:45:00,7625.59
ORD-2026-01242,Neha Joshi,2026-08-19 11:02:00,14677.86
ORD-2026-01243,Kavya Das,2026-08-12 03:37:00,7326.69
ORD-2026-01244,Rohan Patel,2026-08-24 23:33:00,14756.97
ORD-2026-01245,Arjun Gupta,2026-08-17 02:33:00,13370.75
ORD-2026-01246,Rohan Rao,2026-08-16 20:47:00,10023.31
ORD-2026-01247,Rohan Kumar,2026-08-21 17:51:00,8778.5
ORD-2026-01248,Ananya Nair,2026-08-18 00:30:00,6919.71
ORD-2026-01249,Kavya Singh,2026-08-24 10:26:00,5423.14
ORD-2026-01250,Divya Iyer,2026-08-06 01:44:00,13858.39
ORD-2026-01251,Divya Das,2026-08-26 18:16:00,1108.98
ORD-2026-01252,Kavya Singh,2026-08-06 18:03:00,9913.53
ORD-2026-01253,Divya Menon,2026-08-24 19:01:00,4444.87
ORD-2026-01254,Rohan Patel,2026-08-17 02:54:00,11799.69
ORD-2026-01255,Arjun Patel,2026-08-20 08:17:00,12896.3
ORD-2026-01256,Aarav Das,2026-08-04 19:11:00,13669.95
ORD-2026-01257,Karthik Kumar,2026-08-15 11:51:00,2795.91
ORD-2026-01258,Sneha Gupta,2026-08-06 16:55:00,689.74
ORD-2026-01259,Rohan Patel,2026-08-20 04:53:00,7540.03
ORD-2026-01260,Neha Menon,2026-08-13 07:42:00,6714.74
ORD-2026-01261,Meera Rao,2026-08-19 23:53:00,5307.12
ORD-2026-01262,Arjun Menon,2026-08-27 03:03:00,2680.49
ORD-2026-01263,Rahul Gupta,2026-08-10 15:47:00,14234.13
ORD-2026-01264,Sneha Reddy,2026-08-22 22:24:00,7223.93
ORD-2026-01265,Karthik Joshi,2026-08-28 13:00:00,4474.12
ORD-2026-01266,Aditya Reddy,2026-08-22 10:33:00,10306.57
ORD-2026-01267,Ananya Verma,2026-08-30 17:40:00,5436.66
ORD-2026-01268,Neha Singh,2026-08-30 20:54:00,4234.34
ORD-2026-01269,Arjun Iyer,2026-08-26 03:16:00,9884.28
ORD-2026-01270,Rahul Gupta,2026-08-25 21:47:00,3778.6
ORD-2026-01271,Vikram Joshi,2026-08-11 21:44:00,14899.58
ORD-2026-01272,Siddharth Joshi,2026-08-01 21:00:00,12509.0
ORD-2026-01273,Aarav Reddy,2026-08-04 16:06:00,10345.39
ORD-2026-01274,Pooja Rao,2026-08-24 09:16:00,3057.58
ORD-2026-01275,Aarav Singh,2026-08-03 01:38:00,9917.76
ORD-2026-01276,Vikram Singh,2026-08-21 03:45:00,14375.37
ORD-2026-01277,Rohan Pillai,2026-08-20 04:24:00,9914.64
ORD-2026-01278,Meera Verma,2026-08-23 05:16:00,4559.62
ORD-2026-01279,Rohan Kumar,2026-08-15 08:49:00,6519.35
ORD-2026-01280,Siddharth Iyer,2026-08-06 02:17:00,11701.17
ORD-2026-01281,Rahul Reddy,2026-08-11 01:16:00,14342.96
ORD-2026-01282,Arjun Patel,2026-08-15 02:31:00,14695.45
ORD-2026-01283,Vikram Singh,2026-08-13 05:41:00,7482.45
ORD-2026-01284,Karthik Joshi,2026-08-25 13:13:00,9286.7
ORD-2026-01285,Priya Gupta,2026-08-23 08:06:00,715.94
ORD-2026-01286,Rohan Singh,2026-08-24 08:49:00,6799.05
ORD-2026-01287,Kavya Patel,2026-08-21 20:00:00,14006.83
ORD-2026-01288,Rahul Iyer,2026-08-05 22:21:00,13588.34
ORD-2026-01289,Aarav Joshi,2026-08-23 15:30:00,6653.65
ORD-2026-01290,Rohan Joshi,2026-08-08 00:24:00,14321.5
ORD-2026-01291,Kavya Verma,2026-08-19 17:59:00,14875.7
ORD-2026-01292,Siddharth Kumar,2026-08-10 12:03:00,9557.63
ORD-2026-01293,Rohan Nair,2026-08-18 10:05:00,12649.49
ORD-2026-01294,Divya Kumar,2026-08-07 05:35:00,782.1
ORD-2026-01295,Rahul Kumar,2026-08-07 09:44:00,5973.55
ORD-2026-01296,Priya Kumar,2026-08-23 11:31:00,1455.96
ORD-2026-01297,Aditya Das,2026-08-07 04:02:00,3057.77
ORD-2026-01298,Sneha Gupta,2026-08-13 02:50:00,8200.17
ORD-2026-01299,Divya Gupta,2026-08-18 14:01:00,748.23
ORD-2026-01300,Ananya Nair,2026-08-26 23:02:00,6201.52
ORD-2026-01301,Vikram Menon,2026-08-21 21:33:00,6983.88
ORD-2026-01302,Karthik Das,2026-08-19 07:59:00,1266.1
ORD-2026-01303,Karthik Gupta,2026-08-21 00:30:00,13626.25
ORD-2026-01304,Ananya Rao,2026-08-23 20:08:00,412.61
ORD-2026-01305,Ananya Iyer,2026-08-27 03:29:00,9246.14
ORD-2026-01306,Rohan Pillai,2026-08-27 03:07:00,7557.72
ORD-2026-01307,Sneha Verma,2026-08-26 06:27:00,5192.68
ORD-2026-01308,Rahul Nair,2026-08-04 21:36:00,8279.09
ORD-2026-01309,Siddharth Pillai,2026-08-31 06:48:00,874.68
ORD-2026-01310,Meera Nair,2026-08-03 03:17:00,2290.3
ORD-2026-01311,Neha Patel,2026-08-23 11:35:00,2642.09
ORD-2026-01312,Sneha Singh,2026-08-02 04:06:00,11907.57
ORD-2026-01313,Rahul Menon,2026-08-06 00:56:00,7407.12
ORD-2026-01314,Aarav Sharma,2026-08-06 02:45:00,9845.99
ORD-2026-01315,Divya Reddy,2026-08-23 15:44:00,2078.01
ORD-2026-01316,Karthik Kumar,2026-08-09 16:28:00,6298.06
ORD-2026-01317,Meera Singh,2026-08-23 01:38:00,2864.01
ORD-2026-01318,Kavya Singh,2026-08-31 02:40:00,12431.96
ORD-2026-01319,Divya Nair,2026-08-14 00:35:00,3687.46
ORD-2026-01320,Priya Joshi,2026-08-04 19:23:00,12968.42
ORD-2026-01321,Sneha Gupta,2026-08-25 20:42:00,3280.01
ORD-2026-01322,Ananya Rao,2026-08-04 04:43:00,12687.97
ORD-2026-01323,Kavya Gupta,2026-08-06 05:42:00,13855.56
ORD-2026-01324,Ananya Kumar,2026-08-12 09:13:00,6633.14
ORD-2026-01325,Siddharth Singh,2026-08-26 14:02:00,1745.43
ORD-2026-01326,Ananya Joshi,2026-08-06 05:50:00,630.17
ORD-2026-01327,Priya Verma,2026-08-29 07:46:00,6783.35
ORD-2026-01328,Siddharth Reddy,2026-08-07 23:43:00,13495.92
ORD-2026-01329,Sneha Menon,2026-08-04 10:14:00,1651.35
ORD-2026-01330,Neha Pillai,2026-08-07 12:57:00,3465.81
ORD-2026-01331,Kavya Singh,2026-08-16 01:56:00,6650.8
ORD-2026-01332,Vikram Singh,2026-08-15 05:24:00,5727.58
ORD-2026-01333,Aditya Das,2026-08-07 20:22:00,14638.23
ORD-2026-01334,Vikram Nair,2026-08-05 01:44:00,8616.25
ORD-2026-01335,Arjun Patel,2026-08-04 14:29:00,6389.71
ORD-2026-01336,Siddharth Rao,2026-08-29 09:38:00,2520.46
ORD-2026-01337,Meera Singh,2026-08-18 07:05:00,6293.1
ORD-2026-01338,Kavya Pillai,2026-08-07 18:30:00,12587.44
ORD-2026-01339,Arjun Sharma,2026-08-24 13:47:00,13114.46
ORD-2026-01340,Sneha Nair,2026-08-14 18:14:00,13398.97
ORD-2026-01341,Karthik Singh,2026-08-29 00:26:00,14706.72
ORD-2026-01342,Ananya Gupta,2026-08-24 16:02:00,6500.33
ORD-2026-01343,Rahul Gupta,2026-08-26 22:52:00,1650.39
ORD-2026-01344,Kavya Rao,2026-08-03 17:48:00,383.86
ORD-2026-01345,Neha Rao,2026-08-05 11:18:00,3738.12
ORD-2026-01346,Rohan Sharma,2026-08-16 21:19:00,2594.68
ORD-2026-01347,Aditya Pillai,2026-08-19 23:37:00,561.32
ORD-2026-01348,Aditya Gupta,2026-08-25 04:55:00,10606.4
ORD-2026-01349,Meera Menon,2026-08-28 11:40:00,7071.58
ORD-2026-01350,Aarav Pillai,2026-08-21 02:24:00,13422.83
ORD-2026-01351,Siddharth Joshi,2026-08-02 09:27:00,11342.74
ORD-2026-01352,Vikram Menon,2026-08-22 02:39:00,13236.54
ORD-2026-01353,Ananya Joshi,2026-08-31 21:23:00,13342.07
ORD-2026-01354,Priya Reddy,2026-08-12 14:39:00,804.94
ORD-2026-01355,Pooja Patel,2026-08-21 17:45:00,1191.69
ORD-2026-01356,Vikram Patel,2026-08-11 07:34:00,1880.65
ORD-2026-01357,Kavya Das,2026-08-31 18:55:00,14394.74
ORD-2026-01358,Vikram Menon,2026-08-24 07:20:00,5420.13
ORD-2026-01359,Arjun Joshi,2026-08-22 13:17:00,1006.01
ORD-2026-01360,Pooja Nair,2026-08-15 15:32:00,7994.9
ORD-2026-01361,Priya Gupta,2026-08-23 17:43:00,12415.61
ORD-2026-01362,Divya Gupta,2026-08-20 11:51:00,10164.94
ORD-2026-01363,Rohan Rao,2026-08-29 14:05:00,1386.52
ORD-2026-01364,Meera Iyer,2026-08-31 02:06:00,2638.54
ORD-2026-01365,Priya Das,2026-08-05 15:09:00,13149.9
ORD-2026-01366,Aarav Iyer,2026-08-14 21:34:00,13989.48
ORD-2026-01367,Kavya Nair,2026-08-14 14:47:00,9741.33
ORD-2026-01368,Divya Rao,2026-08-03 00:55:00,12069.44
ORD-2026-01369,Siddharth Reddy,2026-08-19 10:41:00,9761.56
ORD-2026-01370,Siddharth Gupta,2026-08-19 21:44:00,8046.46
ORD-2026-01371,Aditya Gupta,2026-08-10 18:08:00,13494.57
ORD-2026-01372,Divya Patel,2026-08-26 08:14:00,7366.8
ORD-2026-01373,Divya Menon,2026-08-28 01:09:00,5426.19
ORD-2026-01374,Aditya Patel,2026-08-20 05:45:00,8122.69
ORD-2026-01375,Meera Patel,2026-08-27 22:44:00,13589.72
ORD-2026-01376,Karthik Patel,2026-08-08 03:02:00,14907.84
ORD-2026-01377,Karthik Gupta,2026-08-09 11:11:00,3236.3
ORD-2026-01378,Ananya Kumar,2026-08-11 11:09:00,5719.14
ORD-2026-01379,Meera Joshi,2026-08-10 03:58:00,568.89
ORD-2026-01380,Kavya Menon,2026-08-05 14:59:00,4939.23
ORD-2026-01381,Aarav Das,2026-08-18 16:21:00,9779.21
ORD-2026-01382,Divya Gupta,2026-08-29 09:48:00,14714.21
ORD-2026-01383,Karthik Menon,2026-08-19 23:58:00,13849.92
ORD-2026-01384,Siddharth Das,2026-08-04 23:30:00,13522.58
ORD-2026-01385,Karthik Kumar,2026-08-18 03:19:00,566.97
ORD-2026-01386,Sneha Gupta,2026-08-12 02:20:00,1014.5
ORD-2026-01387,Vikram Singh,2026-08-17 07:50:00,14047.84
ORD-2026-01388,Arjun Rao,2026-08-01 02:34:00,12771.88
ORD-2026-01389,Rohan Joshi,2026-08-13 06:31:00,4902.82
ORD-2026-01390,Ananya Kumar,2026-08-12 12:09:00,10796.26
ORD-2026-01391,Neha Nair,2026-08-13 11:00:00,4412.83
ORD-2026-01392,Pooja Iyer,2026-08-15 17:05:00,3392.29
ORD-2026-01393,Aditya Das,2026-08-14 14:18:00,2624.1
ORD-2026-01394,Neha Das,2026-08-29 13:08:00,12565.57
ORD-2026-01395,Rohan Patel,2026-08-07 09:30:00,14828.06
ORD-2026-01396,Siddharth Verma,2026-08-30 18:48:00,5761.43
ORD-2026-01397,Aarav Reddy,2026-08-21 08:26:00,2788.42
ORD-2026-01398,Aditya Das,2026-08-19 04:12:00,2952.89
ORD-2026-01399,Rahul Iyer,2026-08-18 15:02:00,12377.43
ORD-2026-01400,Divya Pillai,2026-08-19 09:31:00,8477.36
ORD-2026-01401,Aditya Rao,2026-08-01 00:09:00,4087.62
ORD-2026-01402,Kavya Verma,2026-08-21 21:57:00,4457.8
ORD-2026-01403,Meera Gupta,2026-08-30 22:41:00,3822.3
ORD-2026-01404,Priya Menon,2026-08-09 15:04:00,9063.59
ORD-2026-01405,Pooja Singh,2026-08-16 18:27:00,13051.52
ORD-2026-01406,Kavya Das,2026-08-27 03:23:00,7785.38
ORD-2026-01407,Aarav Pillai,2026-08-09 05:37:00,1065.95
ORD-2026-01408,Siddharth Gupta,2026-08-29 22:08:00,5489.3
ORD-2026-01409,Ananya Iyer,2026-08-12 13:40:00,13699.15
ORD-2026-01410,Pooja Sharma,2026-08-10 09:33:00,9656.41
ORD-2026-01411,Rohan Joshi,2026-08-07 20:11:00,11517.4
ORD-2026-01412,Meera Joshi,2026-08-11 10:52:00,12705.92
ORD-2026-01413,Divya Iyer,2026-08-22 22:44:00,5565.34
ORD-2026-01414,Pooja Pillai,2026-08-05 00:08:00,7868.93
ORD-2026-01415,Pooja Menon,2026-08-16 13:21:00,13829.43
ORD-2026-01416,Meera Verma,2026-08-07 04:32:00,3472.48
ORD-2026-01417,Vikram Menon,2026-08-29 17:39:00,10406.86
ORD-2026-01418,Priya Reddy,2026-08-15 02:07:00,12318.9
ORD-2026-01419,Aarav Gupta,2026-08-12 09:44:00,5566.01
ORD-2026-01420,Aditya Singh,2026-08-17 10:11:00,10706.44
ORD-2026-01421,Aarav Das,2026-08-27 03:14:00,2104.97
ORD-2026-01422,Karthik Das,2026-08-08 09:08:00,3305.65
ORD-2026-01423,Rohan Reddy,2026-08-23 03:04:00,478.33
ORD-2026-01424,Kavya Menon,2026-08-14 01:12:00,1795.7
ORD-2026-01425,Ananya Gupta,2026-08-04 08:02:00,1180.46
ORD-2026-01426,Aarav Menon,2026-08-04 03:58:00,9106.52
ORD-2026-01427,Vikram Patel,2026-08-22 11:01:00,1543.53
ORD-2026-01428,Arjun Singh,2026-08-12 11:10:00,12856.04
ORD-2026-01429,Sneha Joshi,2026-08-19 02:06:00,12329.88
ORD-2026-01430,Aarav Joshi,2026-08-07 22:12:00,14471.1
ORD-2026-01431,Meera Menon,2026-08-18 00:46:00,1660.55
ORD-2026-01432,Vikram Joshi,2026-08-28 22:30:00,5623.65
ORD-2026-01433,Meera Gupta,2026-08-22 03:11:00,12554.18
ORD-2026-01434,Rahul Reddy,2026-08-07 16:14:00,6232.15
ORD-2026-01435,Siddharth Verma,2026-08-15 03:33:00,2211.5
ORD-2026-01436,Pooja Das,2026-08-10 17:46:00,801.01
ORD-2026-01437,Siddharth Gupta,2026-08-04 12:18:00,6962.8
ORD-2026-01438,Divya Kumar,2026-08-27 14:14:00,8397.96
ORD-2026-01439,Divya Pillai,2026-08-14 06:54:00,1230.22
ORD-2026-01440,Kavya Kumar,2026-08-12 05:00:00,14981.11
ORD-2026-01441,Kavya Kumar,2026-08-04 12:28:00,7935.4
ORD-2026-01442,Rohan Verma,2026-08-05 12:25:00,10486.55
ORD-2026-01443,Priya Das,2026-08-30 05:04:00,5582.91
ORD-2026-01444,Vikram Nair,2026-08-07 19:54:00,14861.79
ORD-2026-01445,Priya Rao,2026-08-27 13:46:00,7586.83
ORD-2026-01446,Arjun Menon,2026-08-26 20:25:00,5470.24
ORD-2026-01447,Rahul Gupta,2026-08-17 08:09:00,11566.39
ORD-2026-01448,Priya Verma,2026-08-09 15:31:00,3616.16
ORD-2026-01449,Karthik Sharma,2026-08-04 23:03:00,12488.62
ORD-2026-01450,Kavya Kumar,2026-08-01 05:24:00,9147.84
ORD-2026-01451,Siddharth Patel,2026-08-10 19:39:00,1625.74
ORD-2026-01452,Rohan Kumar,2026-08-25 16:49:00,7484.38
ORD-2026-01453,Aditya Rao,2026-08-10 21:31:00,7455.71
ORD-2026-01454,Arjun Joshi,2026-08-11 17:34:00,461.52
ORD-2026-01455,Ananya Reddy,2026-08-29 03:24:00,6861.71
ORD-2026-01456,Rahul Gupta,2026-08-15 01:02:00,2817.66
ORD-2026-01457,Divya Das,2026-08-06 15:27:00,2190.43
ORD-2026-01458,Rahul Gupta,2026-08-25 03:36:00,10190.36
ORD-2026-01459,Kavya Gupta,2026-08-18 05:32:00,1024.91
ORD-2026-01460,Arjun Gupta,2026-08-19 12:39:00,10212.02
ORD-2026-01461,Divya Nair,2026-08-02 00:37:00,867.75
ORD-2026-01462,Pooja Nair,2026-08-26 23:37:00,598.12
ORD-2026-01463,Siddharth Reddy,2026-08-04 13:22:00,14880.79
ORD-2026-01464,Neha Nair,2026-08-02 21:15:00,3864.69
ORD-2026-01465,Divya Singh,2026-08-03 22:04:00,13060.31
ORD-2026-01466,Priya Nair,2026-08-06 00:34:00,5026.53
ORD-2026-01467,Aditya Kumar,2026-08-28 13:36:00,7818.45
ORD-2026-01468,Neha Iyer,2026-08-01 22:30:00,8902.24
ORD-2026-01469,Siddharth Reddy,2026-08-19 12:20:00,8673.57
ORD-2026-01470,Kavya Verma,2026-08-23 21:13:00,5172.32
ORD-2026-01471,Siddharth Patel,2026-08-20 09:23:00,14547.53
ORD-2026-01472,Vikram Gupta,2026-08-21 02:53:00,12784.95
ORD-2026-01473,Vikram Iyer,2026-08-09 01:19:00,14944.17
ORD-2026-01474,Rahul Menon,2026-08-08 19:47:00,14377.53
ORD-2026-01475,Priya Singh,2026-08-11 08:04:00,8583.14
ORD-2026-01476,Kavya Reddy,2026-08-07 11:50:00,1334.59
ORD-2026-01477,Divya Joshi,2026-08-26 09:27:00,10019.16
ORD-2026-01478,Siddharth Rao,2026-08-14 12:16:00,9449.47
ORD-2026-01479,Aditya Kumar,2026-08-25 17:11:00,13237.27
ORD-2026-01480,Meera Singh,2026-08-16 06:42:00,14439.33
ORD-2026-01481,Aditya Iyer,2026-08-30 20:34:00,12172.22
ORD-2026-01482,Neha Singh,2026-08-24 20:03:00,7929.59
ORD-2026-01483,Pooja Gupta,2026-08-05 07:09:00,11247.22
ORD-2026-01484,Divya Pillai,2026-08-14 13:20:00,12930.75
ORD-2026-01485,Rohan Kumar,2026-08-07 13:17:00,12390.92
ORD-2026-01486,Meera Iyer,2026-08-22 19:15:00,6206.82
ORD-2026-01487,Priya Patel,2026-08-07 00:15:00,11996.26
ORD-2026-01488,Divya Gupta,2026-08-16 17:27:00,6445.88
ORD-2026-01489,Ananya Rao,2026-08-06 08:08:00,631.3
ORD-2026-01490,Arjun Kumar,2026-08-18 05:41:00,12817.31
ORD-2026-01491,Kavya Menon,2026-08-01 01:55:00,13468.28
ORD-2026-01492,Siddharth Singh,2026-08-10 02:57:00,14335.31
ORD-2026-01493,Pooja Kumar,2026-08-22 02:25:00,14158.8
ORD-2026-01494,Karthik Rao,2026-08-04 18:47:00,7603.68
ORD-2026-01495,Priya Joshi,2026-08-22 18:49:00,13987.02
ORD-2026-01496,Arjun Gupta,2026-08-29 02:15:00,9077.36
ORD-2026-01497,Siddharth Nair,2026-08-27 18:47:00,5971.27
ORD-2026-01498,Sneha Reddy,2026-08-07 04:06:00,2792.28
ORD-2026-01499,Arjun Gupta,2026-08-14 08:55:00,8924.32
ORD-2026-01500,Kavya Joshi,2026-08-12 22:07:00,4884.05
ORD-2026-01501,Neha Gupta,2026-08-22 07:17:00,13215.62
ORD-2026-01502,Karthik Nair,2026-08-16 22:23:00,12356.21
ORD-2026-01503,Aarav Kumar,2026-08-31 19:02:00,12653.8
ORD-2026-01504,Ananya Das,2026-08-30 21:15:00,3944.15
ORD-2026-01505,Rahul Iyer,2026-08-21 22:23:00,13566.73
ORD-2026-01506,Priya Joshi,2026-08-28 07:54:00,6747.56
ORD-2026-01507,Aarav Reddy,2026-08-30 08:19:00,1535.7
ORD-2026-01508,Sneha Iyer,2026-08-07 05:58:00,6694.92
ORD-2026-01509,Siddharth Menon,2026-08-25 20:26:00,11881.9
ORD-2026-01510,Arjun Pillai,2026-08-03 15:30:00,11106.74
ORD-2026-01511,Siddharth Das,2026-08-14 03:52:00,2573.08
ORD-2026-01512,Arjun Joshi,2026-08-03 11:26:00,9111.32
ORD-2026-01513,Siddharth Gupta,2026-08-23 00:48:00,971.06
ORD-2026-01514,Meera Kumar,2026-08-15 20:08:00,245.52
ORD-2026-01515,Vikram Kumar,2026-08-10 10:36:00,1417.03
ORD-2026-01516,Meera Rao,2026-08-17 22:49:00,12493.2
ORD-2026-01517,Karthik Pillai,2026-08-20 21:26:00,11931.11
ORD-2026-01518,Siddharth Gupta,2026-08-16 23:08:00,4058.06
ORD-2026-01519,Siddharth Menon,2026-08-10 06:05:00,6334.55
ORD-2026-01520,Meera Reddy,2026-08-29 12:53:00,13288.25
ORD-2026-01521,Sneha Sharma,2026-08-31 00:59:00,8466.24
ORD-2026-01522,Sneha Verma,2026-08-15 06:16:00,10578.67
ORD-2026-01523,Meera Sharma,2026-08-13 19:27:00,9085.81
ORD-2026-01524,Karthik Verma,2026-08-31 11:10:00,14219.2
ORD-2026-01525,Priya Sharma,2026-08-23 16:27:00,11645.72
ORD-2026-01526,Aditya Pillai,2026-08-22 15:07:00,3522.36
ORD-2026-01527,Vikram Rao,2026-08-31 08:18:00,11247.36
ORD-2026-01528,Rahul Patel,2026-08-14 06:38:00,3390.39
ORD-2026-01529,Divya Das,2026-08-22 06:26:00,2869.47
ORD-2026-01530,Karthik Sharma,2026-08-10 08:15:00,9341.67
ORD-2026-01531,Sneha Nair,2026-08-19 21:41:00,6980.83
ORD-2026-01532,Aarav Gupta,2026-08-05 10:44:00,6083.81
ORD-2026-01533,Vikram Das,2026-08-13 22:27:00,11094.34
ORD-2026-01534,Arjun Verma,2026-08-04 17:03:00,971.27
ORD-2026-01535,Sneha Gupta,2026-08-30 11:38:00,14101.96
ORD-2026-01536,Ananya Sharma,2026-08-09 16:39:00,5837.88
ORD-2026-01537,Rahul Kumar,2026-08-12 04:57:00,8481.49
ORD-2026-01538,Meera Iyer,2026-08-06 16:31:00,13968.84
ORD-2026-01539,Aditya Patel,2026-08-03 10:45:00,8050.27
ORD-2026-01540,Karthik Iyer,2026-08-04 10:02:00,14682.05
ORD-2026-01541,Kavya Pillai,2026-08-27 08:47:00,5536.76
ORD-2026-01542,Neha Iyer,2026-08-29 08:39:00,12477.92
ORD-2026-01543,Arjun Joshi,2026-08-11 13:57:00,2641.76
ORD-2026-01544,Kavya Menon,2026-08-31 04:35:00,12824.9
ORD-2026-01545,Aditya Sharma,2026-08-07 04:03:00,3601.94
ORD-2026-01546,Ananya Gupta,2026-08-09 05:45:00,7113.57
ORD-2026-01547,Priya Gupta,2026-08-02 14:22:00,14834.52
ORD-2026-01548,Kavya Gupta,2026-08-16 03:54:00,10852.51
ORD-2026-01549,Karthik Verma,2026-08-12 02:13:00,13048.96
ORD-2026-01550,Meera Pillai,2026-08-06 23:32:00,12374.06
ORD-2026-01551,Vikram Singh,2026-08-01 16:49:00,8647.66
ORD-2026-01552,Neha Verma,2026-08-08 15:43:00,1595.72
ORD-2026-01553,Siddharth Sharma,2026-08-10 21:43:00,2005.47
ORD-2026-01554,Pooja Singh,2026-08-30 03:53:00,4988.37
ORD-2026-01555,Aarav Verma,2026-08-15 22:42:00,7301.86
ORD-2026-01556,Arjun Singh,2026-08-22 00:21:00,14552.6
ORD-2026-01557,Aditya Nair,2026-08-31 23:46:00,13621.8
ORD-2026-01558,Karthik Rao,2026-08-28 01:51:00,9725.93
ORD-2026-01559,Siddharth Menon,2026-08-02 23:04:00,8297.91
ORD-2026-01560,Rahul Verma,2026-08-13 08:11:00,3753.19
ORD-2026-01561,Rahul Verma,2026-08-01 06:10:00,5949.84
ORD-2026-01562,Rahul Iyer,2026-08-21 20:09:00,1984.91
ORD-2026-01563,Kavya Menon,2026-08-14 23:51:00,13841.16
ORD-2026-01564,Karthik Nair,2026-08-22 03:53:00,5638.36
ORD-2026-01565,Vikram Gupta,2026-08-15 12:30:00,4173.5
ORD-2026-01566,Neha Verma,2026-08-25 13:51:00,5649.89
ORD-2026-01567,Meera Reddy,2026-08-21 13:05:00,798.48
ORD-2026-01568,Siddharth Gupta,2026-08-22 07:41:00,10356.3
ORD-2026-01569,Karthik Gupta,2026-08-17 20:41:00,7965.23
ORD-2026-01570,Divya Gupta,2026-08-14 02:58:00,12062.86
ORD-2026-01571,Divya Patel,2026-08-05 21:57:00,4646.05
ORD-2026-01572,Sneha Joshi,2026-08-14 09:36:00,906.38
ORD-2026-01573,Rohan Sharma,2026-08-17 03:32:00,6488.72
ORD-2026-01574,Priya Gupta,2026-08-22 23:36:00,12229.81
ORD-2026-01575,Pooja Iyer,2026-08-19 02:49:00,7650.98
ORD-2026-01576,Priya Das,2026-08-22 14:11:00,11835.42
ORD-2026-01577,Rahul Sharma,2026-08-03 13:56:00,10624.8
ORD-2026-01578,Siddharth Singh,2026-08-24 14:48:00,10119.85
ORD-2026-01579,Arjun Nair,2026-08-31 05:13:00,2939.29
ORD-2026-01580,Arjun Pillai,2026-08-22 03:27:00,8108.76
ORD-2026-01581,Aarav Reddy,2026-08-04 00:10:00,9905.85
ORD-2026-01582,Aditya Das,2026-08-13 21:47:00,9107.93
ORD-2026-01583,Kavya Iyer,2026-08-20 19:23:00,10421.8
ORD-2026-01584,Rahul Menon,2026-08-10 02:08:00,2199.69
ORD-2026-01585,Vikram Verma,2026-08-27 00:44:00,14563.7
ORD-2026-01586,Aarav Rao,2026-08-16 20:09:00,9816.15
ORD-2026-01587,Neha Pillai,2026-08-21 17:12:00,1474.18
ORD-2026-01588,Aditya Patel,2026-08-16 13:01:00,1923.59
ORD-2026-01589,Karthik Das,2026-08-23 14:31:00,7178.04
ORD-2026-01590,Aditya Singh,2026-08-08 06:18:00,8627.57
ORD-2026-01591,Rahul Sharma,2026-08-11 00:06:00,9530.07
ORD-2026-01592,Neha Reddy,2026-08-28 15:47:00,8764.19
ORD-2026-01593,Divya Sharma,2026-08-16 12:31:00,7797.66
ORD-2026-01594,Kavya Rao,2026-08-23 01:33:00,481.49
ORD-2026-01595,Siddharth Joshi,2026-08-03 08:57:00,9794.84
ORD-2026-01596,Kavya Verma,2026-08-16 19:41:00,5332.11
ORD-2026-01597,Neha Sharma,2026-08-06 09:46:00,3044.58
ORD-2026-01598,Pooja Gupta,2026-08-08 16:14:00,8897.35
ORD-2026-01599,Siddharth Singh,2026-08-28 22:42:00,7133.32
ORD-2026-01600,Divya Das,2026-08-23 12:26:00,12529.6
ORD-2026-01601,Pooja Menon,2026-08-16 05:39:00,3266.69
ORD-2026-01602,Rohan Kumar,2026-08-16 04:11:00,3152.37
ORD-2026-01603,Kavya Verma,2026-08-26 13:31:00,4694.05
ORD-2026-01604,Vikram Joshi,2026-08-02 00:22:00,13237.41
ORD-2026-01605,Pooja Kumar,2026-08-06 05:52:00,12920.03
ORD-2026-01606,Ananya Menon,2026-08-03 10:27:00,1886.75
ORD-2026-01607,Sneha Verma,2026-08-18 07:31:00,4015.77
ORD-2026-01608,Siddharth Menon,2026-08-12 01:49:00,13190.16
ORD-2026-01609,Arjun Patel,2026-08-28 22:55:00,7827.73
ORD-2026-01610,Priya Das,2026-08-02 14:51:00,6965.61
ORD-2026-01611,Priya Verma,2026-08-26 19:39:00,11775.91
ORD-2026-01612,Priya Pillai,2026-08-18 01:32:00,1760.08
ORD-2026-01613,Priya Pillai,2026-08-07 11:10:00,10979.57
ORD-2026-01614,Aditya Menon,2026-08-17 15:46:00,13083.29
ORD-2026-01615,Karthik Kumar,2026-08-12 10:52:00,2239.03
ORD-2026-01616,Vikram Gupta,2026-08-14 00:15:00,12555.24
ORD-2026-01617,Kavya Nair,2026-08-10 16:10:00,1461.46
ORD-2026-01618,Pooja Das,2026-08-25 13:23:00,9515.72
ORD-2026-01619,Sneha Patel,2026-08-25 16:26:00,11850.79
ORD-2026-01620,Karthik Menon,2026-08-14 13:58:00,6257.78
ORD-2026-01621,Aditya Pillai,2026-08-17 21:23:00,14167.36
ORD-2026-01622,Aditya Patel,2026-08-25 00:45:00,12132.45
ORD-2026-01623,Rohan Verma,2026-08-11 10:25:00,14732.78
ORD-2026-01624,Meera Reddy,2026-08-02 12:48:00,748.99
ORD-2026-01625,Karthik Singh,2026-08-02 20:45:00,12026.25
ORD-2026-01626,Divya Reddy,2026-08-13 21:44:00,8393.43
ORD-2026-01627,Divya Das,2026-08-24 10:58:00,5293.53
ORD-2026-01628,Arjun Joshi,2026-08-20 04:44:00,6178.28
ORD-2026-01629,Vikram Joshi,2026-08-20 19:41:00,6743.73
ORD-2026-01630,Pooja Menon,2026-08-26 20:25:00,11675.92
ORD-2026-01631,Divya Verma,2026-08-02 17:21:00,5971.9
ORD-2026-01632,Karthik Joshi,2026-08-18 09:13:00,1573.73
ORD-2026-01633,Divya Joshi,2026-08-11 20:10:00,546.64
ORD-2026-01634,Arjun Rao,2026-08-27 09:46:00,6456.64
ORD-2026-01635,Priya Das,2026-08-02 11:16:00,9479.45
ORD-2026-01636,Pooja Verma,2026-08-02 20:07:00,6841.31
ORD-2026-01637,Aarav Gupta,2026-08-11 07:51:00,11237.22
ORD-2026-01638,Sneha Nair,2026-08-10 09:42:00,11814.88
ORD-2026-01639,Karthik Das,2026-08-13 16:47:00,3864.97
ORD-2026-01640,Siddharth Joshi,2026-08-19 06:52:00,11722.53
ORD-2026-01641,Aditya Verma,2026-08-05 22:27:00,12460.88
ORD-2026-01642,Rohan Verma,2026-08-02 13:56:00,2124.94
ORD-2026-01643,Vikram Gupta,2026-08-03 11:43:00,7988.58
ORD-2026-01644,Rahul Pillai,2026-08-09 18:31:00,9619.63
ORD-2026-01645,Aditya Das,2026-08-30 15:46:00,14604.43
ORD-2026-01646,Meera Patel,2026-08-17 04:31:00,10725.03
ORD-2026-01647,Karthik Das,2026-08-17 16:07:00,10478.17
ORD-2026-01648,Aditya Gupta,2026-08-02 23:10:00,14172.23
ORD-2026-01649,Pooja Verma,2026-08-20 13:07:00,1988.82
ORD-2026-01650,Divya Sharma,2026-08-17 04:07:00,5697.72
ORD-2026-01651,Pooja Iyer,2026-08-10 15:01:00,11909.81
ORD-2026-01652,Karthik Menon,2026-08-19 13:03:00,14064.95
ORD-2026-01653,Divya Iyer,2026-08-07 05:52:00,11146.97
ORD-2026-01654,Aarav Verma,2026-08-18 11:04:00,13082.31
ORD-2026-01655,Neha Gupta,2026-08-19 09:36:00,6895.14
ORD-2026-01656,Siddharth Menon,2026-08-13 15:53:00,10856.5
ORD-2026-01657,Karthik Menon,2026-08-05 16:40:00,7021.86
ORD-2026-01658,Aditya Kumar,2026-08-15 04:55:00,10972.39
ORD-2026-01659,Rohan Menon,2026-08-20 21:39:00,6262.5
ORD-2026-01660,Sneha Reddy,2026-08-11 17:02:00,14379.58
ORD-2026-01661,Aditya Das,2026-08-09 20:05:00,13016.11
ORD-2026-01662,Aarav Singh,2026-08-21 22:19:00,8503.46
ORD-2026-01663,Priya Kumar,2026-08-18 02:12:00,14336.49
ORD-2026-01664,Ananya Singh,2026-08-17 06:48:00,7242.37
ORD-2026-01665,Aarav Verma,2026-08-22 17:11:00,14443.18
ORD-2026-01666,Arjun Menon,2026-08-07 07:53:00,10643.14
ORD-2026-01667,Aditya Verma,2026-08-26 17:38:00,4942.38
ORD-2026-01668,Ananya Gupta,2026-08-28 00:21:00,6667.86
ORD-2026-01669,Neha Sharma,2026-08-28 16:20:00,5853.76
ORD-2026-01670,Rohan Verma,2026-08-04 17:10:00,4423.21
ORD-2026-01671,Meera Iyer,2026-08-25 02:09:00,4740.55
ORD-2026-01672,Neha Kumar,2026-08-06 01:39:00,14424.63
ORD-2026-01673,Meera Sharma,2026-08-23 01:19:00,5971.11
ORD-2026-01674,Siddharth Patel,2026-08-14 10:16:00,5757.59
ORD-2026-01675,Priya Sharma,2026-08-07 07:48:00,9035.67
ORD-2026-01676,Sneha Gupta,2026-08-17 16:24:00,14250.48
ORD-2026-01677,Arjun Sharma,2026-08-11 14:35:00,6224.73
ORD-2026-01678,Kavya Sharma,2026-08-14 20:14:00,13723.28
ORD-2026-01679,Aarav Iyer,2026-08-18 18:43:00,1702.34
ORD-2026-01680,Karthik Iyer,2026-08-19 13:28:00,1441.84
ORD-2026-01681,Vikram Menon,2026-08-31 04:23:00,8198.51
ORD-2026-01682,Meera Menon,2026-08-08 17:27:00,14428.01
ORD-2026-01683,Aditya Sharma,2026-08-01 14:53:00,9386.8
ORD-2026-01684,Meera Sharma,2026-08-02 15:17:00,9048.44
ORD-2026-01685,Rahul Nair,2026-08-27 20:13:00,8860.36
ORD-2026-01686,Divya Sharma,2026-08-06 23:34:00,8533.61
ORD-2026-01687,Divya Verma,2026-08-13 22:07:00,12491.37
ORD-2026-01688,Arjun Reddy,2026-08-07 19:32:00,14369.77
ORD-2026-01689,Siddharth Kumar,2026-08-31 10:40:00,4068.14
ORD-2026-01690,Aditya Iyer,2026-08-08 21:20:00,5256.12
ORD-2026-01691,Aditya Singh,2026-08-11 00:58:00,10439.31
ORD-2026-01692,Aarav Singh,2026-08-16 00:57:00,341.76
ORD-2026-01693,Meera Reddy,2026-08-18 22:45:00,7436.86
ORD-2026-01694,Rahul Joshi,2026-08-03 20:41:00,1347.34
ORD-2026-01695,Aarav Pillai,2026-08-27 21:28:00,10149.24
ORD-2026-01696,Pooja Pillai,2026-08-13 19:22:00,5923.92
ORD-2026-01697,Aarav Verma,2026-08-15 11:59:00,3056.26
ORD-2026-01698,Aarav Rao,2026-08-24 00:48:00,4360.79
ORD-2026-01699,Pooja Rao,2026-08-03 19:40:00,4687.04
ORD-2026-01700,Sneha Rao,2026-08-16 11:02:00,4355.19
ORD-2026-01701,Vikram Sharma,2026-08-07 20:25:00,1842.01
ORD-2026-01702,Arjun Singh,2026-08-17 15:10:00,8366.42
ORD-2026-01703,Meera Verma,2026-08-19 04:47:00,1162.73
ORD-2026-01704,Arjun Singh,2026-08-28 07:56:00,7941.58
ORD-2026-01705,Arjun Rao,2026-08-28 21:01:00,14880.88
ORD-2026-01706,Arjun Kumar,2026-08-18 14:00:00,14080.78
ORD-2026-01707,Ananya Pillai,2026-08-31 10:27:00,12696.25
ORD-2026-01708,Neha Iyer,2026-08-04 21:33:00,7105.48
ORD-2026-01709,Pooja Joshi,2026-08-25 01:56:00,10874.06
ORD-2026-01710,Ananya Iyer,2026-08-30 13:34:00,6843.15
ORD-2026-01711,Aarav Reddy,2026-08-07 10:05:00,13225.46
ORD-2026-01712,Aarav Das,2026-08-08 22:27:00,14375.08
ORD-2026-01713,Sneha Rao,2026-08-06 10:19:00,1130.09
ORD-2026-01714,Priya Sharma,2026-08-16 13:51:00,555.55
ORD-2026-01715,Siddharth Pillai,2026-08-09 07:06:00,7208.93
ORD-2026-01716,Siddharth Pillai,2026-08-02 10:33:00,11952.84
ORD-2026-01717,Rohan Menon,2026-08-20 19:28:00,11508.66
ORD-2026-01718,Aditya Singh,2026-08-04 02:03:00,13767.37
ORD-2026-01719,Rahul Nair,2026-08-29 22:04:00,11783.16
ORD-2026-01720,Ananya Menon,2026-08-15 01:19:00,9238.93
ORD-2026-01721,Neha Verma,2026-08-04 21:03:00,8477.02
ORD-2026-01722,Divya Pillai,2026-08-13 12:06:00,9336.07
ORD-2026-01723,Neha Rao,2026-08-28 19:50:00,9963.92
ORD-2026-01724,Aarav Gupta,2026-08-13 14:50:00,6535.96
ORD-2026-01725,Priya Nair,2026-08-21 21:50:00,584.39
ORD-2026-01726,Siddharth Singh,2026-08-07 03:06:00,381.87
ORD-2026-01727,Rohan Singh,2026-08-26 06:57:00,8683.54
ORD-2026-01728,Arjun Nair,2026-08-14 15:46:00,9388.59
ORD-2026-01729,Meera Rao,2026-08-05 01:03:00,2089.68
ORD-2026-01730,Neha Joshi,2026-08-31 20:48:00,5494.61
ORD-2026-01731,Karthik Patel,2026-08-16 09:38:00,5274.92
ORD-2026-01732,Pooja Sharma,2026-08-17 18:42:00,10238.85
ORD-2026-01733,Ananya Rao,2026-08-17 17:54:00,1008.19
ORD-2026-01734,Pooja Rao,2026-08-07 20:58:00,3178.67
ORD-2026-01735,Rohan Nair,2026-08-07 21:30:00,10482.77
ORD-2026-01736,Aditya Singh,2026-08-23 10:54:00,8760.48
ORD-2026-01737,Siddharth Singh,2026-08-10 13:21:00,2601.74
ORD-2026-01738,Aditya Menon,2026-08-30 01:31:00,3447.21
ORD-2026-01739,Aarav Kumar,2026-08-08 22:14:00,7104.74
ORD-2026-01740,Vikram Rao,2026-08-16 23:49:00,14298.31
ORD-2026-01741,Siddharth Menon,2026-08-24 12:13:00,6124.63
ORD-2026-01742,Aarav Nair,2026-08-01 02:22:00,644.26
ORD-2026-01743,Priya Patel,2026-08-10 14:12:00,9543.75
ORD-2026-01744,Pooja Sharma,2026-08-01 06:12:00,4404.69
ORD-2026-01745,Sneha Iyer,2026-08-24 05:21:00,12743.51
ORD-2026-01746,Sneha Patel,2026-08-07 00:11:00,12674.65
ORD-2026-01747,Priya Sharma,2026-08-27 21:08:00,5808.06
ORD-2026-01748,Priya Nair,2026-08-30 06:19:00,6951.81
ORD-2026-01749,Pooja Menon,2026-08-12 21:10:00,14129.19
ORD-2026-01750,Neha Das,2026-08-03 03:09:00,13264.3
ORD-2026-01751,Karthik Menon,2026-08-07 06:34:00,5797.29
ORD-2026-01752,Pooja Nair,2026-08-20 13:40:00,3819.33
ORD-2026-01753,Ananya Menon,2026-08-20 18:12:00,12845.64
ORD-2026-01754,Divya Menon,2026-08-05 10:15:00,988.23
ORD-2026-01755,Arjun Pillai,2026-08-05 16:37:00,13310.35
ORD-2026-01756,Vikram Das,2026-08-03 15:50:00,10019.83
ORD-2026-01757,Rohan Patel,2026-08-17 12:48:00,13259.85
ORD-2026-01758,Pooja Gupta,2026-08-17 14:11:00,4962.98
ORD-2026-01759,Pooja Joshi,2026-08-23 15:45:00,14345.13
ORD-2026-01760,Kavya Iyer,2026-08-19 12:40:00,13833.54
ORD-2026-01761,Ananya Rao,2026-08-08 06:28:00,12974.89
ORD-2026-01762,Rahul Rao,2026-08-10 13:56:00,5780.83
ORD-2026-01763,Meera Pillai,2026-08-12 08:35:00,1454.43
ORD-2026-01764,Rohan Iyer,2026-08-15 16:22:00,3606.63
ORD-2026-01765,Ananya Gupta,2026-08-17 19:21:00,6506.31
ORD-2026-01766,Aditya Reddy,2026-08-14 11:51:00,7563.64
ORD-2026-01767,Arjun Reddy,2026-08-01 05:28:00,3660.1
ORD-2026-01768,Rohan Nair,2026-08-29 02:18:00,12670.53
ORD-2026-01769,Rohan Menon,2026-08-09 07:06:00,1955.1
ORD-2026-01770,Pooja Sharma,2026-08-18 06:21:00,3110.37
ORD-2026-01771,Siddharth Iyer,2026-08-10 23:52:00,11573.55
ORD-2026-01772,Arjun Rao,2026-08-23 19:08:00,14976.4
ORD-2026-01773,Arjun Sharma,2026-08-25 09:18:00,12370.17
ORD-2026-01774,Rahul Reddy,2026-08-27 18:48:00,9898.57
ORD-2026-01775,Kavya Kumar,2026-08-17 04:55:00,6083.08
ORD-2026-01776,Sneha Das,2026-08-24 06:30:00,3659.1
ORD-2026-01777,Aditya Das,2026-08-27 14:21:00,11920.34
ORD-2026-01778,Siddharth Pillai,2026-08-07 13:49:00,14140.56
ORD-2026-01779,Neha Rao,2026-08-15 14:54:00,8465.01
ORD-2026-01780,Pooja Patel,2026-08-19 04:19:00,14161.64
ORD-2026-01781,Aarav Gupta,2026-08-26 21:53:00,5449.0
ORD-2026-01782,Sneha Reddy,2026-08-14 21:48:00,6169.86
ORD-2026-01783,Divya Nair,2026-08-19 00:36:00,11823.3
ORD-2026-01784,Karthik Patel,2026-08-31 10:36:00,9521.62
ORD-2026-01785,Rahul Reddy,2026-08-07 12:04:00,8110.46
ORD-2026-01786,Vikram Gupta,2026-08-04 10:36:00,14436.68
ORD-2026-01787,Divya Verma,2026-08-06 03:43:00,8383.02
ORD-2026-01788,Ananya Pillai,2026-08-23 19:31:00,597.21
ORD-2026-01789,Vikram Verma,2026-08-30 12:18:00,3247.21
ORD-2026-01790,Divya Kumar,2026-08-17 02:29:00,1050.31
ORD-2026-01791,Aarav Patel,2026-08-11 13:25:00,2524.12
ORD-2026-01792,Priya Patel,2026-08-18 13:30:00,11198.51
ORD-2026-01793,Rahul Pillai,2026-08-07 04:55:00,3244.02
ORD-2026-01794,Neha Pillai,2026-08-23 21:30:00,2549.96
ORD-2026-01795,Divya Singh,2026-08-07 16:45:00,10335.57
ORD-2026-01796,Arjun Rao,2026-08-01 04:28:00,1146.76
ORD-2026-01797,Rahul Singh,2026-08-26 07:33:00,5067.59
ORD-2026-01798,Kavya Gupta,2026-08-15 18:02:00,11111.9
ORD-2026-01799,Divya Kumar,2026-08-29 14:22:00,10564.68
ORD-2026-01800,Divya Reddy,2026-08-20 05:26:00,3887.2
ORD-2026-01801,Neha Gupta,2026-08-13 21:11:00,10538.13
ORD-2026-01802,Priya Reddy,2026-08-23 01:15:00,13306.02
ORD-2026-01803,Meera Iyer,2026-08-29 20:34:00,4519.97
ORD-2026-01804,Rohan Das,2026-08-24 23:57:00,3415.37
ORD-2026-01805,Kavya Reddy,2026-08-25 17:07:00,14930.68
ORD-2026-01806,Rohan Menon,2026-08-04 16:49:00,11736.76
ORD-2026-01807,Neha Gupta,2026-08-06 08:13:00,7689.76
ORD-2026-01808,Aditya Sharma,2026-08-03 20:44:00,10199.21
ORD-2026-01809,Aditya Reddy,2026-08-11 23:25:00,12865.44
ORD-2026-01810,Rahul Sharma,2026-08-01 08:07:00,10694.67
ORD-2026-01811,Karthik Nair,2026-08-22 23:29:00,7374.44
ORD-2026-01812,Rohan Verma,2026-08-18 21:15:00,10761.01
ORD-2026-01813,Aditya Patel,2026-08-16 08:53:00,2588.22
ORD-2026-01814,Aarav Singh,2026-08-04 05:18:00,2037.44
ORD-2026-01815,Rahul Patel,2026-08-03 21:48:00,365.92
ORD-2026-01816,Arjun Patel,2026-08-15 11:11:00,3406.75
ORD-2026-01817,Ananya Kumar,2026-08-18 06:28:00,10511.79
ORD-2026-01818,Priya Reddy,2026-08-23 09:28:00,975.75
ORD-2026-01819,Aarav Sharma,2026-08-25 12:49:00,3185.72
ORD-2026-01820,Sneha Nair,2026-08-30 07:12:00,1552.52
ORD-2026-01821,Neha Sharma,2026-08-01 10:52:00,3043.85
ORD-2026-01822,Rohan Rao,2026-08-31 03:51:00,12563.7
ORD-2026-01823,Meera Das,2026-08-06 01:26:00,7785.0
ORD-2026-01824,Siddharth Nair,2026-08-18 20:12:00,9445.17
ORD-2026-01825,Rahul Reddy,2026-08-04 07:13:00,1767.1
ORD-2026-01826,Siddharth Patel,2026-08-01 12:41:00,4880.36
ORD-2026-01827,Rahul Rao,2026-08-15 07:04:00,9937.83
ORD-2026-01828,Arjun Kumar,2026-08-20 11:02:00,1196.5
ORD-2026-01829,Vikram Reddy,2026-08-10 19:31:00,14749.92
ORD-2026-01830,Priya Das,2026-08-18 18:10:00,3928.71
ORD-2026-01831,Priya Singh,2026-08-11 20:44:00,5950.77
ORD-2026-01832,Karthik Nair,2026-08-06 20:48:00,13282.71
ORD-2026-01833,Siddharth Pillai,2026-08-22 15:04:00,5159.56
ORD-2026-01834,Aditya Reddy,2026-08-17 20:47:00,3639.9
ORD-2026-01835,Aarav Rao,2026-08-01 19:48:00,13472.34
ORD-2026-01836,Divya Rao,2026-08-24 13:48:00,3804.48
ORD-2026-01837,Rohan Sharma,2026-08-05 11:31:00,4589.9
ORD-2026-01838,Karthik Reddy,2026-08-07 20:02:00,3723.35
ORD-2026-01839,Aditya Das,2026-08-29 10:08:00,4316.27
ORD-2026-01840,Ananya Joshi,2026-08-26 13:41:00,12228.12
ORD-2026-01841,Aarav Rao,2026-08-28 23:21:00,5272.38
ORD-2026-01842,Vikram Joshi,2026-08-02 21:15:00,12061.49
ORD-2026-01843,Sneha Singh,2026-08-28 12:33:00,4960.23
ORD-2026-01844,Aditya Kumar,2026-08-01 02:55:00,7476.31
ORD-2026-01845,Vikram Sharma,2026-08-21 04:13:00,2058.3
ORD-2026-01846,Meera Singh,2026-08-18 06:15:00,7709.88
ORD-2026-01847,Neha Das,2026-08-15 09:10:00,10880.77
ORD-2026-01848,Sneha Reddy,2026-08-06 19:15:00,4685.89
ORD-2026-01849,Aditya Kumar,2026-08-07 08:55:00,11763.08
ORD-2026-01850,Rohan Nair,2026-08-13 12:10:00,7166.56
ORD-2026-01851,Neha Joshi,2026-08-20 23:27:00,11452.8
ORD-2026-01852,Kavya Sharma,2026-08-25 12:27:00,12839.82
ORD-2026-01853,Divya Singh,2026-08-18 04:35:00,10954.39
ORD-2026-01854,Arjun Reddy,2026-08-15 09:29:00,4391.74
ORD-2026-01855,Kavya Verma,2026-08-11 04:45:00,7145.03
ORD-2026-01856,Karthik Rao,2026-08-01 00:55:00,7610.36
ORD-2026-01857,Pooja Gupta,2026-08-13 13:25:00,14563.29
ORD-2026-01858,Pooja Reddy,2026-08-16 09:41:00,14815.33
ORD-2026-01859,Rohan Reddy,2026-08-29 01:58:00,2042.27
ORD-2026-01860,Meera Rao,2026-08-25 13:16:00,11614.8
ORD-2026-01861,Pooja Joshi,2026-08-23 15:40:00,10389.64
ORD-2026-01862,Ananya Kumar,2026-08-13 13:47:00,3852.52
ORD-2026-01863,Kavya Sharma,2026-08-30 11:40:00,10657.07
ORD-2026-01864,Aarav Das,2026-08-22 20:09:00,4067.69
ORD-2026-01865,Aditya Kumar,2026-08-05 08:15:00,9111.81
ORD-2026-01866,Meera Sharma,2026-08-04 02:41:00,10731.82
ORD-2026-01867,Rahul Reddy,2026-08-23 18:57:00,1389.16
ORD-2026-01868,Vikram Reddy,2026-08-06 13:16:00,10439.18
ORD-2026-01869,Rahul Singh,2026-08-10 23:26:00,11336.44
ORD-2026-01870,Rohan Verma,2026-08-21 18:49:00,12003.5
ORD-2026-01871,Karthik Iyer,2026-08-24 06:59:00,11274.7
ORD-2026-01872,Divya Sharma,2026-08-06 15:00:00,1633.69
ORD-2026-01873,Neha Joshi,2026-08-14 20:18:00,11049.03
ORD-2026-01874,Meera Patel,2026-08-12 05:45:00,2188.11
ORD-2026-01875,Kavya Patel,2026-08-17 03:28:00,8592.96
ORD-2026-01876,Vikram Patel,2026-08-07 01:47:00,2904.4
ORD-2026-01877,Vikram Iyer,2026-08-29 13:28:00,9477.19
ORD-2026-01878,Priya Pillai,2026-08-21 05:05:00,4538.26
ORD-2026-01879,Rahul Verma,2026-08-09 02:21:00,639.07
ORD-2026-01880,Sneha Gupta,2026-08-16 21:48:00,1691.98
ORD-2026-01881,Ananya Iyer,2026-08-25 00:42:00,8820.19
ORD-2026-01882,Ananya Verma,2026-08-07 16:50:00,307.48
ORD-2026-01883,Arjun Gupta,2026-08-16 10:38:00,6555.91
ORD-2026-01884,Pooja Kumar,2026-08-29 10:20:00,12289.34
ORD-2026-01885,Pooja Kumar,2026-08-13 12:39:00,1047.17
ORD-2026-01886,Pooja Pillai,2026-08-11 03:00:00,6962.41
ORD-2026-01887,Rahul Das,2026-08-27 04:01:00,9108.26
ORD-2026-01888,Arjun Das,2026-08-25 07:23:00,6888.39
ORD-2026-01889,Kavya Joshi,2026-08-14 21:12:00,246.31
ORD-2026-01890,Siddharth Sharma,2026-08-21 11:55:00,877.16
ORD-2026-01891,Siddharth Kumar,2026-08-15 07:38:00,7371.13
ORD-2026-01892,Rohan Nair,2026-08-14 15:42:00,12885.08
ORD-2026-01893,Priya Das,2026-08-13 09:38:00,3087.14
ORD-2026-01894,Karthik Pillai,2026-08-17 18:50:00,12880.68
ORD-2026-01895,Ananya Patel,2026-08-16 02:19:00,12518.84
ORD-2026-01896,Aditya Patel,2026-08-29 14:07:00,7336.09
ORD-2026-01897,Sneha Rao,2026-08-07 05:48:00,14174.31
ORD-2026-01898,Rohan Verma,2026-08-14 22:01:00,2571.48
ORD-2026-01899,Siddharth Reddy,2026-08-25 08:14:00,10843.79
ORD-2026-01900,Kavya Kumar,2026-08-04 21:08:00,13856.5
ORD-2026-01901,Kavya Verma,2026-08-26 22:21:00,13104.72
ORD-2026-01902,Rohan Kumar,2026-08-11 12:58:00,10818.15
ORD-2026-01903,Rahul Kumar,2026-08-21 17:54:00,6667.04
ORD-2026-01904,Sneha Rao,2026-08-09 03:18:00,1497.67
ORD-2026-01905,Rohan Nair,2026-08-24 18:59:00,2984.71
ORD-2026-01906,Priya Singh,2026-08-12 04:54:00,4837.91
ORD-2026-01907,Rahul Singh,2026-08-24 00:19:00,1115.9
ORD-2026-01908,Vikram Pillai,2026-08-13 13:20:00,11614.96
ORD-2026-01909,Karthik Joshi,2026-08-22 19:37:00,3487.7
ORD-2026-01910,Rahul Sharma,2026-08-18 14:20:00,2341.57
ORD-2026-01911,Divya Pillai,2026-08-08 15:43:00,6945.61
ORD-2026-01912,Divya Patel,2026-08-24 21:54:00,12059.12
ORD-2026-01913,Ananya Singh,2026-08-11 09:32:00,14856.96
ORD-2026-01914,Priya Iyer,2026-08-28 22:36:00,7278.58
ORD-2026-01915,Vikram Gupta,2026-08-10 22:24:00,1070.43
ORD-2026-01916,Siddharth Patel,2026-08-27 22:13:00,12751.44
ORD-2026-01917,Sneha Das,2026-08-24 01:59:00,13008.39
ORD-2026-01918,Meera Pillai,2026-08-16 23:25:00,4626.71
ORD-2026-01919,Meera Sharma,2026-08-18 12:21:00,6452.07
ORD-2026-01920,Kavya Nair,2026-08-25 12:25:00,1262.98
ORD-2026-01921,Divya Iyer,2026-08-23 06:44:00,12872.53
ORD-2026-01922,Rahul Verma,2026-08-05 10:48:00,11910.91
ORD-2026-01923,Ananya Pillai,2026-08-30 22:19:00,6971.48
ORD-2026-01924,Meera Singh,2026-08-05 14:44:00,7340.14
ORD-2026-01925,Karthik Rao,2026-08-07 23:12:00,11082.72
ORD-2026-01926,Aarav Nair,2026-08-24 18:06:00,10239.1
ORD-2026-01927,Karthik Reddy,2026-08-31 13:43:00,12656.57
ORD-2026-01928,Ananya Verma,2026-08-12 15:11:00,14186.94
ORD-2026-01929,Priya Joshi,2026-08-21 10:37:00,6620.56
ORD-2026-01930,Karthik Kumar,2026-08-24 12:15:00,703.09
ORD-2026-01931,Sneha Reddy,2026-08-16 09:44:00,9023.1
ORD-2026-01932,Meera Kumar,2026-08-24 12:49:00,10438.56
ORD-2026-01933,Rohan Menon,2026-08-15 20:24:00,4273.2
ORD-2026-01934,Aditya Nair,2026-08-01 03:07:00,1423.03
ORD-2026-01935,Kavya Kumar,2026-08-22 16:14:00,540.8
ORD-2026-01936,Kavya Iyer,2026-08-23 23:06:00,11956.29
ORD-2026-01937,Meera Reddy,2026-08-16 20:44:00,6618.12
ORD-2026-01938,Karthik Verma,2026-08-11 02:45:00,13651.43
ORD-2026-01939,Meera Reddy,2026-08-27 22:01:00,6028.19
ORD-2026-01940,Kavya Verma,2026-08-17 18:34:00,10763.49
ORD-2026-01941,Priya Menon,2026-08-25 06:42:00,13484.51
ORD-2026-01942,Meera Pillai,2026-08-20 22:11:00,278.8
ORD-2026-01943,Aditya Menon,2026-08-11 03:02:00,2106.48
ORD-2026-01944,Vikram Kumar,2026-08-06 02:35:00,4000.06
ORD-2026-01945,Ananya Verma,2026-08-04 16:19:00,5580.68
ORD-2026-01946,Meera Reddy,2026-08-31 21:00:00,3875.39
ORD-2026-01947,Ananya Joshi,2026-08-29 09:42:00,8104.72
ORD-2026-01948,Karthik Singh,2026-08-16 22:20:00,7935.46
ORD-2026-01949,Pooja Singh,2026-08-18 16:13:00,10381.37
ORD-2026-01950,Ananya Rao,2026-08-02 06:09:00,4635.7
ORD-2026-01951,Vikram Patel,2026-08-20 17:13:00,8958.39
ORD-2026-01952,Arjun Patel,2026-08-24 19:27:00,1300.52
ORD-2026-01953,Arjun Iyer,2026-08-13 20:57:00,2617.13
ORD-2026-01954,Aditya Verma,2026-08-31 08:43:00,6495.08
ORD-2026-01955,Karthik Joshi,2026-08-07 02:40:00,11043.59
ORD-2026-01956,Vikram Das,2026-08-12 18:42:00,9787.01
ORD-2026-01957,Meera Reddy,2026-08-27 04:20:00,14888.25
ORD-2026-01958,Neha Reddy,2026-08-01 19:15:00,1347.36
ORD-2026-01959,Priya Joshi,2026-08-04 21:35:00,6220.36
ORD-2026-01960,Siddharth Kumar,2026-08-03 11:58:00,5136.06
ORD-2026-01961,Arjun Patel,2026-08-28 07:17:00,345.98
ORD-2026-01962,Rahul Rao,2026-08-13 03:50:00,13899.41
ORD-2026-01963,Meera Joshi,2026-08-24 09:37:00,12355.88
ORD-2026-01964,Kavya Verma,2026-08-17 11:44:00,8667.94
ORD-2026-01965,Divya Joshi,2026-08-09 19:06:00,13469.24
ORD-2026-01966,Meera Nair,2026-08-31 12:11:00,5308.56
ORD-2026-01967,Rahul Gupta,2026-08-19 04:16:00,340.56
ORD-2026-01968,Karthik Kumar,2026-08-05 04:24:00,8599.9
ORD-2026-01969,Arjun Sharma,2026-08-30 23:40:00,14622.6
ORD-2026-01970,Sneha Kumar,2026-08-20 13:45:00,6975.24
ORD-2026-01971,Aditya Nair,2026-08-26 14:32:00,4444.93
ORD-2026-01972,Neha Joshi,2026-08-31 22:56:00,13872.42
ORD-2026-01973,Sneha Iyer,2026-08-21 02:19:00,6216.42
ORD-2026-01974,Siddharth Pillai,2026-08-03 20:05:00,1335.06
ORD-2026-01975,Sneha Verma,2026-08-06 18:03:00,1451.86
ORD-2026-01976,Divya Joshi,2026-08-30 15:51:00,13140.42
ORD-2026-01977,Neha Kumar,2026-08-17 23:08:00,7298.91
ORD-2026-01978,Priya Reddy,2026-08-01 19:12:00,13681.12
ORD-2026-01979,Aarav Das,2026-08-14 22:34:00,11295.09
ORD-2026-01980,Sneha Das,2026-08-22 16:43:00,9216.07
ORD-2026-01981,Aditya Patel,2026-08-22 16:57:00,3531.01
ORD-2026-01982,Rohan Nair,2026-08-27 04:32:00,5428.71
ORD-2026-01983,Ananya Reddy,2026-08-16 12:10:00,5724.6
ORD-2026-01984,Priya Nair,2026-08-30 21:15:00,12509.55
ORD-2026-01985,Priya Iyer,2026-08-10 15:18:00,4118.31
ORD-2026-01986,Aarav Das,2026-08-21 18:25:00,3418.46
ORD-2026-01987,Divya Kumar,2026-08-17 01:59:00,7053.24
ORD-2026-01988,Kavya Sharma,2026-08-12 00:39:00,7013.24
ORD-2026-01989,Divya Nair,2026-08-04 00:22:00,13374.9
ORD-2026-01990,Meera Reddy,2026-08-12 00:06:00,6575.9
ORD-2026-01991,Vikram Verma,2026-08-17 16:57:00,2474.92
ORD-2026-01992,Priya Gupta,2026-08-01 04:49:00,9918.18
ORD-2026-01993,Sneha Gupta,2026-08-13 11:19:00,5594.54
ORD-2026-01994,Meera Joshi,2026-08-26 08:06:00,14842.66
ORD-2026-01995,Aditya Patel,2026-08-05 11:47:00,6622.61
ORD-2026-01996,Pooja Pillai,2026-08-23 06:07:00,3005.59
ORD-2026-01997,Ananya Patel,2026-08-13 13:47:00,5101.96
ORD-2026-01998,Ananya Patel,2026-08-22 06:30:00,14403.54
ORD-2026-01999,Arjun Verma,2026-08-14 15:35:00,7534.4
ORD-2026-02000,Karthik Nair,2026-08-25 12:32:00,10944.72
