payment_id,order_id,transaction_amount,razorpay_fee,net_payout,status,payout_date
pay_13676a9cf758,ORD-2026-00001,3503.52,70.07,3433.45,captured,2026-08-24 10:15:00
pay_016a4c1f7421,ORD-2026-00002,8939.29,178.79,8760.5,captured,2026-08-24 18:05:00
pay_b3da4c068295,ORD-2026-00003,7679.26,153.59,7525.67,captured,2026-08-03 12:14:00
pay_ae7248597534,ORD-2026-00004,10579.61,370.29,10209.32,captured,2026-08-08 06:41:00
pay_1a13d2e77386,ORD-2026-00005,12179.57,243.59,11935.98,captured,2026-08-15 22:17:00
pay_1deaac0b6cb3,ORD-2026-00006,6454.69,129.09,6325.6,captured,2026-08-26 10:44:00
pay_eb7a350b7d9f,ORD-2026-00007,1572.64,31.45,1541.19,captured,2026-08-07 14:06:00
pay_00dbbbfe5766,ORD-2026-00008,4114.91,82.3,4032.61,captured,2026-08-28 13:38:00
pay_8f0630159e0a,ORD-2026-00009,14602.11,292.04,14310.07,captured,2026-08-16 03:07:00
pay_db382d35caa3,ORD-2026-00010,9503.87,190.08,9313.79,captured,2026-08-18 16:53:00
pay_101b60a27f9b,ORD-2026-00011,878.2,17.56,860.64,captured,2026-08-08 05:04:00
pay_a7246d3ae3db,ORD-2026-00013,12544.83,250.9,12293.93,captured,2026-08-09 23:40:00
pay_3d68ec47d83f,ORD-2026-00014,4151.27,83.03,4068.24,captured,2026-08-12 12:42:00
pay_761061f85f75,ORD-2026-00015,10991.08,219.82,10771.26,captured,2026-08-21 06:34:00
pay_9c83e5ac9554,ORD-2026-00016,9672.0,193.44,9478.56,captured,2026-08-13 14:59:00
pay_5503d447ef13,ORD-2026-00017,12362.68,247.25,12115.43,captured,2026-08-11 04:14:00
pay_04759771d52f,ORD-2026-00018,13714.41,274.29,13440.12,captured,2026-08-09 06:13:00
pay_7e2abe5252ab,ORD-2026-00019,13293.31,265.87,13027.44,captured,2026-08-21 22:25:00
pay_453fb1936950,ORD-2026-00020,11225.84,224.52,11001.32,captured,2026-08-09 09:15:00
pay_0f400a02d023,ORD-2026-00021,8836.29,176.73,8659.56,captured,2026-08-19 16:57:00
pay_dbf13f907815,ORD-2026-00022,1545.46,30.91,1514.55,captured,2026-08-06 02:31:00
pay_cf73aa392695,ORD-2026-00023,2567.73,51.35,2516.38,captured,2026-08-04 08:40:00
pay_10adadc1bf83,ORD-2026-00024,9019.15,180.38,8838.77,captured,2026-08-03 23:24:00
pay_f4713ae1b31a,ORD-2026-00025,14147.98,282.96,13865.02,captured,2026-08-10 04:55:00
pay_e7ab46329756,ORD-2026-00026,4149.01,82.98,4066.03,captured,2026-08-29 19:48:00
pay_db96d3903b06,ORD-2026-00027,6915.11,138.3,6776.81,captured,2026-08-11 01:10:00
pay_02d4e6f9d738,ORD-2026-00028,13706.89,274.14,13432.75,captured,2026-08-25 08:32:00
pay_b2ea61e5a755,ORD-2026-00029,3143.88,62.88,3081.0,captured,2026-08-21 21:38:00
pay_e839c0c1252e,ORD-2026-00030,13852.02,277.04,13574.98,captured,2026-08-07 02:49:00
pay_441ed6b246ba,ORD-2026-00031,1855.64,37.11,1818.53,captured,2026-08-12 03:01:00
pay_24d05f1cca92,ORD-2026-00032,1057.29,21.15,1036.14,captured,2026-08-26 18:15:00
pay_0ca6ad62c9e1,ORD-2026-00033,1224.35,42.85,1181.5,captured,2026-08-25 01:52:00
pay_df666d0161e3,ORD-2026-00034,2643.88,52.88,2591.0,captured,2026-08-23 01:35:00
pay_827cffd1d802,ORD-2026-00035,11002.98,220.06,10782.92,captured,2026-08-31 00:48:00
pay_7064f8318608,ORD-2026-00036,9818.2,196.36,9621.84,captured,2026-08-10 14:42:00
pay_60b5165454d3,ORD-2026-00037,3525.52,70.51,3455.01,captured,2026-08-15 10:15:00
pay_67f2d412bba8,ORD-2026-00038,8908.91,178.18,8730.73,captured,2026-08-19 20:14:00
pay_bc953047c7c4,ORD-2026-00039,3588.34,125.59,3462.75,captured,2026-08-24 05:03:00
pay_319adbc78962,ORD-2026-00040,3722.47,74.45,3648.02,captured,2026-08-11 07:32:00
pay_158a75ef32a5,ORD-2026-00041,14045.61,280.91,13764.7,captured,2026-08-18 06:46:00
pay_ef5c5a7c8828,ORD-2026-00042,6224.49,124.49,6100.0,captured,2026-08-26 16:51:00
pay_8592169f5703,ORD-2026-00043,6468.96,129.38,6339.58,captured,2026-08-22 16:22:00
pay_d3b18e2853e3,ORD-2026-00044,9871.14,197.42,9673.72,captured,2026-08-24 05:43:00
pay_6f949f9b1fe2,ORD-2026-00045,12048.77,240.98,11807.79,captured,2026-08-14 10:21:00
pay_6aa25fc4fa7a,ORD-2026-00046,6839.48,136.79,6702.69,captured,2026-08-07 08:34:00
pay_1461e186e19f,ORD-2026-00047,13142.39,262.85,12879.54,captured,2026-08-09 17:15:00
pay_1a15e8596fff,ORD-2026-00048,948.71,18.97,929.74,captured,2026-08-26 18:06:00
pay_73384a6abcb2,ORD-2026-00049,6214.93,0.0,0.0,failed,2026-08-30 13:10:00
pay_66d8eab6601b,ORD-2026-00050,1067.8,21.36,1046.44,captured,2026-08-28 13:57:00
pay_016c05e6896e,ORD-2026-00051,11804.24,236.08,11568.16,captured,2026-08-13 18:59:00
pay_7f4e8d23384d,ORD-2026-00052,14932.26,298.65,14633.61,captured,2026-08-15 09:46:00
pay_14b3f4a28190,ORD-2026-00053,14536.9,290.74,14246.16,captured,2026-08-07 13:13:00
pay_75eb86565b65,ORD-2026-00054,8845.83,176.92,8668.91,captured,2026-08-11 11:03:00
pay_69ddec813207,ORD-2026-00055,12799.87,256.0,12543.87,captured,2026-09-01 00:05:00
pay_c4751c12e1d9,ORD-2026-00056,3681.02,73.62,3607.4,captured,2026-08-04 05:55:00
pay_f6e8c70eaf27,ORD-2026-00057,788.18,15.76,772.42,captured,2026-08-08 21:38:00
pay_15ba84484581,ORD-2026-00058,7937.18,158.74,7778.44,captured,2026-08-23 05:36:00
pay_67702cc7ae07,ORD-2026-00059,3732.55,74.65,3657.9,captured,2026-08-23 05:20:00
pay_4133eb83ef60,ORD-2026-00060,6966.92,139.34,6827.58,captured,2026-08-23 03:19:00
pay_cc7bf1436f69,ORD-2026-00061,14942.23,298.84,14643.39,captured,2026-08-15 21:36:00
pay_05e59b097bb3,ORD-2026-00062,2160.36,43.21,2117.15,captured,2026-08-07 17:16:00
pay_ed678466f5b1,ORD-2026-00063,4417.81,154.62,4263.19,captured,2026-08-29 08:23:00
pay_e0aae5382da2,ORD-2026-00064,9252.83,323.85,8928.98,captured,2026-08-19 02:19:00
pay_5f9564a887aa,ORD-2026-00065,13989.99,279.8,13710.19,captured,2026-08-28 03:19:00
pay_06cfab62eeb5,ORD-2026-00067,10820.66,216.41,10604.25,captured,2026-08-11 07:13:00
pay_f82aa6a47e30,ORD-2026-00068,7430.27,148.61,7281.66,captured,2026-08-21 11:32:00
pay_423c9139d9c3,ORD-2026-00069,4294.87,85.9,4208.97,captured,2026-08-21 16:53:00
pay_2e6565883f36,ORD-2026-00070,14701.01,294.02,14406.99,captured,2026-08-25 13:40:00
pay_867eb8baac84,ORD-2026-00071,6529.77,130.6,6399.17,captured,2026-08-15 18:45:00
pay_a8d36073c8f4,ORD-2026-00072,2406.0,48.12,2357.88,captured,2026-08-04 05:57:00
pay_85f29260dd18,ORD-2026-00073,2391.79,83.71,2308.08,captured,2026-08-13 01:35:00
pay_408258749ae0,ORD-2026-00074,14009.7,280.19,13729.51,captured,2026-08-10 22:57:00
pay_fe4089c48eae,ORD-2026-00075,10070.61,201.41,9869.2,captured,2026-08-07 23:15:00
pay_480e826f7da6,ORD-2026-00076,11292.27,225.85,11066.42,captured,2026-08-18 18:39:00
pay_ba9f504b3889,ORD-2026-00077,6301.96,126.04,6175.92,captured,2026-08-06 07:56:00
pay_46954a37c40c,ORD-2026-00078,13976.08,279.52,13696.56,captured,2026-08-30 19:50:00
pay_3cb7f317bea9,ORD-2026-00079,5861.62,117.23,5744.39,captured,2026-08-07 09:06:00
pay_1af47c7f11d0,ORD-2026-00080,12285.48,245.71,12039.77,captured,2026-08-16 09:12:00
pay_3751026b5757,ORD-2026-00081,550.23,11.0,539.23,captured,2026-08-10 12:14:00
pay_618480f31883,ORD-2026-00082,1227.43,24.55,1202.88,captured,2026-08-11 09:55:00
pay_4b0332b6995d,ORD-2026-00083,10256.87,205.14,10051.73,captured,2026-08-21 19:25:00
pay_150e58123589,ORD-2026-00084,8792.73,175.85,8616.88,captured,2026-08-04 16:11:00
pay_a5d2b7eee0e5,ORD-2026-00085,5316.17,106.32,5209.85,captured,2026-08-05 07:27:00
pay_73bc9d43b157,ORD-2026-00086,5900.89,118.02,5782.87,captured,2026-08-20 19:07:00
pay_1b0b8c191ed5,ORD-2026-00087,225.03,4.5,220.53,captured,2026-08-03 06:27:00
pay_68a2569c310a,ORD-2026-00088,13827.41,276.55,13550.86,captured,2026-08-14 08:42:00
pay_e524c0830b5d,ORD-2026-00089,13520.69,270.41,13250.28,captured,2026-08-28 10:46:00
pay_642dbe01e6c8,ORD-2026-00090,10518.68,210.37,10308.31,captured,2026-08-14 19:25:00
pay_24cc7e3bc675,ORD-2026-00091,10224.31,204.49,10019.82,captured,2026-08-15 09:24:00
pay_9faea3bf98ec,ORD-2026-00092,8309.47,166.19,8143.28,captured,2026-08-19 21:25:00
pay_42960ecdd891,ORD-2026-00093,11829.23,236.58,11592.65,captured,2026-08-10 10:27:00
pay_001299a1e7d5,ORD-2026-00094,3362.78,0.0,0.0,failed,2026-08-15 23:43:00
pay_fdc4bc2ff62f,ORD-2026-00095,9950.99,199.02,9751.97,captured,2026-08-30 05:10:00
pay_79db8d593a02,ORD-2026-00096,5160.79,103.22,5057.57,captured,2026-08-22 23:39:00
pay_77ea7b0cbdfc,ORD-2026-00097,3147.12,62.94,3084.18,captured,2026-08-10 14:51:00
pay_a0620843fb55,ORD-2026-00098,12776.12,255.52,12520.6,captured,2026-08-08 18:39:00
pay_b36045f0bf7a,ORD-2026-00099,3077.64,61.55,3016.09,captured,2026-08-15 08:36:00
pay_df25524dd6f3,ORD-2026-00101,6492.16,129.84,6362.32,captured,2026-08-28 14:49:00
pay_3f4d1ac62230,ORD-2026-00102,7075.34,141.51,6933.83,captured,2026-09-01 01:33:00
pay_ffa1483189f0,ORD-2026-00103,12060.97,241.22,11819.75,captured,2026-08-04 16:08:00
pay_a123079dc98f,ORD-2026-00105,13478.68,269.57,13209.11,captured,2026-08-31 01:28:00
pay_93b888cbea95,ORD-2026-00106,9637.39,192.75,9444.64,captured,2026-08-09 12:53:00
pay_e82a72b01606,ORD-2026-00107,1346.75,26.94,1319.81,captured,2026-08-08 19:28:00
pay_29163f63a21b,ORD-2026-00108,13416.8,268.34,13148.46,captured,2026-08-09 21:20:00
pay_d6b8190f5fad,ORD-2026-00109,10470.46,209.41,10261.05,captured,2026-08-05 08:24:00
pay_cdb7be515e74,ORD-2026-00110,8230.64,164.61,8066.03,captured,2026-08-14 21:21:00
pay_93b44352b373,ORD-2026-00111,13591.61,271.83,13319.78,captured,2026-08-07 22:24:00
pay_5b66b66af758,ORD-2026-00112,7259.3,145.19,7114.11,captured,2026-08-29 23:24:00
pay_4ef47487cbb4,ORD-2026-00113,13396.29,267.93,13128.36,captured,2026-08-25 15:54:00
pay_e740783966bf,ORD-2026-00114,12038.05,240.76,11797.29,captured,2026-08-25 06:34:00
pay_e61972b978e9,ORD-2026-00115,7387.5,147.75,7239.75,captured,2026-08-08 10:27:00
pay_3dba16473baa,ORD-2026-00116,6183.89,123.68,6060.21,captured,2026-08-23 08:51:00
pay_bbe167d97e07,ORD-2026-00117,8105.03,162.1,7942.93,captured,2026-08-15 10:39:00
pay_c7043921e5ba,ORD-2026-00118,1442.42,28.85,1413.57,captured,2026-08-19 23:01:00
pay_7856d4a8dbe6,ORD-2026-00119,944.21,18.88,925.33,captured,2026-08-28 18:11:00
pay_610520702455,ORD-2026-00120,5195.01,103.9,5091.11,captured,2026-08-08 00:20:00
pay_638df86d239a,ORD-2026-00122,14998.64,299.97,14698.67,captured,2026-08-24 18:03:00
pay_85a56349979c,ORD-2026-00123,14367.83,287.36,14080.47,captured,2026-08-21 03:49:00
pay_aa7943fec943,ORD-2026-00124,12620.59,441.72,12178.87,captured,2026-08-01 13:12:00
pay_d4deec08daa4,ORD-2026-00125,1892.96,37.86,1855.1,captured,2026-08-05 20:42:00
pay_39a45a5ec2c1,ORD-2026-00126,5659.65,113.19,5546.46,captured,2026-08-23 15:49:00
pay_d379e6a83844,ORD-2026-00127,1799.86,36.0,1763.86,captured,2026-08-27 07:19:00
pay_a5fcd2dcac78,ORD-2026-00128,14380.96,287.62,14093.34,captured,2026-08-20 06:58:00
pay_43cf412a126b,ORD-2026-00129,10421.09,208.42,10212.67,captured,2026-08-07 09:37:00
pay_777473bf12c7,ORD-2026-00130,10327.03,361.45,9965.58,captured,2026-08-23 12:54:00
pay_2ff19ba57667,ORD-2026-00131,8084.63,161.69,7922.94,captured,2026-08-19 03:22:00
pay_5e4780757f02,ORD-2026-00132,387.25,7.75,379.5,captured,2026-08-18 07:21:00
pay_e1e1339c8b45,ORD-2026-00133,14419.66,288.39,14131.27,captured,2026-08-16 12:27:00
pay_06b2a9cd9176,ORD-2026-00134,11060.17,221.2,10838.97,captured,2026-08-05 19:11:00
pay_56690a26331f,ORD-2026-00135,7355.76,147.12,7208.64,captured,2026-08-27 03:49:00
pay_15160bd377c4,ORD-2026-00136,4970.11,99.4,4870.71,captured,2026-08-25 05:17:00
pay_0817ec4e61e5,ORD-2026-00137,13248.14,264.96,12983.18,captured,2026-08-30 04:17:00
pay_8cd12aedf872,ORD-2026-00138,10089.19,201.78,9887.41,captured,2026-08-15 20:39:00
pay_eb45887001bb,ORD-2026-00139,7415.74,148.31,7267.43,captured,2026-08-16 19:11:00
pay_c185c6b5542e,ORD-2026-00140,13228.74,264.57,12964.17,captured,2026-08-09 18:17:00
pay_e618b6e8f3a3,ORD-2026-00141,1467.07,29.34,1437.73,captured,2026-08-01 19:12:00
pay_4f6c690facf8,ORD-2026-00142,7246.18,144.92,7101.26,captured,2026-08-18 09:44:00
pay_eba6e9c2cf10,ORD-2026-00143,4554.69,91.09,4463.6,captured,2026-08-26 08:05:00
pay_5689d80a0b49,ORD-2026-00144,8807.02,176.14,8630.88,captured,2026-08-08 12:42:00
pay_98e88a16e1c8,ORD-2026-00145,14950.15,299.0,14651.15,captured,2026-08-17 17:27:00
pay_f5c33a82ea38,ORD-2026-00146,4738.02,94.76,4643.26,captured,2026-08-24 01:17:00
pay_9cdb76cbde9c,ORD-2026-00147,1969.41,39.39,1930.02,captured,2026-08-24 12:20:00
pay_27832cf8bf2f,ORD-2026-00148,4292.19,85.84,4206.35,captured,2026-08-08 04:30:00
pay_4999d3c5eb52,ORD-2026-00149,3566.75,124.84,3441.91,captured,2026-08-27 17:18:00
pay_39436508bce0,ORD-2026-00150,2073.43,41.47,2031.96,captured,2026-08-02 07:34:00
pay_df7547cb24c7,ORD-2026-00152,4408.22,88.16,4320.06,captured,2026-08-28 07:36:00
pay_8eee8216ea5e,ORD-2026-00153,3936.68,78.73,3857.95,captured,2026-08-11 16:03:00
pay_b54c2e1f7e76,ORD-2026-00154,7477.85,149.56,7328.29,captured,2026-08-27 10:25:00
pay_5eaa6b4ec8e1,ORD-2026-00155,1460.68,29.21,1431.47,captured,2026-08-06 01:19:00
pay_003623a90486,ORD-2026-00156,9022.68,180.45,8842.23,captured,2026-08-18 19:38:00
pay_95b7b41c2ec9,ORD-2026-00157,13645.86,272.92,13372.94,captured,2026-08-18 00:28:00
pay_74e8ec1fd268,ORD-2026-00158,8615.72,301.55,8314.17,captured,2026-08-19 16:19:00
pay_3e7ae3b4672d,ORD-2026-00159,14224.33,284.49,13939.84,captured,2026-09-01 09:06:00
pay_fbd5839fa24b,ORD-2026-00160,1401.57,28.03,1373.54,captured,2026-08-07 14:42:00
pay_742a21a23ee5,ORD-2026-00161,239.6,4.79,234.81,captured,2026-08-18 06:10:00
pay_1d534e3e7438,ORD-2026-00162,683.07,13.66,669.41,captured,2026-08-20 20:18:00
pay_64b7e0ec0287,ORD-2026-00163,6919.66,138.39,6781.27,captured,2026-08-11 03:55:00
pay_ca8feb53713e,ORD-2026-00164,9985.51,199.71,9785.8,captured,2026-08-27 03:37:00
pay_d63cc7221449,ORD-2026-00165,9784.99,195.7,9589.29,captured,2026-08-04 18:14:00
pay_0c2e391e7a5c,ORD-2026-00166,2655.66,53.11,2602.55,captured,2026-08-05 07:03:00
pay_d1d8e43584d4,ORD-2026-00167,4471.44,89.43,4382.01,captured,2026-08-25 02:58:00
pay_e9b3cc3628f8,ORD-2026-00168,6157.13,123.14,6033.99,captured,2026-08-23 16:44:00
pay_6044f2700172,ORD-2026-00169,1390.54,27.81,1362.73,captured,2026-08-18 16:28:00
pay_73cc0e05e401,ORD-2026-00170,3905.44,78.11,3827.33,captured,2026-08-24 22:38:00
pay_5fb715afcb1f,ORD-2026-00171,12935.65,258.71,12676.94,captured,2026-09-01 09:53:00
pay_e109e8253d9f,ORD-2026-00172,795.43,15.91,779.52,captured,2026-08-22 11:36:00
pay_f554852a04e3,ORD-2026-00173,13757.88,275.16,13482.72,captured,2026-08-18 02:28:00
pay_59ba4badf2b6,ORD-2026-00174,7477.54,149.55,7327.99,captured,2026-08-15 05:52:00
pay_6bcd9ce7953b,ORD-2026-00175,4951.66,99.03,4852.63,captured,2026-08-12 16:21:00
pay_479e43b0fc5f,ORD-2026-00176,10466.37,209.33,10257.04,captured,2026-08-06 11:26:00
pay_562861a3484a,ORD-2026-00177,11455.4,229.11,11226.29,captured,2026-08-31 21:52:00
pay_ad2c25057b0c,ORD-2026-00178,4984.45,99.69,4884.76,captured,2026-08-03 14:16:00
pay_e66fa02a3c39,ORD-2026-00179,13066.64,261.33,12805.31,captured,2026-08-17 01:42:00
pay_5c2831f38d25,ORD-2026-00180,5554.33,111.09,5443.24,captured,2026-08-02 11:33:00
pay_c4025c41dc29,ORD-2026-00181,4152.43,83.05,4069.38,captured,2026-08-15 12:13:00
pay_d8a3f3247b67,ORD-2026-00182,1997.11,39.94,1957.17,captured,2026-08-16 07:31:00
pay_1c341f4cfcbc,ORD-2026-00183,402.38,8.05,394.33,captured,2026-08-06 12:35:00
pay_1bf1f9f8844e,ORD-2026-00184,14216.5,284.33,13932.17,captured,2026-08-08 06:29:00
pay_d8dbeeafc1f2,ORD-2026-00185,7731.31,154.63,7576.68,captured,2026-08-31 10:18:00
pay_46cef6a9ea30,ORD-2026-00186,3807.22,76.14,3731.08,captured,2026-08-27 17:30:00
pay_82bc55c974b7,ORD-2026-00187,11245.13,224.9,11020.23,captured,2026-08-08 06:32:00
pay_67af52507f93,ORD-2026-00189,12344.13,246.88,12097.25,captured,2026-08-31 02:17:00
pay_73b34fd28f7d,ORD-2026-00190,14983.75,299.68,14684.07,captured,2026-08-11 04:37:00
pay_1fb183e3fd83,ORD-2026-00191,7368.25,147.37,7220.88,captured,2026-08-05 18:34:00
pay_715f4649e99d,ORD-2026-00192,6939.1,138.78,6800.32,captured,2026-08-25 21:24:00
pay_286cfa27fcd1,ORD-2026-00193,8662.61,173.25,8489.36,captured,2026-08-08 06:15:00
pay_dbbec8a14196,ORD-2026-00194,4909.01,98.18,4810.83,captured,2026-08-26 01:02:00
pay_ffd87d3a4d03,ORD-2026-00195,14828.53,296.57,14531.96,captured,2026-08-30 21:24:00
pay_4a95f49eac8d,ORD-2026-00196,7633.91,152.68,7481.23,captured,2026-08-31 08:08:00
pay_9ba275308846,ORD-2026-00197,7984.08,0.0,0.0,failed,2026-08-04 21:06:00
pay_86407bae0335,ORD-2026-00198,13089.81,261.8,12828.01,captured,2026-08-24 13:26:00
pay_6bc5bdda9c62,ORD-2026-00199,9424.24,188.48,9235.76,captured,2026-08-16 18:21:00
pay_29f8b77ebb73,ORD-2026-00200,10180.49,203.61,9976.88,captured,2026-08-03 14:54:00
pay_3fde4f1aee30,ORD-2026-00201,11439.15,228.78,11210.37,captured,2026-08-22 08:56:00
pay_37f82341b3f0,ORD-2026-00202,10329.11,206.58,10122.53,captured,2026-08-03 19:40:00
pay_8c92a8bc20bc,ORD-2026-00203,14679.4,293.59,14385.81,captured,2026-08-24 09:27:00
pay_5ba8e69567c9,ORD-2026-00204,13570.68,271.41,13299.27,captured,2026-08-07 00:19:00
pay_6f8992e7aeae,ORD-2026-00205,5505.26,110.11,5395.15,captured,2026-08-26 12:18:00
pay_ec94e3d2d552,ORD-2026-00206,8575.74,171.51,8404.23,captured,2026-08-08 22:26:00
pay_1a7142b255bc,ORD-2026-00207,13088.43,261.77,12826.66,captured,2026-08-06 13:39:00
pay_cf15dbe579bc,ORD-2026-00208,3636.39,72.73,3563.66,captured,2026-08-31 03:09:00
pay_d06d52f1af24,ORD-2026-00209,13503.85,270.08,13233.77,captured,2026-08-10 09:00:00
pay_ceecd9433e23,ORD-2026-00210,1293.16,25.86,1267.3,captured,2026-08-22 23:10:00
pay_66aca5b7fda5,ORD-2026-00211,10416.64,208.33,10208.31,captured,2026-08-11 00:27:00
pay_b1d6830009d9,ORD-2026-00212,12829.36,256.59,12572.77,captured,2026-08-10 13:24:00
pay_72babe35abc8,ORD-2026-00213,8707.22,174.14,8533.08,captured,2026-08-13 21:22:00
pay_b2350c6e4869,ORD-2026-00214,4262.31,85.25,4177.06,captured,2026-08-27 23:25:00
pay_58620bad9ef7,ORD-2026-00215,13581.5,271.63,13309.87,captured,2026-08-24 18:53:00
pay_cc5873a7af96,ORD-2026-00216,12068.59,241.37,11827.22,captured,2026-08-26 15:38:00
pay_e8e4e07763bb,ORD-2026-00217,10230.91,204.62,10026.29,captured,2026-08-07 21:16:00
pay_5dca4f12b653,ORD-2026-00218,783.45,15.67,767.78,captured,2026-08-05 07:41:00
pay_d2a82589f97a,ORD-2026-00219,2144.89,42.9,2101.99,captured,2026-08-19 17:46:00
pay_bf5170f20f05,ORD-2026-00220,3171.76,63.44,3108.32,captured,2026-08-24 18:11:00
pay_58f56c5f5392,ORD-2026-00222,5212.99,104.26,5108.73,captured,2026-08-11 00:55:00
pay_8860a0b91317,ORD-2026-00223,11361.44,227.23,11134.21,captured,2026-08-31 12:09:00
pay_a5c92e4364fe,ORD-2026-00224,14703.15,0.0,0.0,failed,2026-08-23 08:43:00
pay_72a277d79e3b,ORD-2026-00225,4113.99,82.28,4031.71,captured,2026-08-26 13:00:00
pay_6a0c737c2e77,ORD-2026-00226,10150.64,203.01,9947.63,captured,2026-08-13 01:47:00
pay_c51a7af9fe61,ORD-2026-00227,10187.58,203.75,9983.83,captured,2026-08-21 17:06:00
pay_d74221a7a8fc,ORD-2026-00228,13745.79,274.92,13470.87,captured,2026-08-20 20:20:00
pay_1a3fbea5e1b3,ORD-2026-00229,7071.16,141.42,6929.74,captured,2026-08-04 02:52:00
pay_e71823df51e6,ORD-2026-00230,871.13,17.42,853.71,captured,2026-08-14 11:08:00
pay_d2a0afd0262e,ORD-2026-00231,3675.04,73.5,3601.54,captured,2026-08-16 08:06:00
pay_04fabd490bff,ORD-2026-00232,14250.84,285.02,13965.82,captured,2026-08-15 16:42:00
pay_da081b64fb3e,ORD-2026-00233,13304.12,266.08,13038.04,captured,2026-08-25 09:09:00
pay_5f4058cb1710,ORD-2026-00234,14097.99,281.96,13816.03,captured,2026-08-17 03:26:00
pay_05119aec509b,ORD-2026-00235,6762.07,135.24,6626.83,captured,2026-08-23 16:13:00
pay_b59c4aa0047f,ORD-2026-00236,5636.56,112.73,5523.83,captured,2026-08-12 10:43:00
pay_90ea427b8ecd,ORD-2026-00237,14529.46,290.59,14238.87,captured,2026-08-13 10:12:00
pay_54b638800e82,ORD-2026-00238,9664.5,193.29,9471.21,captured,2026-08-22 11:41:00
pay_07652c0b70e7,ORD-2026-00239,14834.55,296.69,14537.86,captured,2026-08-26 21:15:00
pay_91113b8a8610,ORD-2026-00240,8878.47,177.57,8700.9,captured,2026-08-27 19:13:00
pay_11473cc5f318,ORD-2026-00241,13527.86,270.56,13257.3,captured,2026-08-25 10:50:00
pay_c4d2b5e10a48,ORD-2026-00242,8195.19,163.9,8031.29,captured,2026-08-28 07:08:00
pay_425351576a81,ORD-2026-00243,419.93,8.4,411.53,captured,2026-08-22 01:08:00
pay_6dd02b4e195a,ORD-2026-00244,4127.44,83.64,4043.8,captured,2026-08-11 06:11:00
pay_9e4a8bfae725,ORD-2026-00245,11235.85,224.72,11011.13,captured,2026-08-15 02:07:00
pay_0409109730bb,ORD-2026-00246,8986.26,179.73,8806.53,captured,2026-08-25 23:32:00
pay_c7e984372240,ORD-2026-00247,10963.2,219.26,10743.94,captured,2026-08-08 21:02:00
pay_7eca8705fce1,ORD-2026-00248,14979.08,299.58,14679.5,captured,2026-08-21 07:03:00
pay_f456ca559618,ORD-2026-00249,10743.54,214.87,10528.67,captured,2026-08-22 11:31:00
pay_167d4f9d1881,ORD-2026-00250,9202.8,184.06,9018.74,captured,2026-08-29 04:20:00
pay_dc768acb6b1a,ORD-2026-00251,8863.4,177.27,8686.13,captured,2026-08-09 23:40:00
pay_eb04b91bd6f1,ORD-2026-00252,6914.99,138.3,6776.69,captured,2026-08-21 02:18:00
pay_08a9786174ce,ORD-2026-00253,12821.33,256.43,12564.9,captured,2026-08-27 05:07:00
pay_10e5db381913,ORD-2026-00254,5216.19,104.32,5111.87,captured,2026-08-15 13:26:00
pay_32b17742ab0c,ORD-2026-00255,4825.72,96.51,4729.21,captured,2026-08-15 06:06:00
pay_28f0f66f0ad1,ORD-2026-00256,10364.95,207.3,10157.65,captured,2026-08-09 18:09:00
pay_138e38713b24,ORD-2026-00257,6591.77,131.84,6459.93,captured,2026-08-03 03:05:00
pay_8830386070a8,ORD-2026-00258,8879.68,177.59,8702.09,captured,2026-08-06 04:03:00
pay_695cb146bd29,ORD-2026-00259,13129.39,262.59,12866.8,captured,2026-08-04 23:22:00
pay_99c117c314aa,ORD-2026-00260,14532.3,290.65,14241.65,captured,2026-08-31 02:03:00
pay_a92d4e84157a,ORD-2026-00261,3348.53,66.97,3281.56,captured,2026-08-05 01:32:00
pay_07a8d0ca6cb2,ORD-2026-00262,12711.53,254.23,12457.3,captured,2026-08-28 09:22:00
pay_0b307a7f3120,ORD-2026-00263,3547.15,124.15,3423.0,captured,2026-08-25 20:36:00
pay_4df5128165eb,ORD-2026-00264,10189.66,203.79,9985.87,captured,2026-08-18 21:39:00
pay_60b9ef1b2b98,ORD-2026-00265,10463.37,209.27,10254.1,captured,2026-08-31 09:53:00
pay_6bd7ea80c12a,ORD-2026-00266,4772.97,95.46,4677.51,captured,2026-08-10 01:48:00
pay_cbd2480e6445,ORD-2026-00267,2320.12,46.4,2273.72,captured,2026-08-01 11:55:00
pay_c4ee17a0d338,ORD-2026-00268,14582.79,291.66,14291.13,captured,2026-08-06 06:40:00
pay_d47df216a7c5,ORD-2026-00269,6413.52,128.27,6285.25,captured,2026-08-17 10:24:00
pay_bbcd8bbcaebe,ORD-2026-00270,5000.87,100.02,4900.85,captured,2026-08-12 15:46:00
pay_6974fedf31ae,ORD-2026-00271,9344.01,186.88,9157.13,captured,2026-08-05 10:48:00
pay_7542191b054d,ORD-2026-00272,7387.79,147.76,7240.03,captured,2026-08-16 01:27:00
pay_08d18d9374d9,ORD-2026-00273,7782.73,155.65,7627.08,captured,2026-08-09 08:48:00
pay_c9b79b2f9dc7,ORD-2026-00274,10241.6,204.83,10036.77,captured,2026-08-04 20:43:00
pay_4209108d16b8,ORD-2026-00275,3463.67,69.27,3394.4,captured,2026-08-22 11:02:00
pay_4725e9a5027b,ORD-2026-00276,11556.77,231.14,11325.63,captured,2026-08-07 18:13:00
pay_7dfd6e8d63e9,ORD-2026-00277,7561.3,151.23,7410.07,captured,2026-08-11 11:00:00
pay_2a8f6c4ce09f,ORD-2026-00278,10614.33,212.29,10402.04,captured,2026-08-05 15:34:00
pay_e97171481d66,ORD-2026-00279,6656.05,133.12,6522.93,captured,2026-08-14 09:02:00
pay_d368211478eb,ORD-2026-00280,6553.41,131.07,6422.34,captured,2026-08-28 15:36:00
pay_262696d1e715,ORD-2026-00281,1904.57,38.09,1866.48,captured,2026-08-21 23:18:00
pay_eefbb77c20ed,ORD-2026-00282,12513.98,250.28,12263.7,captured,2026-08-07 07:29:00
pay_1a6f91177a4b,ORD-2026-00283,6648.01,0.0,0.0,failed,2026-08-14 11:15:00
pay_32c0f994aac9,ORD-2026-00284,4792.06,95.84,4696.22,captured,2026-08-03 20:55:00
pay_a720b5cc0952,ORD-2026-00285,7755.15,155.1,7600.05,captured,2026-08-11 11:04:00
pay_95cc5c5e746e,ORD-2026-00286,11688.18,233.76,11454.42,captured,2026-08-17 15:57:00
pay_1efc212d78a5,ORD-2026-00287,2385.81,47.72,2338.09,captured,2026-08-31 21:52:00
pay_00fdab745298,ORD-2026-00288,9115.5,182.31,8933.19,captured,2026-08-09 11:11:00
pay_e227e0b79945,ORD-2026-00289,7066.51,141.33,6925.18,captured,2026-09-01 06:31:00
pay_bc1b4e30bd88,ORD-2026-00290,9602.42,192.05,9410.37,captured,2026-08-31 05:41:00
pay_00d2b97122a1,ORD-2026-00291,6708.49,134.17,6574.32,captured,2026-08-21 11:09:00
pay_ecd08836ba5d,ORD-2026-00292,4265.17,85.3,4179.87,captured,2026-08-21 14:50:00
pay_c84008267018,ORD-2026-00293,7033.79,140.68,6893.11,captured,2026-08-17 09:19:00
pay_fad41dab5b4e,ORD-2026-00294,9741.06,194.82,9546.24,captured,2026-08-12 21:04:00
pay_387f0ca988bd,ORD-2026-00295,7048.13,140.96,6907.17,captured,2026-08-20 22:24:00
pay_b5d4cc848abe,ORD-2026-00296,2985.94,59.72,2926.22,captured,2026-08-30 19:41:00
pay_0b2368a32fab,ORD-2026-00297,1731.83,34.64,1697.19,captured,2026-08-05 09:28:00
pay_d3bd7b7f3f97,ORD-2026-00298,2753.87,55.08,2698.79,captured,2026-08-03 19:41:00
pay_4c8b3fad7725,ORD-2026-00299,7936.67,158.73,7777.94,captured,2026-08-15 22:33:00
pay_ffd57f245757,ORD-2026-00300,6249.79,0.0,0.0,failed,2026-08-12 17:24:00
pay_226e3c0818b7,ORD-2026-00301,9537.12,190.74,9346.38,captured,2026-08-20 03:50:00
pay_b9ae39f38be3,ORD-2026-00302,10240.01,358.4,9881.61,captured,2026-08-11 09:35:00
pay_189b77d376c7,ORD-2026-00303,9119.97,182.4,8937.57,captured,2026-08-25 01:58:00
pay_7e26894375ba,ORD-2026-00304,2293.14,80.26,2212.88,captured,2026-08-04 05:42:00
pay_7baa5894d323,ORD-2026-00305,9999.6,199.99,9799.61,captured,2026-08-31 23:44:00
pay_1bbc0ac8079b,ORD-2026-00306,8472.05,169.44,8302.61,captured,2026-08-23 14:19:00
pay_fe651ea0a509,ORD-2026-00307,12468.59,249.37,12219.22,captured,2026-08-06 06:44:00
pay_347b4a13b6eb,ORD-2026-00308,5555.06,111.1,5443.96,captured,2026-08-22 14:32:00
pay_d9a3ffeb6e79,ORD-2026-00309,14225.49,284.51,13940.98,captured,2026-08-06 15:21:00
pay_9d5573a12608,ORD-2026-00310,1342.04,26.84,1315.2,captured,2026-08-08 14:09:00
pay_8c83c908b35f,ORD-2026-00311,11131.93,222.64,10909.29,captured,2026-08-26 04:53:00
pay_63952edf5509,ORD-2026-00313,9446.16,188.92,9257.24,captured,2026-08-07 01:49:00
pay_04bd7490ffa6,ORD-2026-00314,5591.63,111.83,5479.8,captured,2026-08-15 13:26:00
pay_dca2d6a5636e,ORD-2026-00315,11278.34,225.57,11052.77,captured,2026-08-20 13:48:00
pay_3dcc8f112e17,ORD-2026-00316,14490.83,289.82,14201.01,captured,2026-08-18 12:19:00
pay_7b1268cbaa6b,ORD-2026-00317,14217.53,284.35,13933.18,captured,2026-08-07 19:43:00
pay_8f3895ac2c49,ORD-2026-00318,5851.71,117.03,5734.68,captured,2026-08-25 20:49:00
pay_d23a4218b3d7,ORD-2026-00319,9149.02,182.98,8966.04,captured,2026-08-27 11:51:00
pay_b88f594e4958,ORD-2026-00320,5693.94,113.88,5580.06,captured,2026-08-21 21:55:00
pay_53e0b58166f3,ORD-2026-00321,2045.23,40.9,2004.33,captured,2026-08-29 02:54:00
pay_ccf9c3396607,ORD-2026-00322,13598.53,271.97,13326.56,captured,2026-08-06 09:28:00
pay_70d64bf8a6d0,ORD-2026-00323,3486.16,69.72,3416.44,captured,2026-08-14 05:58:00
pay_8a7623cb0a5b,ORD-2026-00324,988.2,19.76,968.44,captured,2026-08-30 03:26:00
pay_ad3adb029889,ORD-2026-00325,3523.17,70.46,3452.71,captured,2026-08-13 03:23:00
pay_5042347fd1d0,ORD-2026-00326,5162.3,103.25,5059.05,captured,2026-08-28 00:41:00
pay_08136fa00ac6,ORD-2026-00327,12480.47,249.61,12230.86,captured,2026-08-02 20:58:00
pay_33af708259e7,ORD-2026-00328,9307.15,186.14,9121.01,captured,2026-08-23 20:28:00
pay_a0149adf155e,ORD-2026-00329,2412.89,48.26,2364.63,captured,2026-08-09 15:53:00
pay_b6058abad5db,ORD-2026-00330,4657.04,93.14,4563.9,captured,2026-08-25 21:15:00
pay_9a7b71a5d127,ORD-2026-00331,9417.6,188.35,9229.25,captured,2026-08-15 00:50:00
pay_1de1f747f092,ORD-2026-00332,8133.6,162.67,7970.93,captured,2026-08-28 02:38:00
pay_72fa97e38ebc,ORD-2026-00333,223.15,4.46,218.69,captured,2026-08-05 11:27:00
pay_df311d8f8ba7,ORD-2026-00334,10032.7,200.65,9832.05,captured,2026-08-19 16:11:00
pay_e9dac24fce5b,ORD-2026-00335,8252.41,165.05,8087.36,captured,2026-08-12 12:33:00
pay_1b4a646f554e,ORD-2026-00336,9607.93,192.16,9415.77,captured,2026-08-28 22:02:00
pay_934c0b79fe1c,ORD-2026-00337,11870.1,237.4,11632.7,captured,2026-08-24 10:22:00
pay_e52d819e6e60,ORD-2026-00338,1734.23,34.68,1699.55,captured,2026-08-25 04:40:00
pay_3b48d4490777,ORD-2026-00339,5210.5,104.21,5106.29,captured,2026-08-02 20:34:00
pay_59d1d5b9b348,ORD-2026-00340,14716.12,294.32,14421.8,captured,2026-08-26 04:29:00
pay_0c5bf09ded53,ORD-2026-00341,10797.47,215.95,10581.52,captured,2026-08-06 13:04:00
pay_de18dc18af59,ORD-2026-00343,6093.72,121.87,5971.85,captured,2026-08-30 14:32:00
pay_ff895c796db8,ORD-2026-00344,4434.44,88.69,4345.75,captured,2026-08-03 06:12:00
pay_9e8102085b84,ORD-2026-00345,2042.23,40.84,2001.39,captured,2026-08-21 17:17:00
pay_444b15eb4bca,ORD-2026-00346,6708.1,134.16,6573.94,captured,2026-08-29 21:47:00
pay_dee8e7985fe9,ORD-2026-00347,7563.35,151.27,7412.08,captured,2026-08-07 02:44:00
pay_4d350e41e82a,ORD-2026-00348,1368.12,27.36,1340.76,captured,2026-08-04 09:27:00
pay_9941a08caad4,ORD-2026-00349,1385.02,27.7,1357.32,captured,2026-08-10 22:06:00
pay_a2517b65cd5a,ORD-2026-00350,6506.52,130.13,6376.39,captured,2026-08-16 07:45:00
pay_79cef050aa1d,ORD-2026-00351,13076.55,261.53,12815.02,captured,2026-08-15 09:46:00
pay_d63e9ee81ea1,ORD-2026-00352,14704.4,294.09,14410.31,captured,2026-08-14 11:40:00
pay_f2e3bb08a36f,ORD-2026-00353,5577.0,111.54,5465.46,captured,2026-08-22 21:25:00
pay_39d8db9763d9,ORD-2026-00354,11763.42,235.27,11528.15,captured,2026-08-05 21:43:00
pay_feb67825eef7,ORD-2026-00356,9155.4,183.11,8972.29,captured,2026-08-31 22:02:00
pay_5565a2f6099a,ORD-2026-00357,1337.9,26.76,1311.14,captured,2026-08-12 21:48:00
pay_9b352bd87725,ORD-2026-00358,9813.5,196.27,9617.23,captured,2026-08-12 15:20:00
pay_5877eae5a3c7,ORD-2026-00359,7585.85,151.72,7434.13,captured,2026-08-02 09:11:00
pay_bfd070e9c0df,ORD-2026-00360,4052.29,81.05,3971.24,captured,2026-08-04 15:49:00
pay_5f16ca987560,ORD-2026-00361,13763.89,275.28,13488.61,captured,2026-08-20 21:44:00
pay_17e2113abf7b,ORD-2026-00362,1295.97,25.92,1270.05,captured,2026-08-04 13:54:00
pay_20db15d61066,ORD-2026-00363,10292.55,205.85,10086.7,captured,2026-08-15 04:51:00
pay_f1fbe950bf2c,ORD-2026-00364,8339.96,166.8,8173.16,captured,2026-08-13 05:04:00
pay_e47240a80127,ORD-2026-00365,10701.54,214.03,10487.51,captured,2026-08-28 12:45:00
pay_09884dfcb54a,ORD-2026-00366,1996.16,43.16,1953.0,captured,2026-08-12 23:14:00
pay_e9fdf36a7cf1,ORD-2026-00368,12094.19,241.88,11852.31,captured,2026-08-19 21:29:00
pay_9d1a0a609043,ORD-2026-00369,4777.5,95.55,4681.95,captured,2026-08-29 05:04:00
pay_8f1d7eed6d78,ORD-2026-00370,8708.53,174.17,8534.36,captured,2026-08-14 16:52:00
pay_d342131a0069,ORD-2026-00371,7094.33,141.89,6952.44,captured,2026-08-21 08:28:00
pay_3c7872edbeb0,ORD-2026-00372,8899.23,177.98,8721.25,captured,2026-08-29 20:40:00
pay_98eeb2c430fb,ORD-2026-00373,2037.58,40.75,1996.83,captured,2026-08-17 07:53:00
pay_9373b5af476f,ORD-2026-00374,14034.12,280.68,13753.44,captured,2026-08-06 16:20:00
pay_7e6cf39f8607,ORD-2026-00375,4403.91,88.08,4315.83,captured,2026-09-01 03:57:00
pay_449561349d71,ORD-2026-00376,4261.88,85.24,4176.64,captured,2026-08-07 23:35:00
pay_116a6855c14e,ORD-2026-00377,9686.61,193.73,9492.88,captured,2026-08-18 11:32:00
pay_0dd25dbaad5f,ORD-2026-00378,13549.61,270.99,13278.62,captured,2026-08-23 05:46:00
pay_b90085845426,ORD-2026-00379,12413.5,248.27,12165.23,captured,2026-08-30 19:02:00
pay_b038f6f84578,ORD-2026-00381,9657.07,193.14,9463.93,captured,2026-08-19 21:39:00
pay_2adfbfa0fb25,ORD-2026-00382,14358.42,287.17,14071.25,captured,2026-08-18 21:41:00
pay_988adb5ed6d0,ORD-2026-00383,4602.02,92.04,4509.98,captured,2026-08-27 09:25:00
pay_5aa44e975dd7,ORD-2026-00384,6351.2,127.02,6224.18,captured,2026-08-02 07:28:00
pay_d33692988563,ORD-2026-00385,4826.22,168.92,4657.3,captured,2026-08-12 07:09:00
pay_a7bd291fdc3f,ORD-2026-00386,2135.34,42.71,2092.63,captured,2026-08-28 12:25:00
pay_abc1055198cd,ORD-2026-00387,3777.72,75.55,3702.17,captured,2026-08-18 10:20:00
pay_b3ac3eaafd16,ORD-2026-00388,1632.81,32.66,1600.15,captured,2026-08-15 11:09:00
pay_1485b6e948db,ORD-2026-00389,3874.4,77.49,3796.91,captured,2026-08-28 23:26:00
pay_c948b66544b6,ORD-2026-00390,4828.18,96.56,4731.62,captured,2026-08-11 22:46:00
pay_34211dafba38,ORD-2026-00391,13210.32,264.21,12946.11,captured,2026-08-17 16:31:00
pay_5d3bc9643133,ORD-2026-00392,6967.01,139.34,6827.67,captured,2026-08-03 18:32:00
pay_e62865a826c0,ORD-2026-00393,948.0,18.96,929.04,captured,2026-08-19 17:03:00
pay_618c9d99e1ef,ORD-2026-00394,7164.69,143.29,7021.4,captured,2026-08-30 07:43:00
pay_b3899adbd8d5,ORD-2026-00395,13260.34,265.21,12995.13,captured,2026-08-04 21:08:00
pay_f824e70fe386,ORD-2026-00396,6128.61,122.57,6006.04,captured,2026-08-13 14:02:00
pay_a14cded005ff,ORD-2026-00397,5917.96,118.36,5799.6,captured,2026-08-18 11:04:00
pay_13ca246a293c,ORD-2026-00398,14838.54,296.77,14541.77,captured,2026-08-18 10:52:00
pay_03bc5bff5ffd,ORD-2026-00399,11964.48,239.29,11725.19,captured,2026-08-04 18:23:00
pay_3bbd74798187,ORD-2026-00401,2228.14,44.56,2183.58,captured,2026-08-02 08:02:00
pay_f6114ca2e88f,ORD-2026-00402,2404.32,48.09,2356.23,captured,2026-08-16 21:29:00
pay_857adba3032c,ORD-2026-00403,2605.03,52.1,2552.93,captured,2026-08-31 05:20:00
pay_080d5ec3321d,ORD-2026-00404,7743.77,154.88,7588.89,captured,2026-08-12 04:53:00
pay_87904bdfc479,ORD-2026-00405,12273.08,245.46,12027.62,captured,2026-08-19 14:30:00
pay_19805b236335,ORD-2026-00406,8838.79,176.78,8662.01,captured,2026-08-22 07:26:00
pay_1349ef989909,ORD-2026-00407,11786.98,235.74,11551.24,captured,2026-08-16 17:41:00
pay_8778e21d19ac,ORD-2026-00408,2723.58,54.47,2669.11,captured,2026-08-02 19:30:00
pay_82aafbf0cd31,ORD-2026-00409,667.24,13.34,653.9,captured,2026-08-28 07:15:00
pay_acd6d0dae28d,ORD-2026-00410,6397.95,223.93,6174.02,captured,2026-08-01 16:20:00
pay_dfbea8653632,ORD-2026-00411,11669.59,233.39,11436.2,captured,2026-08-07 15:32:00
pay_ac2f8e1bae3b,ORD-2026-00412,1121.76,22.44,1099.32,captured,2026-08-29 11:46:00
pay_d3203fd00e21,ORD-2026-00413,14972.22,299.44,14672.78,captured,2026-08-08 04:20:00
pay_84a25acbef9a,ORD-2026-00414,7003.02,140.06,6862.96,captured,2026-08-13 14:11:00
pay_54c27ff9d673,ORD-2026-00416,4329.29,86.59,4242.7,captured,2026-08-16 15:15:00
pay_5b53632ff460,ORD-2026-00417,4477.26,89.55,4387.71,captured,2026-08-31 10:49:00
pay_3f0ab77204c3,ORD-2026-00418,7301.09,146.02,7155.07,captured,2026-08-24 03:20:00
pay_1087f9954b38,ORD-2026-00419,8239.22,164.78,8074.44,captured,2026-08-04 20:43:00
pay_5bd596b17570,ORD-2026-00420,822.58,16.45,806.13,captured,2026-08-12 10:18:00
pay_b509c3262adb,ORD-2026-00421,3995.37,79.91,3915.46,captured,2026-08-30 18:41:00
pay_e241880b2d49,ORD-2026-00422,14008.75,280.18,13728.57,captured,2026-08-08 05:17:00
pay_2ea4ee0ba176,ORD-2026-00423,8885.09,177.7,8707.39,captured,2026-08-04 20:47:00
pay_3cf9b411ee1b,ORD-2026-00424,9641.58,0.0,0.0,failed,2026-08-23 04:14:00
pay_fd50eb9969c8,ORD-2026-00425,7191.58,143.83,7047.75,captured,2026-08-14 18:45:00
pay_bb879938359a,ORD-2026-00426,2537.53,50.75,2486.78,captured,2026-09-01 04:59:00
pay_82dce79541ec,ORD-2026-00427,14465.93,289.32,14176.61,captured,2026-08-21 13:48:00
pay_a4698b61f4b5,ORD-2026-00428,11577.13,231.54,11345.59,captured,2026-08-21 06:58:00
pay_26c1e7164925,ORD-2026-00429,14062.71,281.25,13781.46,captured,2026-08-25 05:54:00
pay_fb182550f59d,ORD-2026-00430,13810.6,276.21,13534.39,captured,2026-08-29 10:59:00
pay_b6abcf494334,ORD-2026-00431,11285.25,225.71,11059.54,captured,2026-08-16 16:59:00
pay_66a5b37b2b86,ORD-2026-00432,9121.19,182.42,8938.77,captured,2026-08-01 18:36:00
pay_aea9ce1bbe91,ORD-2026-00433,7959.91,159.2,7800.71,captured,2026-08-16 08:34:00
pay_e13e758621fc,ORD-2026-00434,3053.61,61.07,2992.54,captured,2026-08-17 17:17:00
pay_0258844d4a85,ORD-2026-00435,9794.62,195.89,9598.73,captured,2026-08-07 08:29:00
pay_c620aad70e6b,ORD-2026-00436,4566.36,91.33,4475.03,captured,2026-08-24 13:50:00
pay_9b0be5a9412e,ORD-2026-00437,6201.26,124.03,6077.23,captured,2026-08-21 04:57:00
pay_0a1f372ac555,ORD-2026-00438,10104.99,202.1,9902.89,captured,2026-08-11 07:25:00
pay_0850c5afca4a,ORD-2026-00439,3871.1,77.42,3793.68,captured,2026-08-16 12:59:00
pay_d7a31d30db6b,ORD-2026-00440,4151.52,83.03,4068.49,captured,2026-08-08 15:48:00
pay_db17df55e4ee,ORD-2026-00441,369.25,12.92,356.33,captured,2026-08-20 03:36:00
pay_707d87e2b0f0,ORD-2026-00442,1949.73,38.99,1910.74,captured,2026-08-08 12:42:00
pay_5fb76687e987,ORD-2026-00443,13861.97,277.24,13584.73,captured,2026-08-13 22:32:00
pay_4995a3cc2404,ORD-2026-00444,14121.41,282.43,13838.98,captured,2026-08-05 01:58:00
pay_93a5273cad48,ORD-2026-00445,7277.09,145.54,7131.55,captured,2026-08-08 13:08:00
pay_5465f04b3ea7,ORD-2026-00446,10588.72,211.77,10376.95,captured,2026-08-20 23:26:00
pay_cea83027e060,ORD-2026-00447,3432.49,68.65,3363.84,captured,2026-08-19 06:52:00
pay_d3fa05153c6f,ORD-2026-00448,11853.09,237.06,11616.03,captured,2026-08-26 04:55:00
pay_118e2e711ac4,ORD-2026-00449,13775.22,275.5,13499.72,captured,2026-08-23 20:04:00
pay_56aa31600004,ORD-2026-00450,7681.21,153.62,7527.59,captured,2026-08-27 21:57:00
pay_c55a589cf30f,ORD-2026-00451,1920.35,0.0,0.0,failed,2026-08-12 03:28:00
pay_68193b04c5ec,ORD-2026-00452,13503.56,270.07,13233.49,captured,2026-08-20 00:05:00
pay_b6086ed78897,ORD-2026-00453,7796.07,272.86,7523.21,captured,2026-08-02 19:08:00
pay_44f8eaa1b2f8,ORD-2026-00454,10156.96,203.14,9953.82,captured,2026-08-03 03:29:00
pay_a64207de9acd,ORD-2026-00456,5299.03,105.98,5193.05,captured,2026-08-03 04:27:00
pay_83b14834a37d,ORD-2026-00457,7186.65,0.0,0.0,failed,2026-08-02 03:59:00
pay_1b209ecf6300,ORD-2026-00458,9694.57,193.89,9500.68,captured,2026-08-06 13:49:00
pay_d8f43bf99537,ORD-2026-00459,13070.38,261.41,12808.97,captured,2026-08-29 17:28:00
pay_9ad67f7a362b,ORD-2026-00460,13143.4,262.87,12880.53,captured,2026-08-04 05:42:00
pay_3306f2a24d60,ORD-2026-00461,2841.41,56.83,2784.58,captured,2026-08-28 19:07:00
pay_1884186cb87e,ORD-2026-00462,12555.36,251.11,12304.25,captured,2026-08-06 09:14:00
pay_17a93aa27416,ORD-2026-00463,8257.79,165.16,8092.63,captured,2026-08-16 00:46:00
pay_ad5d6b9104df,ORD-2026-00464,5323.16,108.42,5214.74,captured,2026-08-08 08:29:00
pay_be73d3f67692,ORD-2026-00465,1870.1,37.4,1832.7,captured,2026-08-31 04:48:00
pay_5ec43c61dd6c,ORD-2026-00466,3250.01,0.0,0.0,failed,2026-08-25 06:15:00
pay_a80560fa5d65,ORD-2026-00467,10145.95,202.92,9943.03,captured,2026-08-02 16:38:00
pay_799adb63d8b8,ORD-2026-00468,6696.65,135.02,6561.63,captured,2026-08-24 05:25:00
pay_3abf584a9be8,ORD-2026-00469,7657.66,153.15,7504.51,captured,2026-08-28 12:08:00
pay_a911fd566b41,ORD-2026-00470,4919.77,98.4,4821.37,captured,2026-08-28 02:36:00
pay_ea8432a849bf,ORD-2026-00472,14238.1,284.76,13953.34,captured,2026-08-09 12:35:00
pay_83475b334c34,ORD-2026-00473,7535.19,150.7,7384.49,captured,2026-08-22 14:35:00
pay_7852a40618b5,ORD-2026-00474,7962.05,159.24,7802.81,captured,2026-08-22 22:50:00
pay_781ea56159f4,ORD-2026-00476,12891.61,259.79,12631.82,captured,2026-08-28 19:19:00
pay_d4604b8ce587,ORD-2026-00477,6307.63,126.15,6181.48,captured,2026-08-15 05:35:00
pay_20c8622808fa,ORD-2026-00478,3794.31,75.89,3718.42,captured,2026-08-17 07:24:00
pay_ba36c1d26429,ORD-2026-00479,6856.85,137.14,6719.71,captured,2026-08-21 04:59:00
pay_89cdd27b492c,ORD-2026-00480,3019.13,60.38,2958.75,captured,2026-08-19 09:53:00
pay_52cc3d3a1709,ORD-2026-00481,785.3,15.71,769.59,captured,2026-08-22 21:38:00
pay_971d5d706c4c,ORD-2026-00482,10137.47,202.75,9934.72,captured,2026-08-27 02:46:00
pay_558af0aade07,ORD-2026-00483,14363.89,287.28,14076.61,captured,2026-08-07 14:19:00
pay_5bb26b9c20ce,ORD-2026-00484,1936.28,38.73,1897.55,captured,2026-08-30 10:47:00
pay_0b9861f2836a,ORD-2026-00485,3226.79,64.54,3162.25,captured,2026-08-24 01:45:00
pay_0337f656f3f6,ORD-2026-00486,7100.51,142.01,6958.5,captured,2026-08-11 21:24:00
pay_186b969cb0d9,ORD-2026-00487,13265.62,265.31,13000.31,captured,2026-08-09 20:32:00
pay_29c2b70d26d3,ORD-2026-00488,11472.11,229.44,11242.67,captured,2026-08-27 09:30:00
pay_28762b802c9b,ORD-2026-00489,876.59,17.53,859.06,captured,2026-08-12 13:26:00
pay_4eca72de629d,ORD-2026-00490,8389.01,167.78,8221.23,captured,2026-08-05 11:16:00
pay_fbfc86b7e530,ORD-2026-00491,3604.28,72.09,3532.19,captured,2026-08-05 11:21:00
pay_e6e1f9866c7b,ORD-2026-00492,5195.95,103.92,5092.03,captured,2026-08-19 05:43:00
pay_fc2357586384,ORD-2026-00493,7020.27,140.41,6879.86,captured,2026-08-22 03:31:00
pay_1415ed5f811f,ORD-2026-00494,7427.08,259.95,7167.13,captured,2026-08-06 01:34:00
pay_3c67113984e3,ORD-2026-00495,10089.59,201.79,9887.8,captured,2026-08-02 10:52:00
pay_8096055fb1a8,ORD-2026-00496,1205.93,42.21,1163.72,captured,2026-08-06 03:14:00
pay_eb75fbb40b66,ORD-2026-00498,8076.74,161.53,7915.21,captured,2026-08-16 09:00:00
pay_ee8fbfbbebbb,ORD-2026-00499,4266.16,85.32,4180.84,captured,2026-08-01 23:46:00
pay_daa2de9dd9be,ORD-2026-00500,6572.48,131.45,6441.03,captured,2026-08-18 04:43:00
pay_07c5999a1227,ORD-2026-00501,2403.68,48.07,2355.61,captured,2026-08-30 13:33:00
pay_131ffe3da1f7,ORD-2026-00502,5445.73,108.91,5336.82,captured,2026-08-17 14:52:00
pay_4503681e8f13,ORD-2026-00503,8562.03,171.24,8390.79,captured,2026-08-13 00:29:00
pay_d3ca2ecaf279,ORD-2026-00504,14876.79,297.54,14579.25,captured,2026-08-22 05:41:00
pay_59c87d07ff1c,ORD-2026-00505,8379.98,167.6,8212.38,captured,2026-08-13 21:24:00
pay_f7af2862d655,ORD-2026-00506,1423.75,28.48,1395.27,captured,2026-08-02 04:10:00
pay_8fc737f8dcec,ORD-2026-00507,14664.47,293.29,14371.18,captured,2026-08-26 13:36:00
pay_7681624f3359,ORD-2026-00508,3328.97,66.58,3262.39,captured,2026-08-30 03:14:00
pay_f34c520379d8,ORD-2026-00509,13898.66,486.45,13412.21,captured,2026-08-02 11:43:00
pay_079d0a1628ed,ORD-2026-00510,14429.74,288.59,14141.15,captured,2026-08-30 17:01:00
pay_7d887637a595,ORD-2026-00511,6094.78,121.9,5972.88,captured,2026-08-28 01:52:00
pay_b469bbdbe595,ORD-2026-00512,8587.1,171.74,8415.36,captured,2026-08-07 06:15:00
pay_46c0bb293d84,ORD-2026-00513,5880.92,117.62,5763.3,captured,2026-08-30 03:21:00
pay_f2d55ebde331,ORD-2026-00514,7611.73,152.23,7459.5,captured,2026-08-24 04:05:00
pay_6aa25a9847ac,ORD-2026-00515,12612.38,252.25,12360.13,captured,2026-08-04 18:14:00
pay_eba60107267d,ORD-2026-00516,6071.21,121.42,5949.79,captured,2026-08-25 21:38:00
pay_1c00e08f4058,ORD-2026-00517,14890.27,297.81,14592.46,captured,2026-08-21 12:50:00
pay_4a64ccdb6fff,ORD-2026-00518,6591.35,131.83,6459.52,captured,2026-08-13 03:24:00
pay_471ef2a6ad22,ORD-2026-00519,12011.22,240.22,11771.0,captured,2026-08-25 23:18:00
pay_72f36fab0aaf,ORD-2026-00521,1776.95,35.54,1741.41,captured,2026-08-13 20:23:00
pay_e9e281249f60,ORD-2026-00522,4192.54,83.85,4108.69,captured,2026-08-15 19:48:00
pay_a61074a5d538,ORD-2026-00523,8443.38,168.87,8274.51,captured,2026-08-06 15:28:00
pay_6c33d3b1f222,ORD-2026-00524,8402.45,168.05,8234.4,captured,2026-08-01 05:22:00
pay_a9a69b039163,ORD-2026-00525,6324.39,126.49,6197.9,captured,2026-08-13 06:18:00
pay_17a8d258e431,ORD-2026-00526,14892.41,297.85,14594.56,captured,2026-08-29 19:57:00
pay_533a49283df8,ORD-2026-00527,5834.83,116.7,5718.13,captured,2026-08-17 16:43:00
pay_4e64db111e72,ORD-2026-00528,2359.84,47.2,2312.64,captured,2026-08-10 20:31:00
pay_8a222e1b61d3,ORD-2026-00529,7366.62,147.33,7219.29,captured,2026-08-10 01:19:00
pay_a22fa5b9fd98,ORD-2026-00530,9450.5,189.01,9261.49,captured,2026-08-09 18:46:00
pay_3ab6bd127477,ORD-2026-00531,300.16,6.0,294.16,captured,2026-08-04 15:19:00
pay_73bc584fa0fd,ORD-2026-00533,12388.32,249.55,12138.77,captured,2026-08-12 00:52:00
pay_1fc2f7481d1d,ORD-2026-00534,3172.6,63.45,3109.15,captured,2026-08-11 22:44:00
pay_92db08da25ea,ORD-2026-00535,4513.43,90.27,4423.16,captured,2026-08-31 14:20:00
pay_632b10c06d05,ORD-2026-00536,5765.62,115.31,5650.31,captured,2026-08-26 08:20:00
pay_bd27154c2eb7,ORD-2026-00537,8964.96,179.3,8785.66,captured,2026-08-05 06:12:00
pay_5bc644a5e92b,ORD-2026-00538,14304.47,286.09,14018.38,captured,2026-08-26 00:01:00
pay_7b05ed992580,ORD-2026-00539,4511.7,90.23,4421.47,captured,2026-08-07 23:51:00
pay_088c2dfd8911,ORD-2026-00540,7589.69,151.79,7437.9,captured,2026-08-28 17:43:00
pay_f0234229862c,ORD-2026-00541,10785.5,215.71,10569.79,captured,2026-08-10 08:09:00
pay_c53bf72a79fa,ORD-2026-00542,8817.21,176.34,8640.87,captured,2026-08-15 21:30:00
pay_866bb74a6b15,ORD-2026-00543,13453.42,269.07,13184.35,captured,2026-08-02 16:44:00
pay_a92213e76be5,ORD-2026-00544,10037.47,200.75,9836.72,captured,2026-08-25 14:42:00
pay_ac293f7808b3,ORD-2026-00545,14757.4,295.15,14462.25,captured,2026-08-20 03:36:00
pay_576dc9bd5ace,ORD-2026-00546,356.11,7.12,348.99,captured,2026-08-11 21:06:00
pay_a65ea4f7e785,ORD-2026-00547,8458.3,169.17,8289.13,captured,2026-08-18 10:33:00
pay_8cdb626fc3d0,ORD-2026-00548,11630.67,232.61,11398.06,captured,2026-08-12 19:29:00
pay_2e8c2d91c6eb,ORD-2026-00549,4572.4,91.45,4480.95,captured,2026-08-01 21:06:00
pay_a0715e83d31c,ORD-2026-00550,5355.26,107.11,5248.15,captured,2026-08-28 04:09:00
pay_0e8d482e7a85,ORD-2026-00551,7347.3,146.95,7200.35,captured,2026-08-26 12:33:00
pay_2703c74d1392,ORD-2026-00552,6896.22,137.92,6758.3,captured,2026-08-16 03:44:00
pay_81108e5b8438,ORD-2026-00553,534.26,10.69,523.57,captured,2026-08-03 09:07:00
pay_7a6aabaa75b4,ORD-2026-00554,2632.44,52.65,2579.79,captured,2026-08-05 00:51:00
pay_e387eef39c3b,ORD-2026-00555,5098.65,0.0,0.0,failed,2026-08-07 05:10:00
pay_cb442991c743,ORD-2026-00557,13269.84,265.4,13004.44,captured,2026-08-02 05:39:00
pay_bfdebc58dca3,ORD-2026-00558,10630.09,212.6,10417.49,captured,2026-08-14 21:00:00
pay_a19e5d57f40d,ORD-2026-00559,11980.92,239.62,11741.3,captured,2026-08-26 07:51:00
pay_751f31a71905,ORD-2026-00560,5613.74,112.27,5501.47,captured,2026-08-28 20:11:00
pay_9b217365569d,ORD-2026-00561,12967.02,259.34,12707.68,captured,2026-08-04 20:42:00
pay_a0dbf0c619e8,ORD-2026-00562,8887.67,0.0,0.0,failed,2026-08-13 20:25:00
pay_08d47e4d63f4,ORD-2026-00563,2753.41,55.07,2698.34,captured,2026-08-28 22:39:00
pay_f8b7beb0db13,ORD-2026-00564,2182.43,76.39,2106.04,captured,2026-08-19 13:43:00
pay_f1da1160cd83,ORD-2026-00565,5724.93,114.5,5610.43,captured,2026-08-10 05:11:00
pay_6c0bac1e1a73,ORD-2026-00566,2240.44,44.81,2195.63,captured,2026-08-14 01:38:00
pay_9da8d9b9c7f2,ORD-2026-00567,8153.21,163.06,7990.15,captured,2026-08-07 00:40:00
pay_ce8bf732bb03,ORD-2026-00568,2276.39,45.53,2230.86,captured,2026-08-06 16:18:00
pay_f37741df6db4,ORD-2026-00569,13009.73,260.19,12749.54,captured,2026-08-15 21:03:00
pay_d9e0a087a909,ORD-2026-00570,5882.37,117.65,5764.72,captured,2026-08-05 16:52:00
pay_00b01b5f07a9,ORD-2026-00571,10710.11,214.2,10495.91,captured,2026-08-23 03:26:00
pay_f5d8be50362e,ORD-2026-00573,8156.61,163.13,7993.48,captured,2026-08-02 19:14:00
pay_2d29a4609570,ORD-2026-00574,11633.71,232.67,11401.04,captured,2026-08-15 22:47:00
pay_10419f0fd2c2,ORD-2026-00575,1890.26,37.81,1852.45,captured,2026-08-17 15:36:00
pay_f3d413eee317,ORD-2026-00576,10840.91,379.43,10461.48,captured,2026-08-27 09:48:00
pay_5d1944516d95,ORD-2026-00577,9874.34,197.49,9676.85,captured,2026-08-05 11:53:00
pay_5714b3b5dadf,ORD-2026-00578,4089.67,81.79,4007.88,captured,2026-08-28 08:28:00
pay_fc8f6d810965,ORD-2026-00579,12215.96,244.32,11971.64,captured,2026-08-28 05:49:00
pay_67a472b05bb1,ORD-2026-00580,5389.34,107.79,5281.55,captured,2026-08-24 20:44:00
pay_2ed1d076235b,ORD-2026-00581,3257.97,65.16,3192.81,captured,2026-08-20 12:50:00
pay_fff88f974f18,ORD-2026-00582,8077.76,161.56,7916.2,captured,2026-08-03 02:22:00
pay_23fbab03536e,ORD-2026-00583,8676.49,173.53,8502.96,captured,2026-08-23 10:18:00
pay_2f8ebeb718c1,ORD-2026-00584,1077.43,21.55,1055.88,captured,2026-08-31 19:58:00
pay_6e4b4931c66c,ORD-2026-00585,13017.97,260.36,12757.61,captured,2026-08-21 14:44:00
pay_c156fd955260,ORD-2026-00586,3863.81,0.0,0.0,failed,2026-08-23 22:53:00
pay_4be37d710ef4,ORD-2026-00587,4177.01,83.54,4093.47,captured,2026-08-06 02:40:00
pay_2667e64ecfd6,ORD-2026-00588,11960.06,239.2,11720.86,captured,2026-08-15 14:40:00
pay_8c1b865313f2,ORD-2026-00589,10481.61,209.63,10271.98,captured,2026-08-18 11:17:00
pay_675b243b97ea,ORD-2026-00590,8812.94,176.26,8636.68,captured,2026-08-31 22:20:00
pay_2f35e62c7508,ORD-2026-00591,10519.88,0.0,0.0,failed,2026-08-16 05:42:00
pay_565decc2d796,ORD-2026-00592,14528.3,290.57,14237.73,captured,2026-08-18 14:13:00
pay_04e8c2db8cf3,ORD-2026-00593,4397.18,87.94,4309.24,captured,2026-08-09 19:53:00
pay_3c04eca802ee,ORD-2026-00594,5287.35,105.75,5181.6,captured,2026-08-28 22:50:00
pay_c320b4c8a65f,ORD-2026-00596,6956.47,139.13,6817.34,captured,2026-08-30 16:28:00
pay_d4c52b226feb,ORD-2026-00597,9819.96,196.4,9623.56,captured,2026-08-23 14:56:00
pay_43b7dc514b5f,ORD-2026-00598,9887.9,197.76,9690.14,captured,2026-08-30 12:05:00
pay_821bf1c95997,ORD-2026-00599,9803.89,196.08,9607.81,captured,2026-08-13 07:57:00
pay_e32d2e4c56f1,ORD-2026-00600,10551.73,211.03,10340.7,captured,2026-08-21 21:46:00
pay_f3920897169f,ORD-2026-00601,1608.72,32.17,1576.55,captured,2026-08-21 11:45:00
pay_ca8a5ecc002d,ORD-2026-00602,3547.62,70.95,3476.67,captured,2026-08-03 07:37:00
pay_07e0dba71e68,ORD-2026-00603,12293.21,245.86,12047.35,captured,2026-08-02 03:21:00
pay_3a0782755a6a,ORD-2026-00604,3588.41,71.77,3516.64,captured,2026-08-05 23:04:00
pay_6a02485184b6,ORD-2026-00605,4837.6,96.75,4740.85,captured,2026-08-26 06:06:00
pay_5c88418e8cbf,ORD-2026-00606,14895.51,297.91,14597.6,captured,2026-08-13 10:41:00
pay_d0e7cf03ea62,ORD-2026-00607,9232.72,184.65,9048.07,captured,2026-08-18 01:00:00
pay_92b381e20717,ORD-2026-00608,9495.58,189.91,9305.67,captured,2026-08-13 06:13:00
pay_a05828574387,ORD-2026-00609,12927.45,258.55,12668.9,captured,2026-08-21 01:28:00
pay_20d916888b8a,ORD-2026-00610,11004.14,220.08,10784.06,captured,2026-08-05 08:37:00
pay_87d38366e6b1,ORD-2026-00611,4299.12,85.98,4213.14,captured,2026-08-11 13:15:00
pay_b8158bef39a3,ORD-2026-00612,10873.46,217.47,10655.99,captured,2026-08-19 05:38:00
pay_04b6ad3f3a34,ORD-2026-00613,12748.8,254.98,12493.82,captured,2026-09-01 08:01:00
pay_53327e54ebea,ORD-2026-00614,2991.97,59.84,2932.13,captured,2026-08-17 23:32:00
pay_44db1b6e5771,ORD-2026-00615,13489.11,269.78,13219.33,captured,2026-08-21 04:50:00
pay_f98d889518d2,ORD-2026-00616,7593.82,265.78,7328.04,captured,2026-08-13 05:15:00
pay_4eacc9bfc7ae,ORD-2026-00617,14022.08,280.44,13741.64,captured,2026-08-29 08:23:00
pay_c6529172d11e,ORD-2026-00618,5608.1,112.16,5495.94,captured,2026-08-28 20:26:00
pay_789caf9c798f,ORD-2026-00619,8892.98,177.86,8715.12,captured,2026-08-16 14:01:00
pay_817548f315bc,ORD-2026-00620,1094.94,21.9,1073.04,captured,2026-08-07 10:59:00
pay_cd5662085559,ORD-2026-00621,7615.52,152.31,7463.21,captured,2026-08-10 23:45:00
pay_b1fad184b82c,ORD-2026-00622,9679.95,193.6,9486.35,captured,2026-08-23 19:05:00
pay_b6393be1122b,ORD-2026-00623,7767.31,155.35,7611.96,captured,2026-08-03 20:05:00
pay_a959df65c9a8,ORD-2026-00624,5982.83,119.66,5863.17,captured,2026-08-05 20:20:00
pay_b7b351624eeb,ORD-2026-00626,6630.36,132.61,6497.75,captured,2026-08-08 14:59:00
pay_360a9c7c3812,ORD-2026-00627,10057.98,201.16,9856.82,captured,2026-08-20 05:19:00
pay_dd9c92fe4ee7,ORD-2026-00628,10582.19,211.64,10370.55,captured,2026-08-01 23:08:00
pay_f157231daa80,ORD-2026-00629,7854.9,157.1,7697.8,captured,2026-08-31 21:33:00
pay_b12bc84407ce,ORD-2026-00630,11760.63,235.21,11525.42,captured,2026-08-12 09:47:00
pay_b21ee2a780ed,ORD-2026-00631,13518.48,0.0,0.0,failed,2026-08-29 08:49:00
pay_c010d01e6faf,ORD-2026-00632,1145.31,22.91,1122.4,captured,2026-08-14 09:33:00
pay_8c6304e7a05a,ORD-2026-00633,1020.5,20.41,1000.09,captured,2026-08-15 17:23:00
pay_5978b35b364f,ORD-2026-00634,1722.99,34.46,1688.53,captured,2026-08-06 16:49:00
pay_80887a8fd003,ORD-2026-00635,851.76,17.04,834.72,captured,2026-08-25 00:00:00
pay_76de1609ae7a,ORD-2026-00636,5868.1,117.36,5750.74,captured,2026-08-02 17:23:00
pay_c0fd996c41ca,ORD-2026-00637,12086.11,241.72,11844.39,captured,2026-08-30 04:35:00
pay_66f98eae205d,ORD-2026-00638,13754.65,275.09,13479.56,captured,2026-08-11 09:26:00
pay_9d5745c489cb,ORD-2026-00639,5717.56,114.35,5603.21,captured,2026-08-27 13:36:00
pay_08cbd14781fc,ORD-2026-00640,14320.38,286.41,14033.97,captured,2026-08-08 21:02:00
pay_c39c79549bc2,ORD-2026-00641,12703.73,254.07,12449.66,captured,2026-08-28 10:49:00
pay_cd3874e1723a,ORD-2026-00642,5660.01,113.2,5546.81,captured,2026-08-19 02:00:00
pay_b93d6bd45f16,ORD-2026-00643,9416.22,188.32,9227.9,captured,2026-08-26 15:47:00
pay_b0f3fec8bc5e,ORD-2026-00644,11683.11,233.66,11449.45,captured,2026-08-20 02:49:00
pay_53ef67ee510a,ORD-2026-00645,3648.37,72.97,3575.4,captured,2026-08-01 22:01:00
pay_e3153e71b0c5,ORD-2026-00646,342.0,6.84,335.16,captured,2026-08-27 23:56:00
pay_616b08edd020,ORD-2026-00647,12765.29,255.31,12509.98,captured,2026-08-26 00:24:00
pay_19d90a9266c5,ORD-2026-00648,6413.27,128.27,6285.0,captured,2026-08-07 21:15:00
pay_4aa076ce6924,ORD-2026-00649,849.72,16.99,832.73,captured,2026-08-23 18:05:00
pay_feda550963a1,ORD-2026-00650,13454.55,269.09,13185.46,captured,2026-08-17 15:44:00
pay_93335a0fa9d8,ORD-2026-00651,7680.33,153.61,7526.72,captured,2026-08-03 21:06:00
pay_de7278f5e77e,ORD-2026-00652,6637.75,232.32,6405.43,captured,2026-08-19 21:03:00
pay_a9312665393b,ORD-2026-00653,4862.13,97.24,4764.89,captured,2026-08-10 10:54:00
pay_da465982817f,ORD-2026-00654,4907.25,98.14,4809.11,captured,2026-08-28 10:20:00
pay_de43f545a7a2,ORD-2026-00655,11743.07,234.86,11508.21,captured,2026-08-03 18:08:00
pay_c1ee4cea4453,ORD-2026-00656,7097.62,141.95,6955.67,captured,2026-08-04 08:28:00
pay_2b989c7f78ff,ORD-2026-00657,3273.02,65.46,3207.56,captured,2026-08-18 15:49:00
pay_c587970c614e,ORD-2026-00658,2532.71,50.65,2482.06,captured,2026-08-09 08:05:00
pay_0fa359a1c2bc,ORD-2026-00659,796.88,15.94,780.94,captured,2026-08-24 08:38:00
pay_2fe5011a6e12,ORD-2026-00660,14532.32,290.65,14241.67,captured,2026-08-04 09:15:00
pay_2a0cc993d4f1,ORD-2026-00661,4050.47,81.01,3969.46,captured,2026-08-03 07:19:00
pay_46f3630b35ba,ORD-2026-00662,6892.58,137.85,6754.73,captured,2026-09-01 00:54:00
pay_02d53c1f8117,ORD-2026-00663,11948.38,238.97,11709.41,captured,2026-08-15 08:51:00
pay_1743e4cbaa50,ORD-2026-00664,3132.37,62.65,3069.72,captured,2026-08-02 19:08:00
pay_68d2cee47dfe,ORD-2026-00665,1443.78,28.88,1414.9,captured,2026-08-23 01:41:00
pay_c7ccf2f080eb,ORD-2026-00666,3126.7,62.53,3064.17,captured,2026-08-03 09:04:00
pay_984370be0d6d,ORD-2026-00667,12739.68,254.79,12484.89,captured,2026-08-05 12:57:00
pay_41f73a0823d3,ORD-2026-00668,2686.24,53.72,2632.52,captured,2026-08-02 15:03:00
pay_8dec4e7f3710,ORD-2026-00669,636.34,12.73,623.61,captured,2026-08-24 13:31:00
pay_163655d2221d,ORD-2026-00670,2969.84,59.4,2910.44,captured,2026-08-12 08:58:00
pay_3cef39ae3251,ORD-2026-00671,9288.78,185.78,9103.0,captured,2026-08-29 13:02:00
pay_3e8f11e750db,ORD-2026-00672,13265.12,265.3,12999.82,captured,2026-08-10 23:26:00
pay_4a41fa3c8b19,ORD-2026-00673,2231.09,44.62,2186.47,captured,2026-08-03 16:24:00
pay_331914c4d807,ORD-2026-00674,9535.16,190.7,9344.46,captured,2026-08-29 22:15:00
pay_f69ba39451a5,ORD-2026-00675,7299.33,255.48,7043.85,captured,2026-08-27 02:22:00
pay_1c805a9c260f,ORD-2026-00676,4959.75,99.2,4860.55,captured,2026-08-31 01:32:00
pay_07ab8f1b6b11,ORD-2026-00677,3441.5,68.83,3372.67,captured,2026-08-01 20:38:00
pay_be8a24943b03,ORD-2026-00679,3769.06,75.38,3693.68,captured,2026-08-04 19:42:00
pay_25605f4dad42,ORD-2026-00680,12728.28,254.57,12473.71,captured,2026-08-31 10:36:00
pay_49e51c82f819,ORD-2026-00681,3700.96,74.02,3626.94,captured,2026-08-30 07:11:00
pay_29ede305c0e1,ORD-2026-00682,13726.9,274.54,13452.36,captured,2026-08-25 06:22:00
pay_84be84266b7e,ORD-2026-00683,8541.38,170.83,8370.55,captured,2026-08-23 15:36:00
pay_f4e210575877,ORD-2026-00684,4773.99,95.48,4678.51,captured,2026-08-26 19:34:00
pay_9a0994853180,ORD-2026-00685,9104.61,182.09,8922.52,captured,2026-08-03 04:14:00
pay_07605fee6d06,ORD-2026-00686,13784.86,275.7,13509.16,captured,2026-08-16 08:21:00
pay_78d95943810f,ORD-2026-00687,2826.41,56.53,2769.88,captured,2026-08-05 17:45:00
pay_1973ea3b55b7,ORD-2026-00688,10629.51,212.59,10416.92,captured,2026-08-01 12:37:00
pay_3422f0b0c5ff,ORD-2026-00689,5600.37,112.01,5488.36,captured,2026-08-04 19:55:00
pay_bb9787fe03e4,ORD-2026-00690,8873.05,177.46,8695.59,captured,2026-08-24 03:25:00
pay_f0bb54b96c54,ORD-2026-00691,11038.81,220.78,10818.03,captured,2026-08-11 11:10:00
pay_209f321ba0f7,ORD-2026-00692,4895.79,97.92,4797.87,captured,2026-08-22 02:41:00
pay_02169507b703,ORD-2026-00693,2795.2,55.9,2739.3,captured,2026-08-23 04:52:00
pay_4af6f08ae892,ORD-2026-00694,2830.08,56.6,2773.48,captured,2026-08-23 18:08:00
pay_dde9b5b95738,ORD-2026-00695,12791.2,255.82,12535.38,captured,2026-08-31 20:25:00
pay_dbe51131578f,ORD-2026-00696,12170.34,243.41,11926.93,captured,2026-08-20 14:58:00
pay_69a3ad95e95e,ORD-2026-00697,7543.54,150.87,7392.67,captured,2026-08-19 06:59:00
pay_180d31b64d24,ORD-2026-00698,14739.22,294.78,14444.44,captured,2026-08-03 15:22:00
pay_19791d8bfb60,ORD-2026-00699,10692.69,213.85,10478.84,captured,2026-08-29 05:52:00
pay_ea7ebce201c6,ORD-2026-00700,3893.2,77.86,3815.34,captured,2026-08-01 10:13:00
pay_b92136b326d4,ORD-2026-00701,218.96,4.38,214.58,captured,2026-08-09 10:46:00
pay_a0ad8e1753e2,ORD-2026-00702,13291.37,0.0,0.0,failed,2026-08-24 19:10:00
pay_9ef41b637681,ORD-2026-00703,1701.14,34.02,1667.12,captured,2026-08-12 18:24:00
pay_874b99d4e0ff,ORD-2026-00704,11422.0,228.44,11193.56,captured,2026-08-28 19:41:00
pay_41c0dc5738d9,ORD-2026-00705,12717.28,254.35,12462.93,captured,2026-08-15 12:51:00
pay_f2cf88df87db,ORD-2026-00706,1298.17,25.96,1272.21,captured,2026-08-11 16:06:00
pay_c96d6c9eebd5,ORD-2026-00707,8296.28,165.93,8130.35,captured,2026-08-07 01:04:00
pay_d28eaa4081da,ORD-2026-00708,7344.5,146.89,7197.61,captured,2026-08-21 02:57:00
pay_5f896f417abf,ORD-2026-00709,9188.3,321.59,8866.71,captured,2026-09-01 08:10:00
pay_b535be94bdae,ORD-2026-00710,3242.15,64.84,3177.31,captured,2026-08-02 15:21:00
pay_de70d40289b1,ORD-2026-00711,13898.49,277.97,13620.52,captured,2026-08-23 18:46:00
pay_19ce7f188ea7,ORD-2026-00712,1619.56,32.39,1587.17,captured,2026-08-10 19:15:00
pay_d51609364544,ORD-2026-00713,1006.67,20.13,986.54,captured,2026-08-18 20:09:00
pay_80689f3b937c,ORD-2026-00714,9997.9,199.96,9797.94,captured,2026-08-03 14:52:00
pay_65e86e007f43,ORD-2026-00715,2728.32,0.0,0.0,failed,2026-08-04 06:13:00
pay_51c81bc90533,ORD-2026-00716,11816.17,236.32,11579.85,captured,2026-08-16 15:19:00
pay_4e28c8c246c0,ORD-2026-00717,1548.83,30.98,1517.85,captured,2026-08-29 23:16:00
pay_5eaae5d5c97a,ORD-2026-00718,2961.43,59.23,2902.2,captured,2026-08-12 20:23:00
pay_fd8bb16f070e,ORD-2026-00719,3548.39,70.97,3477.42,captured,2026-08-16 02:16:00
pay_c512d69c59d5,ORD-2026-00720,10507.77,210.16,10297.61,captured,2026-08-02 16:48:00
pay_af8218f7ca0b,ORD-2026-00721,8213.45,287.47,7925.98,captured,2026-08-22 17:51:00
pay_1b0e00360157,ORD-2026-00722,7934.22,158.68,7775.54,captured,2026-08-02 23:52:00
pay_f0642f350353,ORD-2026-00723,4623.01,92.46,4530.55,captured,2026-08-29 19:30:00
pay_03582f0eb1b6,ORD-2026-00724,8654.06,173.08,8480.98,captured,2026-08-23 08:32:00
pay_03ba5de60747,ORD-2026-00725,14246.11,284.92,13961.19,captured,2026-09-01 02:11:00
pay_b16a55d705e7,ORD-2026-00726,831.6,16.63,814.97,captured,2026-08-26 13:08:00
pay_640e04d8363e,ORD-2026-00727,9482.95,189.66,9293.29,captured,2026-08-14 11:52:00
pay_ee88602ee91a,ORD-2026-00728,12148.69,242.97,11905.72,captured,2026-08-31 11:58:00
pay_e8cabed651f1,ORD-2026-00729,5026.68,100.53,4926.15,captured,2026-08-18 19:35:00
pay_3a250aee9824,ORD-2026-00730,10566.1,211.32,10354.78,captured,2026-08-15 09:50:00
pay_5d1d5a549b64,ORD-2026-00731,8585.59,171.71,8413.88,captured,2026-08-14 15:09:00
pay_090a13ef6bee,ORD-2026-00732,4434.17,0.0,0.0,failed,2026-08-19 07:50:00
pay_eb15e6a54c67,ORD-2026-00734,2329.02,46.58,2282.44,captured,2026-08-06 18:25:00
pay_383ce7e2f2c7,ORD-2026-00735,3716.17,74.32,3641.85,captured,2026-08-13 14:44:00
pay_d5dee42dfe1f,ORD-2026-00737,10503.51,210.07,10293.44,captured,2026-08-10 03:54:00
pay_8850ad8c0e09,ORD-2026-00738,14618.45,292.37,14326.08,captured,2026-08-08 14:19:00
pay_0ebf312a9fb9,ORD-2026-00739,10986.23,219.72,10766.51,captured,2026-08-27 11:17:00
pay_bfd4b76dced0,ORD-2026-00740,12394.75,247.9,12146.85,captured,2026-08-15 09:58:00
pay_044bd63415f8,ORD-2026-00741,1031.85,20.64,1011.21,captured,2026-08-17 23:52:00
pay_c9d45309772d,ORD-2026-00742,6170.1,123.4,6046.7,captured,2026-08-11 09:32:00
pay_f85de69a49d7,ORD-2026-00743,1052.89,21.06,1031.83,captured,2026-08-07 15:53:00
pay_d7badaf5a708,ORD-2026-00744,3146.82,62.94,3083.88,captured,2026-08-02 20:45:00
pay_0be6e6fab0ea,ORD-2026-00745,9604.07,192.08,9411.99,captured,2026-08-16 03:25:00
pay_52f6909af578,ORD-2026-00746,7434.04,148.68,7285.36,captured,2026-08-01 17:23:00
pay_4521a466b081,ORD-2026-00747,8359.74,167.19,8192.55,captured,2026-08-31 16:37:00
pay_7b4fc0b346aa,ORD-2026-00748,12496.88,249.94,12246.94,captured,2026-08-27 12:47:00
pay_30e696201844,ORD-2026-00749,2611.03,52.22,2558.81,captured,2026-08-01 14:03:00
pay_e8e9f0fa3882,ORD-2026-00750,10229.89,204.6,10025.29,captured,2026-08-09 06:14:00
pay_3b746c7ec3e3,ORD-2026-00751,12996.52,259.93,12736.59,captured,2026-08-15 04:01:00
pay_ba3a4e8e2350,ORD-2026-00752,2763.37,55.27,2708.1,captured,2026-08-30 08:41:00
pay_7b28c6f896b1,ORD-2026-00753,14156.47,283.13,13873.34,captured,2026-08-10 01:51:00
pay_6b6d948a0cdc,ORD-2026-00754,5360.9,107.22,5253.68,captured,2026-08-29 23:54:00
pay_05eddb5fb03e,ORD-2026-00755,7905.44,158.11,7747.33,captured,2026-08-15 16:43:00
pay_0b90fb589f38,ORD-2026-00756,14991.55,299.83,14691.72,captured,2026-08-04 05:32:00
pay_1f258316192b,ORD-2026-00757,4383.62,87.67,4295.95,captured,2026-08-21 22:38:00
pay_69ba9388a414,ORD-2026-00758,9680.8,0.0,0.0,failed,2026-08-03 16:17:00
pay_cf65b73753df,ORD-2026-00759,9841.7,196.83,9644.87,captured,2026-08-22 00:57:00
pay_cc171c8d7fb8,ORD-2026-00760,1040.27,20.81,1019.46,captured,2026-08-17 14:57:00
pay_eb9abef7f921,ORD-2026-00761,10874.99,217.5,10657.49,captured,2026-08-12 07:08:00
pay_8edc14ead90c,ORD-2026-00762,5946.47,118.93,5827.54,captured,2026-08-10 01:25:00
pay_ea560ad81962,ORD-2026-00763,3010.74,60.21,2950.53,captured,2026-08-23 21:52:00
pay_03040ffe39e3,ORD-2026-00764,7240.88,144.82,7096.06,captured,2026-08-19 02:50:00
pay_25d3fb4bdf70,ORD-2026-00766,11165.6,223.31,10942.29,captured,2026-08-05 00:08:00
pay_352763f4067a,ORD-2026-00767,1521.64,30.43,1491.21,captured,2026-08-29 16:41:00
pay_9cf81c422066,ORD-2026-00768,11863.74,237.27,11626.47,captured,2026-08-24 21:26:00
pay_6303ab1e50e2,ORD-2026-00769,7063.66,141.27,6922.39,captured,2026-08-09 19:18:00
pay_b4d8daeeb18a,ORD-2026-00770,8788.63,175.77,8612.86,captured,2026-08-03 06:37:00
pay_73edb9f75f86,ORD-2026-00771,1973.28,39.47,1933.81,captured,2026-08-29 14:32:00
pay_a891a6a29ed3,ORD-2026-00772,13088.57,261.77,12826.8,captured,2026-08-10 19:03:00
pay_65177e1f0a6c,ORD-2026-00773,14810.44,296.21,14514.23,captured,2026-08-07 22:26:00
pay_c2503a0dea9e,ORD-2026-00774,11728.33,0.0,0.0,failed,2026-08-11 23:11:00
pay_3d02c9741563,ORD-2026-00775,9590.58,191.81,9398.77,captured,2026-08-21 13:20:00
pay_4a7a419f1117,ORD-2026-00776,11648.43,232.97,11415.46,captured,2026-08-09 11:48:00
pay_ed30323ceb05,ORD-2026-00777,9294.3,187.67,9106.63,captured,2026-08-26 12:08:00
pay_d7f46ddcc14a,ORD-2026-00778,269.1,9.42,259.68,captured,2026-08-14 23:24:00
pay_5a8368df3053,ORD-2026-00779,4968.75,99.38,4869.37,captured,2026-08-12 12:57:00
pay_0cd776a45cbc,ORD-2026-00780,11057.33,221.15,10836.18,captured,2026-08-22 09:40:00
pay_2c83cf32aae5,ORD-2026-00781,2108.18,42.16,2066.02,captured,2026-08-29 13:19:00
pay_d782c6f635aa,ORD-2026-00782,1166.25,23.32,1142.93,captured,2026-08-19 11:10:00
pay_7c3a098357db,ORD-2026-00783,10971.91,219.44,10752.47,captured,2026-08-31 12:29:00
pay_396623410257,ORD-2026-00784,5272.45,105.45,5167.0,captured,2026-08-29 23:08:00
pay_926ce4a80368,ORD-2026-00785,14231.65,284.63,13947.02,captured,2026-08-25 18:10:00
pay_b93f4bb57802,ORD-2026-00786,14776.22,295.52,14480.7,captured,2026-08-08 12:46:00
pay_e66464060919,ORD-2026-00787,2700.97,54.02,2646.95,captured,2026-08-01 23:32:00
pay_16f6581cfc25,ORD-2026-00788,13172.85,263.46,12909.39,captured,2026-08-21 04:24:00
pay_0f27051a28f0,ORD-2026-00789,8990.08,179.8,8810.28,captured,2026-08-19 05:03:00
pay_c950a96e5c73,ORD-2026-00790,492.18,9.84,482.34,captured,2026-08-04 23:53:00
pay_9b83a335e86b,ORD-2026-00791,8299.78,166.0,8133.78,captured,2026-08-15 23:07:00
pay_5ab0b1812a41,ORD-2026-00792,10348.95,206.98,10141.97,captured,2026-08-05 09:44:00
pay_2a8a7642b926,ORD-2026-00793,10004.75,200.09,9804.66,captured,2026-08-15 01:06:00
pay_9f5db524c3eb,ORD-2026-00795,4384.06,87.68,4296.38,captured,2026-08-25 00:07:00
pay_9894317a9987,ORD-2026-00796,11713.79,234.28,11479.51,captured,2026-08-08 04:12:00
pay_cbf14bc55c07,ORD-2026-00797,2573.53,51.47,2522.06,captured,2026-08-23 19:18:00
pay_1587491361cb,ORD-2026-00798,3670.68,73.41,3597.27,captured,2026-08-24 00:21:00
pay_59021088d275,ORD-2026-00799,8697.46,173.95,8523.51,captured,2026-08-03 06:53:00
pay_c470f5dbaf28,ORD-2026-00800,7773.24,155.46,7617.78,captured,2026-08-31 09:49:00
pay_bd281ee83b04,ORD-2026-00802,12235.04,244.7,11990.34,captured,2026-08-15 05:06:00
pay_e45907b23220,ORD-2026-00803,10216.14,204.32,10011.82,captured,2026-08-10 13:51:00
pay_291a8bb9ef59,ORD-2026-00804,11421.42,228.43,11192.99,captured,2026-08-04 14:54:00
pay_d574ca77ec9a,ORD-2026-00805,9778.54,195.57,9582.97,captured,2026-08-28 13:42:00
pay_575749711afb,ORD-2026-00806,4170.98,83.42,4087.56,captured,2026-08-29 15:39:00
pay_f56e85071918,ORD-2026-00807,1884.71,37.69,1847.02,captured,2026-08-27 12:11:00
pay_1f67a9e34ee9,ORD-2026-00808,12789.94,255.8,12534.14,captured,2026-08-09 21:44:00
pay_2d689402efd8,ORD-2026-00809,2161.17,43.22,2117.95,captured,2026-08-29 15:07:00
pay_dc12b404623d,ORD-2026-00810,13686.16,273.72,13412.44,captured,2026-08-06 06:26:00
pay_9ea475c4fc4a,ORD-2026-00811,2882.66,57.65,2825.01,captured,2026-08-20 09:28:00
pay_3d88a2f83fcb,ORD-2026-00812,12966.12,259.32,12706.8,captured,2026-08-13 00:01:00
pay_9b4cb9eda5e1,ORD-2026-00813,13336.39,266.73,13069.66,captured,2026-08-30 17:07:00
pay_46ee02c66b33,ORD-2026-00814,4850.72,97.01,4753.71,captured,2026-08-03 12:41:00
pay_c70a3682843c,ORD-2026-00815,7941.93,158.84,7783.09,captured,2026-08-28 18:33:00
pay_f7fda0060c57,ORD-2026-00816,7332.56,146.65,7185.91,captured,2026-08-23 10:15:00
pay_0da1f3f0753f,ORD-2026-00817,14819.32,296.39,14522.93,captured,2026-08-28 01:57:00
pay_8fa4aa73cc25,ORD-2026-00818,12762.91,255.26,12507.65,captured,2026-08-21 13:32:00
pay_f0e21992dd32,ORD-2026-00819,7476.39,0.0,0.0,failed,2026-08-06 09:48:00
pay_802baee1e853,ORD-2026-00820,3496.06,69.92,3426.14,captured,2026-08-09 12:32:00
pay_790890c76a18,ORD-2026-00821,6994.6,139.89,6854.71,captured,2026-08-27 15:05:00
pay_543d1c65d3c8,ORD-2026-00822,4877.71,97.55,4780.16,captured,2026-08-28 20:28:00
pay_977f7465be0f,ORD-2026-00823,6170.91,123.42,6047.49,captured,2026-08-21 09:06:00
pay_97e6d58ef8a7,ORD-2026-00824,1545.25,30.91,1514.34,captured,2026-08-18 09:52:00
pay_9fb41cf5f6a4,ORD-2026-00825,10137.82,202.76,9935.06,captured,2026-08-18 11:41:00
pay_bfdf2f4a809b,ORD-2026-00826,3499.19,69.98,3429.21,captured,2026-08-27 04:52:00
pay_71d805271dad,ORD-2026-00827,7202.38,144.05,7058.33,captured,2026-08-19 03:38:00
pay_f9bb3f9207dd,ORD-2026-00828,11437.94,228.76,11209.18,captured,2026-08-15 14:06:00
pay_bc2061c591f7,ORD-2026-00829,9578.19,191.56,9386.63,captured,2026-08-11 22:53:00
pay_f1afe7639b21,ORD-2026-00830,1773.57,35.47,1738.1,captured,2026-08-17 13:44:00
pay_ee79badcf5fb,ORD-2026-00831,10879.07,217.58,10661.49,captured,2026-08-06 04:47:00
pay_ce55e711c6d4,ORD-2026-00832,1987.04,39.74,1947.3,captured,2026-08-20 16:12:00
pay_47c327beeedf,ORD-2026-00833,5201.42,104.03,5097.39,captured,2026-08-15 10:45:00
pay_96330e538281,ORD-2026-00834,10147.7,202.95,9944.75,captured,2026-08-31 06:53:00
pay_b2afc0c9533b,ORD-2026-00835,9945.16,198.9,9746.26,captured,2026-08-29 22:29:00
pay_17871a0ea762,ORD-2026-00836,918.86,18.38,900.48,captured,2026-08-01 21:47:00
pay_355242902771,ORD-2026-00837,7723.33,154.47,7568.86,captured,2026-08-19 20:59:00
pay_93e7d3a55a32,ORD-2026-00838,12265.61,245.31,12020.3,captured,2026-08-19 17:46:00
pay_7d71536c9be3,ORD-2026-00839,13263.9,265.28,12998.62,captured,2026-08-23 02:38:00
pay_66201a0a8608,ORD-2026-00841,2173.9,43.48,2130.42,captured,2026-08-11 01:51:00
pay_048064b17c68,ORD-2026-00842,4623.91,92.48,4531.43,captured,2026-08-24 00:32:00
pay_404ee3e24120,ORD-2026-00843,3416.67,68.33,3348.34,captured,2026-08-24 22:40:00
pay_39a5a5e2cec5,ORD-2026-00844,5310.34,106.21,5204.13,captured,2026-08-23 16:43:00
pay_07c1d3957549,ORD-2026-00845,8228.87,164.58,8064.29,captured,2026-08-21 09:32:00
pay_dcb2bd00529b,ORD-2026-00846,7309.47,146.19,7163.28,captured,2026-08-04 13:35:00
pay_86f01533507f,ORD-2026-00847,13186.66,263.73,12922.93,captured,2026-08-25 05:18:00
pay_f1df34fde760,ORD-2026-00848,574.03,11.48,562.55,captured,2026-08-02 03:06:00
pay_3c267f2d57fd,ORD-2026-00849,4151.28,83.03,4068.25,captured,2026-08-22 05:12:00
pay_0717f9b73c85,ORD-2026-00850,12622.85,252.46,12370.39,captured,2026-08-22 10:09:00
pay_277796b67032,ORD-2026-00851,5508.5,110.17,5398.33,captured,2026-08-26 01:02:00
pay_0de948fabbc7,ORD-2026-00852,8515.9,170.32,8345.58,captured,2026-08-21 09:47:00
pay_de68070e2c1b,ORD-2026-00853,3716.41,74.33,3642.08,captured,2026-08-21 20:24:00
pay_d46d554e42d4,ORD-2026-00854,5847.42,116.95,5730.47,captured,2026-08-22 10:59:00
pay_dcb8d72a5c81,ORD-2026-00855,996.27,19.93,976.34,captured,2026-08-22 21:35:00
pay_88b31a7e6d71,ORD-2026-00856,3538.12,70.76,3467.36,captured,2026-08-20 15:53:00
pay_7be4b72828c8,ORD-2026-00857,9130.13,182.6,8947.53,captured,2026-08-20 05:47:00
pay_1005cb59324c,ORD-2026-00858,1302.14,26.04,1276.1,captured,2026-08-15 13:43:00
pay_2eac20a55d03,ORD-2026-00859,801.39,16.03,785.36,captured,2026-08-17 07:24:00
pay_4c8dccfa90c3,ORD-2026-00860,8842.99,176.86,8666.13,captured,2026-08-09 16:10:00
pay_50b4a6cf79eb,ORD-2026-00861,14074.92,281.5,13793.42,captured,2026-08-11 17:45:00
pay_66ee4dddf974,ORD-2026-00862,952.66,19.05,933.61,captured,2026-08-30 18:38:00
pay_850c9ecd7304,ORD-2026-00863,5499.67,109.99,5389.68,captured,2026-08-27 03:35:00
pay_0d7115070b86,ORD-2026-00864,1209.01,24.18,1184.83,captured,2026-08-08 14:33:00
pay_3be0e57d26d1,ORD-2026-00865,1560.79,31.22,1529.57,captured,2026-08-18 22:25:00
pay_4c4a1d7ae25b,ORD-2026-00866,5539.81,110.8,5429.01,captured,2026-08-22 20:21:00
pay_a923d44e38eb,ORD-2026-00867,14950.14,299.0,14651.14,captured,2026-08-20 19:30:00
pay_4c10f7467f78,ORD-2026-00868,3757.15,75.14,3682.01,captured,2026-08-22 19:28:00
pay_34e3bf1741ef,ORD-2026-00869,13755.8,275.12,13480.68,captured,2026-08-22 21:24:00
pay_a83913acd060,ORD-2026-00870,4385.87,87.72,4298.15,captured,2026-08-10 05:46:00
pay_625b4f254c13,ORD-2026-00871,7404.71,148.09,7256.62,captured,2026-08-27 02:28:00
pay_c051c1df38cd,ORD-2026-00872,1418.71,28.37,1390.34,captured,2026-08-07 17:32:00
pay_14cc48251244,ORD-2026-00873,308.49,6.17,302.32,captured,2026-09-01 03:34:00
pay_2dceefa656c8,ORD-2026-00874,3354.99,0.0,0.0,failed,2026-08-23 00:49:00
pay_39f0be31fd57,ORD-2026-00875,12465.48,249.31,12216.17,captured,2026-08-04 16:34:00
pay_c5ec0e58e278,ORD-2026-00876,10353.44,207.07,10146.37,captured,2026-08-27 13:47:00
pay_dcbc3da2dcff,ORD-2026-00877,1495.31,29.91,1465.4,captured,2026-08-23 22:02:00
pay_bb064cf8b579,ORD-2026-00878,1242.54,24.85,1217.69,captured,2026-08-26 12:35:00
pay_7405eb4a7eff,ORD-2026-00879,9527.22,190.54,9336.68,captured,2026-08-14 13:28:00
pay_01a52d6d9d8e,ORD-2026-00880,1950.93,39.02,1911.91,captured,2026-08-01 18:43:00
pay_e1dd7d118a16,ORD-2026-00881,11388.22,227.76,11160.46,captured,2026-08-24 23:04:00
pay_4a21848809eb,ORD-2026-00882,13935.11,278.7,13656.41,captured,2026-08-28 06:22:00
pay_29603a511f0b,ORD-2026-00883,9177.17,183.54,8993.63,captured,2026-08-27 05:19:00
pay_39e25660bdf4,ORD-2026-00884,6047.68,211.67,5836.01,captured,2026-08-31 02:24:00
pay_9bf1dc12d73f,ORD-2026-00885,2218.45,77.65,2140.8,captured,2026-08-07 01:14:00
pay_72f7b0fa930a,ORD-2026-00886,14409.99,288.2,14121.79,captured,2026-08-26 19:18:00
pay_3d94840cc4b5,ORD-2026-00887,5722.33,114.45,5607.88,captured,2026-08-23 11:41:00
pay_e95ac09f93ff,ORD-2026-00888,2023.88,40.48,1983.4,captured,2026-08-29 01:09:00
pay_6d16a30fcecc,ORD-2026-00889,8303.38,166.07,8137.31,captured,2026-08-20 19:34:00
pay_07fda21cebea,ORD-2026-00890,13572.49,271.45,13301.04,captured,2026-08-08 05:47:00
pay_97d30e05247d,ORD-2026-00891,7785.78,155.72,7630.06,captured,2026-08-14 21:54:00
pay_fe0bb456570b,ORD-2026-00893,1004.95,20.1,984.85,captured,2026-08-23 00:54:00
pay_325d1c2a8d63,ORD-2026-00894,10140.94,202.82,9938.12,captured,2026-08-18 13:18:00
pay_e0034d02074e,ORD-2026-00895,7410.42,148.21,7262.21,captured,2026-08-08 10:37:00
pay_3deda94ba39e,ORD-2026-00896,3671.09,128.49,3542.6,captured,2026-08-06 02:41:00
pay_35461344a5ca,ORD-2026-00897,7390.75,258.68,7132.07,captured,2026-08-03 10:20:00
pay_84b7a4b8d478,ORD-2026-00898,8845.72,0.0,0.0,failed,2026-08-22 18:44:00
pay_aeddf1c242da,ORD-2026-00899,271.51,5.43,266.08,captured,2026-08-11 14:10:00
pay_11ae9346164a,ORD-2026-00900,9684.41,193.69,9490.72,captured,2026-08-09 03:47:00
pay_e991aac4a9ef,ORD-2026-00901,11048.0,220.96,10827.04,captured,2026-08-12 07:43:00
pay_303468d14688,ORD-2026-00902,4720.98,94.42,4626.56,captured,2026-08-15 22:49:00
pay_d88f12d2a475,ORD-2026-00903,12658.54,253.17,12405.37,captured,2026-08-21 22:05:00
pay_87db7cdfd271,ORD-2026-00905,7706.24,154.12,7552.12,captured,2026-08-03 05:54:00
pay_cd75c5f98805,ORD-2026-00906,11584.16,405.45,11178.71,captured,2026-08-19 19:25:00
pay_62dfbcdc91c7,ORD-2026-00907,13430.99,268.62,13162.37,captured,2026-08-18 15:34:00
pay_44e65e2b8d49,ORD-2026-00908,6008.98,120.18,5888.8,captured,2026-08-25 13:23:00
pay_bfe855e300ef,ORD-2026-00909,1540.2,30.8,1509.4,captured,2026-08-15 20:32:00
pay_305ba4e32726,ORD-2026-00910,12750.13,255.0,12495.13,captured,2026-08-02 05:15:00
pay_986c4990b11c,ORD-2026-00911,2556.49,51.13,2505.36,captured,2026-08-17 12:28:00
pay_b46adb6eabfb,ORD-2026-00912,798.21,15.96,782.25,captured,2026-08-24 20:22:00
pay_bf95a83889ae,ORD-2026-00913,3663.48,73.27,3590.21,captured,2026-08-03 14:23:00
pay_8af26cb2ee96,ORD-2026-00914,7151.18,143.02,7008.16,captured,2026-08-30 23:24:00
pay_af2549aaa371,ORD-2026-00915,1727.73,34.55,1693.18,captured,2026-08-03 06:20:00
pay_ef57807e3722,ORD-2026-00916,8256.38,165.13,8091.25,captured,2026-08-24 11:37:00
pay_3c9d34824188,ORD-2026-00917,8897.65,177.95,8719.7,captured,2026-08-21 19:23:00
pay_4ea3ae625b9c,ORD-2026-00918,3498.91,69.98,3428.93,captured,2026-08-09 17:58:00
pay_043c327df084,ORD-2026-00919,11931.33,238.63,11692.7,captured,2026-08-27 19:31:00
pay_585fdb87124a,ORD-2026-00920,2650.97,53.02,2597.95,captured,2026-08-29 09:28:00
pay_97a5147f20ca,ORD-2026-00921,2423.56,48.47,2375.09,captured,2026-08-21 19:13:00
pay_e49f4ad74a51,ORD-2026-00922,1951.29,39.03,1912.26,captured,2026-08-21 10:52:00
pay_4e4c02b54ada,ORD-2026-00923,1877.41,65.71,1811.7,captured,2026-08-26 14:46:00
pay_34ccbf9e3794,ORD-2026-00924,9779.44,0.0,0.0,failed,2026-08-08 05:10:00
pay_fe8c777cc531,ORD-2026-00925,8687.6,173.75,8513.85,captured,2026-08-08 07:08:00
pay_3453d463143b,ORD-2026-00927,2864.56,57.29,2807.27,captured,2026-08-06 18:59:00
pay_32e693214abd,ORD-2026-00928,13201.93,264.04,12937.89,captured,2026-08-20 01:01:00
pay_feca66c92a25,ORD-2026-00929,14893.08,297.86,14595.22,captured,2026-08-07 23:38:00
pay_56fcb2e5351a,ORD-2026-00930,2312.14,46.24,2265.9,captured,2026-08-08 18:38:00
pay_7f13bb000ceb,ORD-2026-00931,2682.28,53.65,2628.63,captured,2026-08-23 00:16:00
pay_2e0888846d29,ORD-2026-00932,3601.24,72.02,3529.22,captured,2026-08-21 03:04:00
pay_90349316ecd3,ORD-2026-00933,7936.13,158.72,7777.41,captured,2026-08-04 01:12:00
pay_f785cffb243a,ORD-2026-00934,2825.85,56.52,2769.33,captured,2026-08-06 03:06:00
pay_5a4f1a3c7ee7,ORD-2026-00935,1939.24,38.78,1900.46,captured,2026-08-18 19:48:00
pay_859f435b5a91,ORD-2026-00936,12447.32,248.95,12198.37,captured,2026-08-05 21:34:00
pay_04bc02de8851,ORD-2026-00937,842.89,16.86,826.03,captured,2026-08-14 20:55:00
pay_72be14b772b5,ORD-2026-00938,11576.34,231.53,11344.81,captured,2026-08-31 16:50:00
pay_41ebe0b939a2,ORD-2026-00939,11470.78,229.42,11241.36,captured,2026-08-27 02:58:00
pay_1e76a4ab614c,ORD-2026-00940,11534.71,403.71,11131.0,captured,2026-08-05 17:30:00
pay_8dd89609a67f,ORD-2026-00941,4015.51,80.31,3935.2,captured,2026-08-21 02:26:00
pay_f58f2b8ec883,ORD-2026-00942,7933.6,158.67,7774.93,captured,2026-08-24 11:36:00
pay_0182fa6fbede,ORD-2026-00943,12103.45,242.07,11861.38,captured,2026-08-21 18:44:00
pay_174607a27476,ORD-2026-00944,9843.32,196.87,9646.45,captured,2026-08-04 08:27:00
pay_1acd2294d39b,ORD-2026-00945,8557.12,171.14,8385.98,captured,2026-08-28 22:27:00
pay_9d99c861a988,ORD-2026-00946,8371.15,167.42,8203.73,captured,2026-08-13 14:26:00
pay_125af115cd23,ORD-2026-00947,7359.65,147.19,7212.46,captured,2026-08-12 18:35:00
pay_96b8d648144b,ORD-2026-00948,11089.58,221.79,10867.79,captured,2026-08-13 02:25:00
pay_e2b690c0042f,ORD-2026-00949,10549.81,211.0,10338.81,captured,2026-08-08 15:50:00
pay_71b1aa7b5430,ORD-2026-00950,11834.0,236.68,11597.32,captured,2026-08-07 19:25:00
pay_aefec5cedd4a,ORD-2026-00951,12104.67,242.09,11862.58,captured,2026-08-14 00:00:00
pay_0a54dc0c73ff,ORD-2026-00952,1504.48,30.09,1474.39,captured,2026-08-31 05:27:00
pay_1003ceb5a9ec,ORD-2026-00953,758.78,15.18,743.6,captured,2026-08-12 07:38:00
pay_33e728aa3493,ORD-2026-00954,4439.74,88.79,4350.95,captured,2026-08-21 06:33:00
pay_1e8e86ff7ed6,ORD-2026-00955,7516.65,150.33,7366.32,captured,2026-08-27 16:40:00
pay_39e1d5568a12,ORD-2026-00956,12097.87,241.96,11855.91,captured,2026-08-29 06:59:00
pay_39fd920f63ec,ORD-2026-00957,7834.04,156.68,7677.36,captured,2026-08-03 03:32:00
pay_07c10c5ebe9b,ORD-2026-00958,5524.15,110.48,5413.67,captured,2026-08-07 06:02:00
pay_0c0c6a9eef17,ORD-2026-00959,6111.62,122.23,5989.39,captured,2026-08-03 20:49:00
pay_47f154e72a05,ORD-2026-00960,427.42,8.55,418.87,captured,2026-08-19 13:33:00
pay_530b072c3833,ORD-2026-00961,12480.52,249.61,12230.91,captured,2026-08-18 16:46:00
pay_01034f047648,ORD-2026-00962,9174.18,183.48,8990.7,captured,2026-08-31 16:14:00
pay_7a36b1626711,ORD-2026-00963,268.84,5.38,263.46,captured,2026-08-31 00:36:00
pay_a97626460058,ORD-2026-00964,1271.31,25.43,1245.88,captured,2026-08-17 14:35:00
pay_4ec2bb75ac8f,ORD-2026-00965,7796.64,155.93,7640.71,captured,2026-08-31 04:51:00
pay_f851f67d5a58,ORD-2026-00966,10474.04,209.48,10264.56,captured,2026-08-28 06:16:00
pay_f0bd427c93af,ORD-2026-00967,5226.98,104.54,5122.44,captured,2026-08-16 13:48:00
pay_d86e2511c4ee,ORD-2026-00968,604.79,12.1,592.69,captured,2026-08-15 20:55:00
pay_6c6cce439e11,ORD-2026-00970,4872.81,97.46,4775.35,captured,2026-08-23 11:51:00
pay_a2e7e14a9a66,ORD-2026-00971,12516.22,250.32,12265.9,captured,2026-08-18 12:44:00
pay_94b367e49891,ORD-2026-00972,11282.06,225.64,11056.42,captured,2026-08-03 22:43:00
pay_b17566e02930,ORD-2026-00973,4845.32,96.91,4748.41,captured,2026-08-18 15:30:00
pay_abd658f015be,ORD-2026-00974,10309.99,206.2,10103.79,captured,2026-08-09 07:47:00
pay_dfa6b66201d8,ORD-2026-00975,11084.35,221.69,10862.66,captured,2026-08-24 12:15:00
pay_fe83bd63ae0e,ORD-2026-00976,3895.49,77.91,3817.58,captured,2026-08-08 13:53:00
pay_ac98bdf660e5,ORD-2026-00977,13818.78,276.38,13542.4,captured,2026-08-25 11:07:00
pay_e3b6b59692d2,ORD-2026-00978,12750.56,255.01,12495.55,captured,2026-08-02 00:02:00
pay_8f011ceec324,ORD-2026-00979,14783.35,295.67,14487.68,captured,2026-08-12 02:57:00
pay_dabba3cb39e4,ORD-2026-00980,6088.62,121.77,5966.85,captured,2026-08-07 03:17:00
pay_2334b98173ee,ORD-2026-00981,14106.89,282.14,13824.75,captured,2026-08-17 14:30:00
pay_bbffd30cf9d3,ORD-2026-00982,10357.81,207.16,10150.65,captured,2026-08-12 23:55:00
pay_1583d251f294,ORD-2026-00983,7009.04,140.18,6868.86,captured,2026-08-05 06:33:00
pay_ef67c0d7e285,ORD-2026-00984,8798.92,175.98,8622.94,captured,2026-08-22 17:24:00
pay_2f32e28a380e,ORD-2026-00985,8318.74,166.37,8152.37,captured,2026-08-20 17:11:00
pay_3f305cfd3f7f,ORD-2026-00986,5615.68,112.31,5503.37,captured,2026-08-16 22:21:00
pay_eeddbe01e3e4,ORD-2026-00987,11332.5,226.65,11105.85,captured,2026-08-07 23:44:00
pay_62b30c5f22d9,ORD-2026-00988,2862.36,57.25,2805.11,captured,2026-08-13 14:28:00
pay_a3fb9a54bc14,ORD-2026-00989,1678.07,33.56,1644.51,captured,2026-08-22 18:52:00
pay_9a6f7f07fd65,ORD-2026-00990,12873.37,257.47,12615.9,captured,2026-08-09 00:27:00
pay_7eca5ef7a88a,ORD-2026-00991,7200.21,144.0,7056.21,captured,2026-08-27 05:09:00
pay_89517e7344b9,ORD-2026-00992,14934.31,298.69,14635.62,captured,2026-08-14 18:08:00
pay_7aa2e8819cbf,ORD-2026-00993,8519.65,170.39,8349.26,captured,2026-08-16 18:16:00
pay_de011d8fa3e1,ORD-2026-00994,1088.54,21.77,1066.77,captured,2026-08-05 07:10:00
pay_a76ad95dfd01,ORD-2026-00995,6857.85,137.16,6720.69,captured,2026-08-27 22:06:00
pay_084c94f8bcd8,ORD-2026-00996,8450.87,169.02,8281.85,captured,2026-08-12 18:35:00
pay_6e6c3ad45c91,ORD-2026-00997,5396.14,107.92,5288.22,captured,2026-08-01 19:07:00
pay_99488234b88e,ORD-2026-00998,8168.89,163.38,8005.51,captured,2026-08-20 08:41:00
pay_b8e3b70a149f,ORD-2026-00999,7414.91,148.3,7266.61,captured,2026-08-12 07:32:00
pay_2955b1df9a76,ORD-2026-01000,7063.53,141.27,6922.26,captured,2026-08-13 20:18:00
pay_8c4b680bc830,ORD-2026-01001,13942.79,278.86,13663.93,captured,2026-08-06 21:51:00
pay_46dd88b4b22c,ORD-2026-01002,12763.73,255.27,12508.46,captured,2026-08-20 22:25:00
pay_56ba625a1d20,ORD-2026-01003,4839.53,96.79,4742.74,captured,2026-08-06 13:14:00
pay_49d3651f8928,ORD-2026-01005,8886.41,177.73,8708.68,captured,2026-08-28 19:47:00
pay_ec55f77d050e,ORD-2026-01006,541.9,10.84,531.06,captured,2026-08-06 12:54:00
pay_dd937e292170,ORD-2026-01007,11296.15,225.92,11070.23,captured,2026-08-10 09:44:00
pay_5f36dc807686,ORD-2026-01008,1144.13,22.88,1121.25,captured,2026-08-13 15:06:00
pay_43bd1a6cbfe2,ORD-2026-01009,6075.79,121.52,5954.27,captured,2026-08-02 07:49:00
pay_f5037348df71,ORD-2026-01010,1447.81,28.96,1418.85,captured,2026-08-10 01:09:00
pay_a209acc347b3,ORD-2026-01011,4405.79,88.12,4317.67,captured,2026-08-08 13:47:00
pay_82cca31cd64f,ORD-2026-01012,720.29,14.41,705.88,captured,2026-08-17 14:01:00
pay_021ac03c5799,ORD-2026-01013,7247.09,144.94,7102.15,captured,2026-08-30 19:55:00
pay_c3105de77353,ORD-2026-01014,8181.46,163.63,8017.83,captured,2026-08-15 14:44:00
pay_4307880ae5ea,ORD-2026-01015,8546.97,170.94,8376.03,captured,2026-08-25 05:56:00
pay_008e80d1d1eb,ORD-2026-01016,12109.67,242.19,11867.48,captured,2026-08-16 18:14:00
pay_8e3be9200e38,ORD-2026-01017,2504.62,50.09,2454.53,captured,2026-08-12 15:16:00
pay_9f23863179f8,ORD-2026-01018,4444.08,88.88,4355.2,captured,2026-08-17 13:22:00
pay_c660431b6607,ORD-2026-01019,7260.59,145.21,7115.38,captured,2026-08-31 03:48:00
pay_b993a0796892,ORD-2026-01020,3621.99,72.44,3549.55,captured,2026-08-14 21:38:00
pay_810ce4e8c483,ORD-2026-01021,13256.0,265.12,12990.88,captured,2026-08-12 07:26:00
pay_3b16b29a8b38,ORD-2026-01022,11109.34,222.19,10887.15,captured,2026-08-08 08:45:00
pay_ef1e17a715d7,ORD-2026-01023,1372.3,27.45,1344.85,captured,2026-08-13 16:16:00
pay_24c71f699d92,ORD-2026-01024,10470.08,209.4,10260.68,captured,2026-08-26 04:51:00
pay_e1485ca67478,ORD-2026-01025,12170.37,243.41,11926.96,captured,2026-08-22 10:34:00
pay_5ad549e34342,ORD-2026-01026,2222.04,44.44,2177.6,captured,2026-08-28 03:11:00
pay_5f1d9a2b2e8c,ORD-2026-01027,4227.59,84.55,4143.04,captured,2026-08-15 21:28:00
pay_fd19dfd9f266,ORD-2026-01028,934.55,18.69,915.86,captured,2026-08-11 12:09:00
pay_d380b2b5cde4,ORD-2026-01029,2050.58,41.01,2009.57,captured,2026-08-04 12:17:00
pay_25deb299d837,ORD-2026-01030,2430.12,48.6,2381.52,captured,2026-08-01 19:05:00
pay_ee80d187acc9,ORD-2026-01031,11828.74,236.57,11592.17,captured,2026-08-11 23:19:00
pay_9dbc61c39441,ORD-2026-01032,669.71,13.39,656.32,captured,2026-08-16 05:50:00
pay_6e952a938472,ORD-2026-01033,4144.25,82.89,4061.36,captured,2026-08-25 06:03:00
pay_d9b5d6181779,ORD-2026-01034,3044.45,60.89,2983.56,captured,2026-08-18 20:11:00
pay_8a5291288067,ORD-2026-01035,14624.06,292.48,14331.58,captured,2026-08-13 04:07:00
pay_19ed88b28c55,ORD-2026-01036,11116.76,222.34,10894.42,captured,2026-08-25 22:15:00
pay_7dd97d49f556,ORD-2026-01037,1590.61,55.67,1534.94,captured,2026-08-16 09:49:00
pay_60897fb15fe3,ORD-2026-01038,14055.99,281.12,13774.87,captured,2026-08-13 23:19:00
pay_2263e5ef590a,ORD-2026-01039,14073.83,281.48,13792.35,captured,2026-08-24 02:47:00
pay_c21da836aad2,ORD-2026-01040,3141.11,62.82,3078.29,captured,2026-08-17 06:19:00
pay_ad17186d46be,ORD-2026-01041,3692.29,73.85,3618.44,captured,2026-08-22 10:07:00
pay_88e83520b64e,ORD-2026-01042,4286.28,85.73,4200.55,captured,2026-08-01 11:50:00
pay_631c6190a3d2,ORD-2026-01043,14538.76,290.78,14247.98,captured,2026-08-26 13:00:00
pay_243c5470bd20,ORD-2026-01044,11607.8,232.16,11375.64,captured,2026-08-20 07:23:00
pay_3c81c42e323e,ORD-2026-01045,9355.94,187.12,9168.82,captured,2026-08-16 12:43:00
pay_508f14eafff2,ORD-2026-01046,10579.66,211.59,10368.07,captured,2026-08-12 22:09:00
pay_4eabb3824390,ORD-2026-01047,14728.8,294.58,14434.22,captured,2026-08-16 13:20:00
pay_dd3f73d8b01a,ORD-2026-01048,3055.89,61.12,2994.77,captured,2026-08-29 16:46:00
pay_95ff4bf089c9,ORD-2026-01049,13500.21,270.0,13230.21,captured,2026-08-24 10:16:00
pay_7972d40447e4,ORD-2026-01050,8232.46,164.65,8067.81,captured,2026-08-16 00:18:00
pay_bce3f62f80c0,ORD-2026-01051,5345.44,106.91,5238.53,captured,2026-08-19 07:34:00
pay_9647438ca129,ORD-2026-01052,12936.3,258.73,12677.57,captured,2026-08-29 03:58:00
pay_ad19dcd630c9,ORD-2026-01053,4575.96,91.52,4484.44,captured,2026-08-17 12:28:00
pay_2bcddc7144c2,ORD-2026-01054,11683.59,233.67,11449.92,captured,2026-08-13 00:00:00
pay_ed1bfe099e40,ORD-2026-01055,12881.07,257.62,12623.45,captured,2026-08-06 06:39:00
pay_3e89d0889291,ORD-2026-01056,14514.01,290.28,14223.73,captured,2026-08-24 11:42:00
pay_408049520627,ORD-2026-01057,11532.86,230.66,11302.2,captured,2026-08-18 03:31:00
pay_958b43c2ccf0,ORD-2026-01058,9685.38,193.71,9491.67,captured,2026-08-10 21:26:00
pay_0f3437c3d356,ORD-2026-01059,847.9,16.96,830.94,captured,2026-08-17 22:04:00
pay_3e4f210f95a9,ORD-2026-01060,1784.42,35.69,1748.73,captured,2026-08-28 08:12:00
pay_2e44292e9ecb,ORD-2026-01061,12577.23,251.54,12325.69,captured,2026-08-03 05:41:00
pay_b6e9abe19498,ORD-2026-01062,3987.89,139.58,3848.31,captured,2026-08-21 00:37:00
pay_577baa1b3e82,ORD-2026-01063,393.67,7.87,385.8,captured,2026-08-21 07:04:00
pay_d0e821c8553d,ORD-2026-01064,12055.1,421.93,11633.17,captured,2026-08-16 03:29:00
pay_8126e02166cf,ORD-2026-01065,6356.11,127.12,6228.99,captured,2026-08-19 08:56:00
pay_b20db27edc66,ORD-2026-01066,9330.61,186.61,9144.0,captured,2026-08-23 13:52:00
pay_203f53bae255,ORD-2026-01067,14180.13,283.6,13896.53,captured,2026-08-03 20:04:00
pay_8e5b86c3e687,ORD-2026-01068,5902.9,118.06,5784.84,captured,2026-08-24 10:34:00
pay_08b13efb1699,ORD-2026-01069,9454.81,189.1,9265.71,captured,2026-08-22 11:36:00
pay_4aa41d63a75b,ORD-2026-01070,11242.4,224.85,11017.55,captured,2026-08-24 18:26:00
pay_b24cc3f7e0ee,ORD-2026-01071,6520.71,130.41,6390.3,captured,2026-08-16 03:42:00
pay_1078ecfacbcc,ORD-2026-01073,6756.58,135.13,6621.45,captured,2026-08-06 20:38:00
pay_6b302f9e7839,ORD-2026-01074,5701.45,114.03,5587.42,captured,2026-08-18 17:54:00
pay_f5952a1fe828,ORD-2026-01075,3762.69,75.25,3687.44,captured,2026-08-24 21:38:00
pay_0d23c2f36657,ORD-2026-01076,11219.76,224.4,10995.36,captured,2026-08-26 05:59:00
pay_753793276a96,ORD-2026-01077,10949.44,218.99,10730.45,captured,2026-08-15 23:00:00
pay_dafa03ff7009,ORD-2026-01078,14902.5,298.05,14604.45,captured,2026-08-01 23:08:00
pay_45c0df9cee23,ORD-2026-01079,12864.66,257.29,12607.37,captured,2026-08-10 11:13:00
pay_f378f4cf1e1b,ORD-2026-01080,4284.17,85.68,4198.49,captured,2026-08-28 09:52:00
pay_08ed02857d7b,ORD-2026-01081,2510.39,50.21,2460.18,captured,2026-08-02 17:22:00
pay_d5c103e10a8a,ORD-2026-01082,3648.31,72.97,3575.34,captured,2026-08-29 20:15:00
pay_1b9c56377d66,ORD-2026-01083,13784.65,275.69,13508.96,captured,2026-08-19 21:36:00
pay_9f3507ad991d,ORD-2026-01084,7426.49,148.53,7277.96,captured,2026-08-12 02:11:00
pay_c7d382fe5e64,ORD-2026-01085,11015.68,220.31,10795.37,captured,2026-08-21 14:02:00
pay_5e6b89f47b38,ORD-2026-01086,11609.34,232.19,11377.15,captured,2026-08-25 03:58:00
pay_01cd411d57d0,ORD-2026-01087,13043.9,260.88,12783.02,captured,2026-08-14 15:59:00
pay_b71e8917f1e9,ORD-2026-01088,369.23,7.38,361.85,captured,2026-08-21 20:59:00
pay_68ce338ea0b4,ORD-2026-01089,4925.88,98.52,4827.36,captured,2026-08-10 23:02:00
pay_78e137f33fea,ORD-2026-01090,2467.32,49.35,2417.97,captured,2026-08-18 02:14:00
pay_bd74260fa07b,ORD-2026-01091,7669.99,153.4,7516.59,captured,2026-08-26 03:36:00
pay_3495de592df4,ORD-2026-01092,2156.4,43.13,2113.27,captured,2026-08-10 16:09:00
pay_85c00fb4017c,ORD-2026-01093,8312.66,290.94,8021.72,captured,2026-08-20 00:03:00
pay_8e12ef4f0e87,ORD-2026-01094,11652.61,233.05,11419.56,captured,2026-08-13 19:27:00
pay_ff8b781ec1a3,ORD-2026-01095,3132.01,62.64,3069.37,captured,2026-08-05 22:35:00
pay_e60780707d96,ORD-2026-01096,9316.75,186.34,9130.41,captured,2026-08-19 10:35:00
pay_c7439a7c5e2a,ORD-2026-01097,6564.97,131.3,6433.67,captured,2026-08-03 16:49:00
pay_faa5dfc721e7,ORD-2026-01099,558.26,11.17,547.09,captured,2026-08-13 00:41:00
pay_319a68b4e74f,ORD-2026-01100,14854.36,297.09,14557.27,captured,2026-08-12 20:52:00
pay_953124e2d1e9,ORD-2026-01101,13878.36,277.57,13600.79,captured,2026-08-05 15:02:00
pay_a133fdcb012b,ORD-2026-01102,11414.46,231.53,11182.93,captured,2026-08-22 17:09:00
pay_d01145ec8229,ORD-2026-01103,14244.33,284.89,13959.44,captured,2026-08-24 02:15:00
pay_b875cba80ceb,ORD-2026-01104,5280.42,105.61,5174.81,captured,2026-08-27 19:00:00
pay_be5efe90960d,ORD-2026-01105,5111.78,102.24,5009.54,captured,2026-08-16 01:01:00
pay_c613dab44d6b,ORD-2026-01106,4028.14,0.0,0.0,failed,2026-08-19 00:48:00
pay_fc7c320141e5,ORD-2026-01107,10541.58,210.83,10330.75,captured,2026-08-24 14:44:00
pay_d8374cca1368,ORD-2026-01108,843.53,16.87,826.66,captured,2026-08-20 05:33:00
pay_33fda3bf243f,ORD-2026-01109,10508.59,210.17,10298.42,captured,2026-08-10 14:50:00
pay_da123ca4364d,ORD-2026-01110,1185.65,23.71,1161.94,captured,2026-08-16 02:00:00
pay_bb2c3b64c212,ORD-2026-01111,12991.38,259.83,12731.55,captured,2026-08-29 04:23:00
pay_9f6132796ca8,ORD-2026-01112,3621.3,72.43,3548.87,captured,2026-08-28 21:24:00
pay_afcb3aa5b57a,ORD-2026-01113,4868.75,170.41,4698.34,captured,2026-08-23 10:57:00
pay_8f0e9aeb4155,ORD-2026-01114,8498.18,169.96,8328.22,captured,2026-08-07 23:29:00
pay_598956d628c4,ORD-2026-01115,5136.83,102.74,5034.09,captured,2026-08-08 23:19:00
pay_e5903be59d1d,ORD-2026-01116,10327.81,206.56,10121.25,captured,2026-08-06 08:22:00
pay_47089ac12618,ORD-2026-01117,4283.0,85.66,4197.34,captured,2026-08-10 18:32:00
pay_52014ba47907,ORD-2026-01118,14999.29,299.99,14699.3,captured,2026-08-09 16:56:00
pay_2ec6a9ec1c3b,ORD-2026-01119,2445.28,48.91,2396.37,captured,2026-08-31 20:14:00
pay_82bad11c2155,ORD-2026-01120,5856.67,117.13,5739.54,captured,2026-08-05 11:46:00
pay_fd24fc9e7ace,ORD-2026-01121,6511.68,130.23,6381.45,captured,2026-08-08 23:09:00
pay_2c48758481ec,ORD-2026-01122,2150.23,43.0,2107.23,captured,2026-08-12 01:34:00
pay_735ce8487415,ORD-2026-01123,3194.19,63.88,3130.31,captured,2026-08-19 07:51:00
pay_4aa6ee318eda,ORD-2026-01124,7952.32,159.05,7793.27,captured,2026-08-24 01:57:00
pay_af025648cc2c,ORD-2026-01125,14008.84,280.18,13728.66,captured,2026-08-30 12:41:00
pay_1881adfbe95b,ORD-2026-01127,636.35,12.73,623.62,captured,2026-08-11 16:46:00
pay_8e9f38990ed1,ORD-2026-01128,6756.47,135.13,6621.34,captured,2026-08-31 23:19:00
pay_da29d70a53c8,ORD-2026-01129,2146.88,42.94,2103.94,captured,2026-08-25 14:06:00
pay_3da69b52c067,ORD-2026-01130,9162.95,183.26,8979.69,captured,2026-08-21 03:17:00
pay_6756a1f4ca82,ORD-2026-01131,586.05,11.72,574.33,captured,2026-08-08 19:43:00
pay_a7e03c72b5e9,ORD-2026-01132,7634.4,152.69,7481.71,captured,2026-08-25 17:08:00
pay_cef7311f0faa,ORD-2026-01133,12811.52,0.0,0.0,failed,2026-08-21 12:11:00
pay_501dcfa2d7bf,ORD-2026-01134,3548.84,70.98,3477.86,captured,2026-08-05 11:12:00
pay_50b3b1e291c5,ORD-2026-01135,3493.8,69.88,3423.92,captured,2026-08-01 10:26:00
pay_a7f6ab92692f,ORD-2026-01136,13921.13,278.42,13642.71,captured,2026-08-07 10:11:00
pay_3cb65605aaa5,ORD-2026-01137,5008.46,100.17,4908.29,captured,2026-08-20 17:44:00
pay_e18dbf678c1d,ORD-2026-01138,819.03,16.38,802.65,captured,2026-08-14 15:49:00
pay_018173cae946,ORD-2026-01139,14099.26,281.99,13817.27,captured,2026-08-11 15:39:00
pay_54fcc9dcfd1a,ORD-2026-01140,12439.75,248.8,12190.95,captured,2026-08-04 19:29:00
pay_1e0dfb4df3ce,ORD-2026-01141,14760.69,295.21,14465.48,captured,2026-08-18 04:25:00
pay_033dba98e8e6,ORD-2026-01142,9533.6,190.67,9342.93,captured,2026-08-13 17:48:00
pay_7e51e4e44882,ORD-2026-01143,13289.08,265.78,13023.3,captured,2026-08-10 17:25:00
pay_910bdc5d6080,ORD-2026-01144,9274.39,185.49,9088.9,captured,2026-08-06 19:18:00
pay_7ee5d576fbd7,ORD-2026-01145,12482.42,249.65,12232.77,captured,2026-08-17 05:29:00
pay_bfa377b92c90,ORD-2026-01146,2860.62,57.21,2803.41,captured,2026-08-24 22:07:00
pay_111451f41318,ORD-2026-01147,568.7,11.37,557.33,captured,2026-08-14 13:28:00
pay_830556d6a6d8,ORD-2026-01148,3188.59,63.77,3124.82,captured,2026-08-30 00:57:00
pay_eb75f3016270,ORD-2026-01149,9798.93,195.98,9602.95,captured,2026-08-09 21:44:00
pay_4c8dfa30a1fd,ORD-2026-01150,1889.64,37.79,1851.85,captured,2026-08-24 05:05:00
pay_fc03e56e7e55,ORD-2026-01151,10667.73,213.35,10454.38,captured,2026-08-12 12:33:00
pay_94629faa46f4,ORD-2026-01152,11570.25,231.41,11338.84,captured,2026-08-18 17:02:00
pay_de12085c5f82,ORD-2026-01153,2421.33,48.43,2372.9,captured,2026-08-28 22:55:00
pay_0a3d70875050,ORD-2026-01154,6409.81,128.2,6281.61,captured,2026-08-26 02:03:00
pay_5a8394600661,ORD-2026-01155,9471.5,189.43,9282.07,captured,2026-08-25 20:18:00
pay_eab9c36e4a2b,ORD-2026-01156,9413.89,188.28,9225.61,captured,2026-08-31 14:00:00
pay_6dcee94c325d,ORD-2026-01157,7579.91,265.3,7314.61,captured,2026-08-16 01:54:00
pay_68a4061271ce,ORD-2026-01159,9098.01,181.96,8916.05,captured,2026-08-14 22:05:00
pay_ac11f1b48b00,ORD-2026-01160,9372.54,187.45,9185.09,captured,2026-08-30 05:17:00
pay_84cf4e65d33e,ORD-2026-01161,9868.5,197.37,9671.13,captured,2026-08-06 11:03:00
pay_68f70c642963,ORD-2026-01162,8755.77,175.12,8580.65,captured,2026-08-28 13:42:00
pay_b1cd9bcdad91,ORD-2026-01163,1811.54,36.23,1775.31,captured,2026-08-30 04:03:00
pay_380ae52018fc,ORD-2026-01164,9981.68,199.63,9782.05,captured,2026-08-22 20:39:00
pay_423e8b68c213,ORD-2026-01165,13985.9,279.72,13706.18,captured,2026-08-24 19:23:00
pay_0e8ade54807e,ORD-2026-01166,13483.44,269.67,13213.77,captured,2026-08-10 12:23:00
pay_87942a56b946,ORD-2026-01167,4533.92,90.68,4443.24,captured,2026-08-14 21:04:00
pay_d62d18e5c6a7,ORD-2026-01168,8000.38,280.01,7720.37,captured,2026-08-23 09:21:00
pay_3fb1c78ab3c6,ORD-2026-01169,1817.67,36.35,1781.32,captured,2026-08-07 21:03:00
pay_17d00ce1b95e,ORD-2026-01170,14021.6,280.43,13741.17,captured,2026-08-25 06:38:00
pay_b2ec6f64e5bd,ORD-2026-01171,7975.79,159.52,7816.27,captured,2026-08-20 20:16:00
pay_77e2f9a8b339,ORD-2026-01172,7891.65,157.83,7733.82,captured,2026-08-21 06:31:00
pay_065a1bd6a1f9,ORD-2026-01173,9219.21,184.38,9034.83,captured,2026-08-26 07:56:00
pay_c44124e29f55,ORD-2026-01175,9306.56,325.73,8980.83,captured,2026-08-28 08:51:00
pay_9be6a7901aa8,ORD-2026-01176,8494.15,169.88,8324.27,captured,2026-08-02 14:22:00
pay_1b7d39431775,ORD-2026-01177,4368.08,87.36,4280.72,captured,2026-08-21 14:44:00
pay_81dd936ff14a,ORD-2026-01178,4994.07,99.88,4894.19,captured,2026-08-10 17:35:00
pay_4d3663ccc673,ORD-2026-01179,6061.53,121.23,5940.3,captured,2026-08-22 14:21:00
pay_0abc15c7fcfa,ORD-2026-01180,12540.61,250.81,12289.8,captured,2026-08-06 10:21:00
pay_4f9494413acb,ORD-2026-01181,2209.16,44.18,2164.98,captured,2026-08-26 04:41:00
pay_2e3a5be37a62,ORD-2026-01182,5159.62,103.19,5056.43,captured,2026-08-16 00:57:00
pay_1f78e319db75,ORD-2026-01183,8561.15,171.22,8389.93,captured,2026-08-03 01:19:00
pay_26680c47e30c,ORD-2026-01184,8745.49,174.91,8570.58,captured,2026-08-18 06:13:00
pay_6ddb72eafea8,ORD-2026-01185,14550.28,291.01,14259.27,captured,2026-08-30 22:04:00
pay_b40560586b46,ORD-2026-01186,9472.36,189.45,9282.91,captured,2026-08-01 12:24:00
pay_1a721b308e5a,ORD-2026-01187,9008.84,180.18,8828.66,captured,2026-08-20 19:11:00
pay_9721a6b19feb,ORD-2026-01188,668.1,13.36,654.74,captured,2026-08-28 11:45:00
pay_8e69b9bcb68b,ORD-2026-01189,6888.21,137.76,6750.45,captured,2026-08-16 13:23:00
pay_bd8906d86585,ORD-2026-01190,1861.02,37.22,1823.8,captured,2026-08-17 19:11:00
pay_dcd72d7f563b,ORD-2026-01191,7688.72,153.77,7534.95,captured,2026-08-07 14:28:00
pay_2c9c636826d2,ORD-2026-01192,13869.82,277.4,13592.42,captured,2026-08-05 14:21:00
pay_10c2e9c1934b,ORD-2026-01193,13102.62,262.05,12840.57,captured,2026-08-11 14:49:00
pay_e434b82277c6,ORD-2026-01194,5936.31,118.73,5817.58,captured,2026-08-24 09:29:00
pay_bb986e5bc0de,ORD-2026-01195,12752.24,255.04,12497.2,captured,2026-08-10 08:43:00
pay_b5ab8a1ce568,ORD-2026-01196,7904.55,158.09,7746.46,captured,2026-08-15 04:06:00
pay_db0a3241985b,ORD-2026-01197,13403.61,268.07,13135.54,captured,2026-08-19 12:40:00
pay_5f9d1d714b25,ORD-2026-01198,8077.68,161.55,7916.13,captured,2026-08-07 12:17:00
pay_73127f53c37c,ORD-2026-01199,2530.94,0.0,0.0,failed,2026-08-04 19:09:00
pay_16798d6b9821,ORD-2026-01200,7808.1,156.16,7651.94,captured,2026-08-31 23:35:00
pay_6ccff1e7b7a9,ORD-2026-01201,4211.57,84.23,4127.34,captured,2026-08-12 23:20:00
pay_b59bbfe1ef93,ORD-2026-01202,4808.39,96.17,4712.22,captured,2026-08-08 14:04:00
pay_54eb2fa93267,ORD-2026-01203,629.09,12.58,616.51,captured,2026-08-15 09:08:00
pay_6baa05522480,ORD-2026-01204,6511.69,130.23,6381.46,captured,2026-08-13 12:05:00
pay_2c8a520be601,ORD-2026-01205,12575.38,251.51,12323.87,captured,2026-08-21 00:40:00
pay_41874a7abd28,ORD-2026-01206,12298.14,245.96,12052.18,captured,2026-08-12 18:21:00
pay_2a95e5b6eb3c,ORD-2026-01207,2150.57,43.01,2107.56,captured,2026-08-25 15:36:00
pay_4cd6e02207ca,ORD-2026-01208,9737.4,194.75,9542.65,captured,2026-08-15 14:43:00
pay_e556fc6d873d,ORD-2026-01209,12944.22,258.88,12685.34,captured,2026-08-08 10:09:00
pay_ac4f9c3d705f,ORD-2026-01210,13775.51,275.51,13500.0,captured,2026-08-13 17:44:00
pay_c35080907d93,ORD-2026-01211,7415.1,148.3,7266.8,captured,2026-08-28 12:29:00
pay_8820a9823efb,ORD-2026-01213,8705.24,174.1,8531.14,captured,2026-08-25 23:38:00
pay_52ad56259216,ORD-2026-01214,1783.32,35.67,1747.65,captured,2026-08-28 06:50:00
pay_35d246dda882,ORD-2026-01215,6132.08,122.64,6009.44,captured,2026-08-10 23:29:00
pay_33961b15e03c,ORD-2026-01216,2553.5,51.07,2502.43,captured,2026-08-20 18:35:00
pay_cdee8b4e2956,ORD-2026-01217,12245.95,244.92,12001.03,captured,2026-08-03 20:13:00
pay_bd96c834322a,ORD-2026-01218,5264.57,105.29,5159.28,captured,2026-08-15 02:50:00
pay_b0e0dd249b55,ORD-2026-01219,11142.63,222.85,10919.78,captured,2026-08-23 04:04:00
pay_ce4ed41440bd,ORD-2026-01220,5015.6,100.31,4915.29,captured,2026-08-20 03:29:00
pay_9c0e2d773c52,ORD-2026-01221,14347.08,286.94,14060.14,captured,2026-08-15 17:19:00
pay_e1111fd9c025,ORD-2026-01222,9026.8,180.54,8846.26,captured,2026-08-05 02:52:00
pay_c209f5677716,ORD-2026-01223,1109.94,22.2,1087.74,captured,2026-08-17 04:42:00
pay_0b6782c35cb8,ORD-2026-01224,11373.83,227.48,11146.35,captured,2026-08-06 04:57:00
pay_52e73fb74063,ORD-2026-01225,6904.02,138.08,6765.94,captured,2026-08-06 03:09:00
pay_995fb857969f,ORD-2026-01226,3095.87,61.92,3033.95,captured,2026-08-20 22:28:00
pay_72c2a6dbd76a,ORD-2026-01227,13793.82,275.88,13517.94,captured,2026-08-20 07:19:00
pay_3a8093e99cee,ORD-2026-01228,8824.36,176.49,8647.87,captured,2026-08-30 15:05:00
pay_bca32b2977fd,ORD-2026-01229,5664.5,113.29,5551.21,captured,2026-08-05 16:03:00
pay_6174a7a497bd,ORD-2026-01230,14684.7,513.96,14170.74,captured,2026-08-23 22:52:00
pay_d15558076a70,ORD-2026-01231,6589.39,230.63,6358.76,captured,2026-08-10 11:15:00
pay_abb732150ba7,ORD-2026-01232,6209.28,124.19,6085.09,captured,2026-08-12 01:24:00
pay_f8d2837915a3,ORD-2026-01233,7228.1,144.56,7083.54,captured,2026-08-08 05:11:00
pay_8e51df488242,ORD-2026-01234,6375.09,127.5,6247.59,captured,2026-08-13 16:53:00
pay_c72bee914530,ORD-2026-01235,371.72,7.43,364.29,captured,2026-08-22 14:08:00
pay_78d9a86ddc3f,ORD-2026-01236,6663.68,133.27,6530.41,captured,2026-08-24 21:42:00
pay_86e8989e5974,ORD-2026-01237,6354.66,127.09,6227.57,captured,2026-08-06 08:51:00
pay_662274950a4d,ORD-2026-01238,6500.42,130.01,6370.41,captured,2026-08-24 01:59:00
pay_8ce4a08e4c13,ORD-2026-01239,12337.06,246.74,12090.32,captured,2026-08-17 14:35:00
pay_178e2517f5a4,ORD-2026-01240,9147.68,182.95,8964.73,captured,2026-08-08 06:27:00
pay_98a1ebc3351b,ORD-2026-01241,7625.59,152.51,7473.08,captured,2026-08-24 10:45:00
pay_095004dfc8b2,ORD-2026-01242,14677.86,293.56,14384.3,captured,2026-08-19 13:02:00
pay_302751c6c718,ORD-2026-01243,7326.69,146.53,7180.16,captured,2026-08-12 09:37:00
pay_f6f5ebbc4bc2,ORD-2026-01244,14756.97,295.14,14461.83,captured,2026-08-25 01:33:00
pay_1c75005d2ad1,ORD-2026-01245,13370.75,267.42,13103.33,captured,2026-08-17 13:33:00
pay_9cd79a9a08ce,ORD-2026-01246,10023.31,200.47,9822.84,captured,2026-08-16 22:47:00
pay_4a398615d5af,ORD-2026-01247,8778.5,175.57,8602.93,captured,2026-08-21 22:51:00
pay_70e897cb3d84,ORD-2026-01248,6919.71,138.39,6781.32,captured,2026-08-18 01:30:00
pay_559269e26f3c,ORD-2026-01249,5423.14,108.46,5314.68,captured,2026-08-24 11:26:00
pay_41fe108a2311,ORD-2026-01250,13858.39,277.17,13581.22,captured,2026-08-06 04:44:00
pay_5f3375de0a36,ORD-2026-01251,1108.98,22.18,1086.8,captured,2026-08-27 05:16:00
pay_3ab6c0873b42,ORD-2026-01252,9913.53,198.27,9715.26,captured,2026-08-06 19:03:00
pay_b94dfc883e87,ORD-2026-01253,4444.87,88.9,4355.97,captured,2026-08-24 20:01:00
pay_9f68251e4b47,ORD-2026-01254,11799.69,235.99,11563.7,captured,2026-08-17 10:54:00
pay_07f7153afe8c,ORD-2026-01256,13669.95,273.4,13396.55,captured,2026-08-04 22:11:00
pay_f63a1119186e,ORD-2026-01257,2795.91,97.86,2698.05,captured,2026-08-15 22:51:00
pay_10f2d3f6d24f,ORD-2026-01258,689.74,13.79,675.95,captured,2026-08-07 01:55:00
pay_894501e43f25,ORD-2026-01259,7540.03,150.8,7389.23,captured,2026-08-20 09:53:00
pay_7f506be7ed07,ORD-2026-01260,6714.74,134.29,6580.45,captured,2026-08-13 09:42:00
pay_99e1ec82a3b0,ORD-2026-01261,5307.12,106.14,5200.98,captured,2026-08-20 10:53:00
pay_9248145a2b06,ORD-2026-01262,2680.49,53.61,2626.88,captured,2026-08-27 05:03:00
pay_460a8926505d,ORD-2026-01263,14234.13,284.68,13949.45,captured,2026-08-10 19:47:00
pay_8e86adce7fbc,ORD-2026-01264,7223.93,144.48,7079.45,captured,2026-08-23 10:24:00
pay_3ad14abf9d77,ORD-2026-01265,4474.12,89.48,4384.64,captured,2026-08-28 19:00:00
pay_1a84352b6417,ORD-2026-01266,10306.57,206.13,10100.44,captured,2026-08-22 15:33:00
pay_d71e559810a1,ORD-2026-01267,5436.66,190.28,5246.38,captured,2026-08-30 20:40:00
pay_276bb02ae136,ORD-2026-01268,4234.34,84.69,4149.65,captured,2026-08-31 03:54:00
pay_c3d4a09fdb59,ORD-2026-01269,9884.28,197.69,9686.59,captured,2026-08-26 06:16:00
pay_5e2dd8cee853,ORD-2026-01270,3778.6,75.57,3703.03,captured,2026-08-26 08:47:00
pay_94a9466515d0,ORD-2026-01271,14899.58,297.99,14601.59,captured,2026-08-11 22:44:00
pay_30c55a3c03d9,ORD-2026-01272,12509.0,250.18,12258.82,captured,2026-08-02 02:00:00
pay_0cd8c1c1ac90,ORD-2026-01273,10345.39,206.91,10138.48,captured,2026-08-05 02:06:00
pay_2a769e61d5f3,ORD-2026-01274,3057.58,61.15,2996.43,captured,2026-08-24 20:16:00
pay_7cc8bb62bbf8,ORD-2026-01275,9917.76,198.36,9719.4,captured,2026-08-03 03:38:00
pay_d4414748b3f7,ORD-2026-01276,14375.37,287.51,14087.86,captured,2026-08-21 04:45:00
pay_d5423a988990,ORD-2026-01277,9914.64,198.29,9716.35,captured,2026-08-20 08:24:00
pay_d828a7622ea8,ORD-2026-01278,4559.62,91.19,4468.43,captured,2026-08-23 06:16:00
pay_61f1d1cb1752,ORD-2026-01279,6519.35,130.39,6388.96,captured,2026-08-15 10:49:00
pay_7d2179ad55ae,ORD-2026-01280,11701.17,234.02,11467.15,captured,2026-08-06 12:17:00
pay_0b0a4abaf032,ORD-2026-01281,14342.96,502.0,13840.96,captured,2026-08-11 11:16:00
pay_c1f991a6fab8,ORD-2026-01282,14695.45,293.91,14401.54,captured,2026-08-15 04:31:00
pay_c29d99f8ef7d,ORD-2026-01283,7482.45,261.89,7220.56,captured,2026-08-13 12:41:00
pay_589be4bb74bb,ORD-2026-01284,9286.7,185.73,9100.97,captured,2026-08-25 23:13:00
pay_bea7dc6164b0,ORD-2026-01285,715.94,14.32,701.62,captured,2026-08-23 13:06:00
pay_c39e48efc260,ORD-2026-01286,6799.05,135.98,6663.07,captured,2026-08-24 13:49:00
pay_562201181bb1,ORD-2026-01288,13588.34,271.77,13316.57,captured,2026-08-06 06:21:00
pay_4200a4a85232,ORD-2026-01289,6653.65,232.88,6420.77,captured,2026-08-24 01:30:00
pay_69fc45a77dc5,ORD-2026-01290,14321.5,286.43,14035.07,captured,2026-08-08 08:24:00
pay_0ccb683fb7a1,ORD-2026-01291,14875.7,297.51,14578.19,captured,2026-08-19 22:59:00
pay_ed105a3c8fd1,ORD-2026-01292,9557.63,191.15,9366.48,captured,2026-08-10 20:03:00
pay_1f22258f4cd7,ORD-2026-01293,12649.49,252.99,12396.5,captured,2026-08-18 22:05:00
pay_c448311cb489,ORD-2026-01294,782.1,15.64,766.46,captured,2026-08-07 11:35:00
pay_082015d51b0d,ORD-2026-01295,5973.55,119.47,5854.08,captured,2026-08-07 15:44:00
pay_e24b2eb345a7,ORD-2026-01296,1455.96,29.12,1426.84,captured,2026-08-23 19:31:00
pay_eed529ecb429,ORD-2026-01297,3057.77,61.16,2996.61,captured,2026-08-07 06:02:00
pay_80fd125d70db,ORD-2026-01298,8200.17,164.0,8036.17,captured,2026-08-13 08:50:00
pay_3455d71e7f2b,ORD-2026-01299,748.23,14.96,733.27,captured,2026-08-19 01:01:00
pay_26601f579e2a,ORD-2026-01300,6201.52,124.03,6077.49,captured,2026-08-27 10:02:00
pay_d5e726b8e759,ORD-2026-01301,6983.88,139.68,6844.2,captured,2026-08-22 09:33:00
pay_3e15f73e3b6e,ORD-2026-01302,1266.1,25.32,1240.78,captured,2026-08-19 11:59:00
pay_a43a0a4fb693,ORD-2026-01303,13626.25,272.52,13353.73,captured,2026-08-21 02:30:00
pay_88035f186837,ORD-2026-01304,412.61,8.25,404.36,captured,2026-08-24 06:08:00
pay_e2df6510f5b0,ORD-2026-01306,7557.72,151.15,7406.57,captured,2026-08-27 07:07:00
pay_bb663ce669a9,ORD-2026-01307,5192.68,103.85,5088.83,captured,2026-08-26 12:27:00
pay_0f7ffccbc664,ORD-2026-01308,8279.09,165.58,8113.51,captured,2026-08-05 04:36:00
pay_c6254ad342ab,ORD-2026-01309,874.68,17.49,857.19,captured,2026-08-31 12:48:00
pay_23402522d7c5,ORD-2026-01310,2290.3,45.81,2244.49,captured,2026-08-03 07:17:00
pay_d2c482294688,ORD-2026-01311,2642.09,52.84,2589.25,captured,2026-08-23 15:35:00
pay_9dabb85ff99a,ORD-2026-01312,11907.57,238.15,11669.42,captured,2026-08-02 06:06:00
pay_83c8db4595f6,ORD-2026-01313,7407.12,148.14,7258.98,captured,2026-08-06 05:56:00
pay_f8a4e0280f84,ORD-2026-01314,9845.99,196.92,9649.07,captured,2026-08-06 11:45:00
pay_252f8bbb2c0d,ORD-2026-01315,2078.01,41.56,2036.45,captured,2026-08-23 16:44:00
pay_b40c9ef47fa3,ORD-2026-01316,6298.06,125.96,6172.1,captured,2026-08-10 03:28:00
pay_66c3c79d5935,ORD-2026-01317,2864.01,57.28,2806.73,captured,2026-08-23 08:38:00
pay_6df2c067d9b3,ORD-2026-01318,12431.96,435.12,11996.84,captured,2026-08-31 12:40:00
pay_26df6246fbed,ORD-2026-01319,3687.46,73.75,3613.71,captured,2026-08-14 07:35:00
pay_6b333f66f3f4,ORD-2026-01320,12968.42,259.37,12709.05,captured,2026-08-05 05:23:00
pay_dac5e6837d29,ORD-2026-01321,3280.01,114.8,3165.21,captured,2026-08-26 02:42:00
pay_0a72b4f4a5ad,ORD-2026-01322,12687.97,253.76,12434.21,captured,2026-08-04 11:43:00
pay_fd870ade8247,ORD-2026-01323,13855.56,277.11,13578.45,captured,2026-08-06 15:42:00
pay_876d3752a30e,ORD-2026-01324,6633.14,132.66,6500.48,captured,2026-08-12 17:13:00
pay_d62ff3ab637f,ORD-2026-01325,1745.43,34.91,1710.52,captured,2026-08-26 16:02:00
pay_0449025c02c5,ORD-2026-01326,630.17,12.6,617.57,captured,2026-08-06 17:50:00
pay_bac783d8f803,ORD-2026-01327,6783.35,135.67,6647.68,captured,2026-08-29 14:46:00
pay_c27107c5882f,ORD-2026-01328,13495.92,269.92,13226.0,captured,2026-08-08 00:43:00
pay_2e64fbc00364,ORD-2026-01329,1651.35,33.03,1618.32,captured,2026-08-04 18:14:00
pay_a63e688b1855,ORD-2026-01330,3465.81,121.3,3344.51,captured,2026-08-07 15:57:00
pay_a2c107c63d47,ORD-2026-01331,6650.8,232.78,6418.02,captured,2026-08-16 10:56:00
pay_d4d61d436335,ORD-2026-01332,5727.58,114.55,5613.03,captured,2026-08-15 17:24:00
pay_2f8917131421,ORD-2026-01333,14638.23,292.76,14345.47,captured,2026-08-08 08:22:00
pay_109b1cae5f8d,ORD-2026-01334,8616.25,172.33,8443.92,captured,2026-08-05 09:44:00
pay_66b6edeaa893,ORD-2026-01335,6389.71,127.79,6261.92,captured,2026-08-04 15:29:00
pay_e987180382b2,ORD-2026-01336,2520.46,50.41,2470.05,captured,2026-08-29 12:38:00
pay_816e2b931807,ORD-2026-01337,6293.1,125.86,6167.24,captured,2026-08-18 11:05:00
pay_715f7eb89fc6,ORD-2026-01339,13114.46,262.29,12852.17,captured,2026-08-24 20:47:00
pay_89699a0dfe40,ORD-2026-01340,13398.97,267.98,13130.99,captured,2026-08-15 05:14:00
pay_1da50f22132b,ORD-2026-01341,14706.72,294.13,14412.59,captured,2026-08-29 12:26:00
pay_1097463ba364,ORD-2026-01342,6500.33,130.01,6370.32,captured,2026-08-24 19:02:00
pay_1ec8635cc01b,ORD-2026-01343,1650.39,33.01,1617.38,captured,2026-08-27 06:52:00
pay_7bdb8f091c94,ORD-2026-01344,383.86,7.68,376.18,captured,2026-08-04 05:48:00
pay_dbe66dc8496d,ORD-2026-01345,3738.12,74.76,3663.36,captured,2026-08-05 13:18:00
pay_3ee1c73635b2,ORD-2026-01346,2594.68,51.89,2542.79,captured,2026-08-17 09:19:00
pay_267afec0a3f7,ORD-2026-01347,561.32,11.23,550.09,captured,2026-08-20 10:37:00
pay_218d439bfb82,ORD-2026-01348,10606.4,212.13,10394.27,captured,2026-08-25 07:55:00
pay_0f13f13070a3,ORD-2026-01349,7071.58,141.43,6930.15,captured,2026-08-28 22:40:00
pay_5f6185f585a1,ORD-2026-01350,13422.83,268.46,13154.37,captured,2026-08-21 11:24:00
pay_827c2a813cff,ORD-2026-01351,11342.74,226.85,11115.89,captured,2026-08-02 12:27:00
pay_9ee9b4566097,ORD-2026-01352,13236.54,463.28,12773.26,captured,2026-08-22 06:39:00
pay_50662b5f8a3a,ORD-2026-01353,13342.07,266.84,13075.23,captured,2026-08-31 22:23:00
pay_ae40ded63014,ORD-2026-01354,804.94,28.17,776.77,captured,2026-08-12 23:39:00
pay_bfcd2233d81e,ORD-2026-01355,1191.69,41.71,1149.98,captured,2026-08-21 20:45:00
pay_b6bcfca7331c,ORD-2026-01356,1880.65,37.61,1843.04,captured,2026-08-11 11:34:00
pay_fe93052d8c2a,ORD-2026-01357,14394.74,287.89,14106.85,captured,2026-08-31 20:55:00
pay_154e67af5b6e,ORD-2026-01358,5420.13,108.4,5311.73,captured,2026-08-24 09:20:00
pay_c593e4668046,ORD-2026-01359,1006.01,20.12,985.89,captured,2026-08-22 15:17:00
pay_f30f8201a052,ORD-2026-01360,7994.9,159.9,7835.0,captured,2026-08-15 18:32:00
pay_839a4d43b965,ORD-2026-01361,12415.61,248.31,12167.3,captured,2026-08-23 23:43:00
pay_090d5e5a5ec8,ORD-2026-01362,10164.94,203.3,9961.64,captured,2026-08-20 18:51:00
pay_071bd4a9f0a6,ORD-2026-01363,1386.52,27.73,1358.79,captured,2026-08-29 18:05:00
pay_d286e09f8da0,ORD-2026-01364,2638.54,52.77,2585.77,captured,2026-08-31 12:06:00
pay_7e511512ddf9,ORD-2026-01365,13149.9,263.0,12886.9,captured,2026-08-05 23:09:00
pay_04dc51091226,ORD-2026-01366,13989.48,279.79,13709.69,captured,2026-08-15 08:34:00
pay_59c3eb4a3703,ORD-2026-01367,9741.33,194.83,9546.5,captured,2026-08-14 23:47:00
pay_53501036f1a9,ORD-2026-01368,12069.44,241.39,11828.05,captured,2026-08-03 01:55:00
pay_30dc883648c9,ORD-2026-01369,9761.56,195.23,9566.33,captured,2026-08-19 13:41:00
pay_3c39b457d36c,ORD-2026-01370,8046.46,160.93,7885.53,captured,2026-08-20 02:44:00
pay_5b25eb20fdeb,ORD-2026-01371,13494.57,269.89,13224.68,captured,2026-08-10 23:08:00
pay_e843ca8b9a8c,ORD-2026-01372,7366.8,147.34,7219.46,captured,2026-08-26 16:14:00
pay_6eab3a0b3c94,ORD-2026-01373,5426.19,108.52,5317.67,captured,2026-08-28 13:09:00
pay_eaf866725cf0,ORD-2026-01374,8122.69,162.45,7960.24,captured,2026-08-20 15:45:00
pay_dc09a711f70a,ORD-2026-01375,13589.72,271.79,13317.93,captured,2026-08-28 00:44:00
pay_20d2c23e5c9e,ORD-2026-01376,14907.84,298.16,14609.68,captured,2026-08-08 13:02:00
pay_207fc6ef0af2,ORD-2026-01377,3236.3,64.73,3171.57,captured,2026-08-09 16:11:00
pay_7baa0a63dd08,ORD-2026-01378,5719.14,114.38,5604.76,captured,2026-08-11 17:09:00
pay_324578135e1e,ORD-2026-01379,568.89,11.38,557.51,captured,2026-08-10 08:58:00
pay_a0bccc056bac,ORD-2026-01380,4939.23,98.78,4840.45,captured,2026-08-05 19:59:00
pay_bb75bdbfff6a,ORD-2026-01381,9779.21,195.58,9583.63,captured,2026-08-19 02:21:00
pay_8492d807c403,ORD-2026-01382,14714.21,294.28,14419.93,captured,2026-08-29 14:48:00
pay_e28a8c90866d,ORD-2026-01383,13849.92,277.0,13572.92,captured,2026-08-20 08:58:00
pay_631c989791b8,ORD-2026-01384,13522.58,270.45,13252.13,captured,2026-08-05 02:30:00
pay_766b50babcc4,ORD-2026-01385,566.97,11.34,555.63,captured,2026-08-18 07:19:00
pay_3b403f73e8e3,ORD-2026-01386,1014.5,20.29,994.21,captured,2026-08-12 05:20:00
pay_ddc04c6fd828,ORD-2026-01387,14047.84,280.96,13766.88,captured,2026-08-17 14:50:00
pay_2fadbd80941e,ORD-2026-01388,12771.88,255.44,12516.44,captured,2026-08-01 11:34:00
pay_dfcdbf4bee77,ORD-2026-01389,4902.82,98.06,4804.76,captured,2026-08-13 08:31:00
pay_f44b4b3f3cb0,ORD-2026-01390,10796.26,215.93,10580.33,captured,2026-08-12 13:09:00
pay_90e519bcad22,ORD-2026-01391,4412.83,88.26,4324.57,captured,2026-08-13 19:00:00
pay_8bd2a28310b1,ORD-2026-01392,3392.29,67.85,3324.44,captured,2026-08-15 22:05:00
pay_699b2c305721,ORD-2026-01393,2624.1,52.48,2571.62,captured,2026-08-14 21:18:00
pay_c34208fd10c5,ORD-2026-01394,12565.57,251.31,12314.26,captured,2026-08-29 20:08:00
pay_8d024bc8205c,ORD-2026-01395,14828.06,296.56,14531.5,captured,2026-08-07 15:30:00
pay_3d34c8ada9a7,ORD-2026-01396,5761.43,201.65,5559.78,captured,2026-08-30 20:48:00
pay_09e995539d5b,ORD-2026-01397,2788.42,55.77,2732.65,captured,2026-08-21 10:26:00
pay_84ad5ff75adf,ORD-2026-01398,2952.89,59.06,2893.83,captured,2026-08-19 15:12:00
pay_cb39edddc91f,ORD-2026-01399,12377.43,0.0,0.0,failed,2026-08-18 21:02:00
pay_223b3e5d3ce9,ORD-2026-01400,8477.36,169.55,8307.81,captured,2026-08-19 13:31:00
pay_65ca2755a036,ORD-2026-01401,4087.62,81.75,4005.87,captured,2026-08-01 05:09:00
pay_0183860e4237,ORD-2026-01402,4457.8,89.16,4368.64,captured,2026-08-21 22:57:00
pay_8e5046c568a2,ORD-2026-01403,3822.3,76.45,3745.85,captured,2026-08-31 05:41:00
pay_f1eaf0987e5e,ORD-2026-01404,9063.59,181.27,8882.32,captured,2026-08-09 17:04:00
pay_3e0f89cdacd0,ORD-2026-01405,13051.52,261.03,12790.49,captured,2026-08-17 02:27:00
pay_499ae34ecaf0,ORD-2026-01406,7785.38,155.71,7629.67,captured,2026-08-27 07:23:00
pay_e688001f99a8,ORD-2026-01407,1065.95,21.32,1044.63,captured,2026-08-09 09:37:00
pay_db87aea0684e,ORD-2026-01408,5489.3,0.0,0.0,failed,2026-08-30 09:08:00
pay_7df2c91203fc,ORD-2026-01409,13699.15,273.98,13425.17,captured,2026-08-12 20:40:00
pay_4c36f6fb4d9a,ORD-2026-01410,9656.41,193.13,9463.28,captured,2026-08-10 16:33:00
pay_8789acc91d79,ORD-2026-01411,11517.4,230.35,11287.05,captured,2026-08-08 03:11:00
pay_4606cf101169,ORD-2026-01412,12705.92,444.71,12261.21,captured,2026-08-11 15:52:00
pay_92512ba14288,ORD-2026-01413,5565.34,111.31,5454.03,captured,2026-08-23 07:44:00
pay_844beca67d65,ORD-2026-01414,7868.93,157.38,7711.55,captured,2026-08-05 07:08:00
pay_b080799839ed,ORD-2026-01415,13829.43,276.59,13552.84,captured,2026-08-17 01:21:00
pay_33fd21a61ee0,ORD-2026-01416,3472.48,69.45,3403.03,captured,2026-08-07 07:32:00
pay_e82c9e5f340b,ORD-2026-01417,10406.86,208.14,10198.72,captured,2026-08-30 00:39:00
pay_3f5441bdd3fb,ORD-2026-01418,12318.9,246.38,12072.52,captured,2026-08-15 09:07:00
pay_884b3b551bee,ORD-2026-01419,5566.01,194.81,5371.2,captured,2026-08-12 19:44:00
pay_914b9bd30acc,ORD-2026-01420,10706.44,214.13,10492.31,captured,2026-08-17 11:11:00
pay_cbe563d036c9,ORD-2026-01421,2104.97,42.1,2062.87,captured,2026-08-27 11:14:00
pay_58c96249c81d,ORD-2026-01422,3305.65,66.11,3239.54,captured,2026-08-08 16:08:00
pay_99193bc6e5d1,ORD-2026-01423,478.33,9.57,468.76,captured,2026-08-23 08:04:00
pay_48712b27ac1b,ORD-2026-01424,1795.7,35.91,1759.79,captured,2026-08-14 12:12:00
pay_b89fba1f345e,ORD-2026-01425,1180.46,23.61,1156.85,captured,2026-08-04 09:02:00
pay_9ea4d90730cb,ORD-2026-01426,9106.52,182.13,8924.39,captured,2026-08-04 05:58:00
pay_6ef928f27ede,ORD-2026-01427,1543.53,30.87,1512.66,captured,2026-08-22 20:01:00
pay_1f79394445dc,ORD-2026-01428,12856.04,257.12,12598.92,captured,2026-08-12 19:10:00
pay_e22e24a9b263,ORD-2026-01429,12329.88,246.6,12083.28,captured,2026-08-19 05:06:00
pay_a069174b9613,ORD-2026-01430,14471.1,289.42,14181.68,captured,2026-08-08 02:12:00
pay_97aa4850b5a6,ORD-2026-01431,1660.55,33.21,1627.34,captured,2026-08-18 12:46:00
pay_5aad526cd79f,ORD-2026-01432,5623.65,112.47,5511.18,captured,2026-08-29 01:30:00
pay_a82092e49d26,ORD-2026-01433,12554.18,251.08,12303.1,captured,2026-08-22 15:11:00
pay_a13bbc4ac665,ORD-2026-01434,6232.15,124.64,6107.51,captured,2026-08-07 19:14:00
pay_68b876b02bbc,ORD-2026-01435,2211.5,44.23,2167.27,captured,2026-08-15 09:33:00
pay_f6d1288048c3,ORD-2026-01436,801.01,16.02,784.99,captured,2026-08-10 21:46:00
pay_342f4f62513f,ORD-2026-01437,6962.8,139.26,6823.54,captured,2026-08-04 17:18:00
pay_48d2c6fe52c8,ORD-2026-01438,8397.96,167.96,8230.0,captured,2026-08-27 15:14:00
pay_43d9abf89cf7,ORD-2026-01439,1230.22,24.6,1205.62,captured,2026-08-14 09:54:00
pay_3aeaeb56be28,ORD-2026-01440,14981.11,299.62,14681.49,captured,2026-08-12 10:00:00
pay_84a68df75a4c,ORD-2026-01441,7935.4,158.71,7776.69,captured,2026-08-05 00:28:00
pay_3f0489657d2f,ORD-2026-01442,10486.55,209.73,10276.82,captured,2026-08-05 14:25:00
pay_2d2418c63a5e,ORD-2026-01443,5582.91,111.66,5471.25,captured,2026-08-30 14:04:00
pay_e51fbc675602,ORD-2026-01444,14861.79,297.24,14564.55,captured,2026-08-08 04:54:00
pay_996906f742c6,ORD-2026-01445,7586.83,151.74,7435.09,captured,2026-08-28 00:46:00
pay_a81987d1ac45,ORD-2026-01446,5470.24,109.4,5360.84,captured,2026-08-27 08:25:00
pay_e067ab3ddcb2,ORD-2026-01447,11566.39,231.33,11335.06,captured,2026-08-17 15:09:00
pay_b1dcda27d4b4,ORD-2026-01448,3616.16,72.32,3543.84,captured,2026-08-09 16:31:00
pay_405327ec5456,ORD-2026-01449,12488.62,249.77,12238.85,captured,2026-08-05 04:03:00
pay_be2d14f5c6be,ORD-2026-01450,9147.84,182.96,8964.88,captured,2026-08-01 10:24:00
pay_4641fc3f6444,ORD-2026-01451,1625.74,32.51,1593.23,captured,2026-08-10 20:39:00
pay_90bf44413425,ORD-2026-01452,7484.38,149.69,7334.69,captured,2026-08-26 00:49:00
pay_510ed52b88f7,ORD-2026-01453,7455.71,149.11,7306.6,captured,2026-08-11 08:31:00
pay_25f1e15bf393,ORD-2026-01454,461.52,9.23,452.29,captured,2026-08-11 21:34:00
pay_60acfa2aab95,ORD-2026-01455,6861.71,137.23,6724.48,captured,2026-08-29 15:24:00
pay_b391512982c0,ORD-2026-01456,2817.66,56.35,2761.31,captured,2026-08-15 08:02:00
pay_702030b6d01d,ORD-2026-01457,2190.43,43.81,2146.62,captured,2026-08-07 02:27:00
pay_a1d394fe4070,ORD-2026-01458,10190.36,203.81,9986.55,captured,2026-08-25 11:36:00
pay_c80e0d58457a,ORD-2026-01459,1024.91,20.5,1004.41,captured,2026-08-18 07:32:00
pay_3a1ecf1ec85e,ORD-2026-01460,10212.02,204.24,10007.78,captured,2026-08-19 20:39:00
pay_40a9813ba7e1,ORD-2026-01461,867.75,17.36,850.39,captured,2026-08-02 02:37:00
pay_0f4526b87bb9,ORD-2026-01462,598.12,11.96,586.16,captured,2026-08-27 02:37:00
pay_7eaa85d16807,ORD-2026-01464,3864.69,77.29,3787.4,captured,2026-08-02 22:15:00
pay_e67fc5c84115,ORD-2026-01466,5026.53,175.93,4850.6,captured,2026-08-06 07:34:00
pay_491b88b5a7f3,ORD-2026-01467,7818.45,156.37,7662.08,captured,2026-08-28 19:36:00
pay_895dfa60ea8c,ORD-2026-01468,8902.24,178.04,8724.2,captured,2026-08-02 00:30:00
pay_80d13b585db4,ORD-2026-01469,8673.57,173.47,8500.1,captured,2026-08-19 21:20:00
pay_f8dcf24b922e,ORD-2026-01470,5172.32,103.45,5068.87,captured,2026-08-24 07:13:00
pay_2d6ed21a84b9,ORD-2026-01471,14547.53,290.95,14256.58,captured,2026-08-20 16:23:00
pay_5e4dc02b4eea,ORD-2026-01472,12784.95,255.7,12529.25,captured,2026-08-21 13:53:00
pay_666d986a235d,ORD-2026-01473,14944.17,298.88,14645.29,captured,2026-08-09 03:19:00
pay_ffbf76df05fd,ORD-2026-01474,14377.53,287.55,14089.98,captured,2026-08-08 20:47:00
pay_a0acdd12a552,ORD-2026-01475,8583.14,171.66,8411.48,captured,2026-08-11 18:04:00
pay_25a638b73667,ORD-2026-01476,1334.59,26.69,1307.9,captured,2026-08-07 18:50:00
pay_b6f2f27e90b1,ORD-2026-01477,10019.16,200.38,9818.78,captured,2026-08-26 10:27:00
pay_adfbcaa547ab,ORD-2026-01478,9449.47,330.73,9118.74,captured,2026-08-15 00:16:00
pay_3d44edfc942e,ORD-2026-01479,13237.27,264.75,12972.52,captured,2026-08-25 20:11:00
pay_cdc7e3b7a250,ORD-2026-01480,14439.33,288.79,14150.54,captured,2026-08-16 14:42:00
pay_eb588b93e580,ORD-2026-01481,12172.22,243.44,11928.78,captured,2026-08-31 02:34:00
pay_71622bd29738,ORD-2026-01482,7929.59,158.59,7771.0,captured,2026-08-25 05:03:00
pay_9dd942d2ad2c,ORD-2026-01483,11247.22,224.94,11022.28,captured,2026-08-05 18:09:00
pay_b411ed04d0d7,ORD-2026-01484,12930.75,258.62,12672.13,captured,2026-08-15 01:20:00
pay_4912bcdaa74d,ORD-2026-01485,12390.92,247.82,12143.1,captured,2026-08-07 17:17:00
pay_bb974f10be78,ORD-2026-01486,6206.82,124.14,6082.68,captured,2026-08-23 01:15:00
pay_97715b15981f,ORD-2026-01487,11996.26,239.93,11756.33,captured,2026-08-07 07:15:00
pay_41c85bdd3665,ORD-2026-01488,6445.88,128.92,6316.96,captured,2026-08-16 22:27:00
pay_eff38d67e913,ORD-2026-01489,631.3,12.63,618.67,captured,2026-08-06 12:08:00
pay_dfad0d7be2f1,ORD-2026-01490,12817.31,256.35,12560.96,captured,2026-08-18 07:41:00
pay_07ea8c721a36,ORD-2026-01491,13468.28,269.37,13198.91,captured,2026-08-01 08:55:00
pay_3fb62f5e1b6f,ORD-2026-01492,14335.31,286.71,14048.6,captured,2026-08-10 05:57:00
pay_ea5abd0f9daf,ORD-2026-01493,14158.8,283.18,13875.62,captured,2026-08-22 08:25:00
pay_24545a01d001,ORD-2026-01494,7603.68,152.07,7451.61,captured,2026-08-05 01:47:00
pay_f6436cd6864b,ORD-2026-01495,13987.02,489.55,13497.47,captured,2026-08-23 00:49:00
pay_98cfc479dec7,ORD-2026-01496,9077.36,181.55,8895.81,captured,2026-08-29 10:15:00
pay_da60d83de3cb,ORD-2026-01497,5971.27,119.43,5851.84,captured,2026-08-28 01:47:00
pay_e7ecb9b6c137,ORD-2026-01498,2792.28,55.85,2736.43,captured,2026-08-07 07:06:00
pay_bb1f8dfa60a6,ORD-2026-01499,8924.32,178.49,8745.83,captured,2026-08-14 10:55:00
pay_82e14b276c64,ORD-2026-01500,4884.05,97.68,4786.37,captured,2026-08-13 01:07:00
pay_c53210a0c7cd,ORD-2026-01501,13215.62,264.31,12951.31,captured,2026-08-22 19:17:00
pay_08a98e401934,ORD-2026-01502,12356.21,432.47,11923.74,captured,2026-08-17 01:23:00
pay_5d4b0422c4dd,ORD-2026-01503,12653.8,253.08,12400.72,captured,2026-09-01 06:02:00
pay_290174b4b39c,ORD-2026-01504,3944.15,78.88,3865.27,captured,2026-08-31 07:15:00
pay_9f5ce1057e61,ORD-2026-01505,13566.73,271.33,13295.4,captured,2026-08-22 00:23:00
pay_382dddc4699d,ORD-2026-01506,6747.56,134.95,6612.61,captured,2026-08-28 17:54:00
pay_1ee79149079a,ORD-2026-01508,6694.92,133.9,6561.02,captured,2026-08-07 13:58:00
pay_e54e4803641f,ORD-2026-01509,11881.9,237.64,11644.26,captured,2026-08-26 05:26:00
pay_339f933b5f9e,ORD-2026-01510,11106.74,222.13,10884.61,captured,2026-08-03 23:30:00
pay_51e2f13ba03c,ORD-2026-01511,2573.08,51.46,2521.62,captured,2026-08-14 15:52:00
pay_5aa7bdd2f523,ORD-2026-01512,9111.32,182.23,8929.09,captured,2026-08-03 16:26:00
pay_2668753cdd30,ORD-2026-01513,971.06,19.42,951.64,captured,2026-08-23 12:48:00
pay_cbb8a7dcdb53,ORD-2026-01514,245.52,4.91,240.61,captured,2026-08-16 01:08:00
pay_c292d2f4c5e8,ORD-2026-01515,1417.03,28.34,1388.69,captured,2026-08-10 14:36:00
pay_207f92556d25,ORD-2026-01516,12493.2,249.86,12243.34,captured,2026-08-18 02:49:00
pay_23c9fa301ed6,ORD-2026-01517,11931.11,238.62,11692.49,captured,2026-08-20 23:26:00
pay_f99db64dac74,ORD-2026-01518,4058.06,81.16,3976.9,captured,2026-08-17 07:08:00
pay_6595f6b9c523,ORD-2026-01519,6334.55,126.69,6207.86,captured,2026-08-10 12:05:00
pay_9c8e821b0f0d,ORD-2026-01520,13288.25,265.76,13022.49,captured,2026-08-29 19:53:00
pay_d1f3e5f6fede,ORD-2026-01521,8466.24,169.32,8296.92,captured,2026-08-31 11:59:00
pay_d4169c44f558,ORD-2026-01522,10578.67,211.57,10367.1,captured,2026-08-15 10:16:00
pay_9aef4d5bff52,ORD-2026-01523,9085.81,181.72,8904.09,captured,2026-08-14 02:27:00
pay_ce01be88f6ac,ORD-2026-01524,14219.2,497.67,13721.53,captured,2026-08-31 16:10:00
pay_eb6911bf6554,ORD-2026-01525,11645.72,232.91,11412.81,captured,2026-08-23 23:27:00
pay_dba8eb617757,ORD-2026-01526,3522.36,70.45,3451.91,captured,2026-08-22 21:07:00
pay_e90588f7ccb4,ORD-2026-01527,11247.36,224.95,11022.41,captured,2026-08-31 18:18:00
pay_94f66054683e,ORD-2026-01528,3390.39,67.81,3322.58,captured,2026-08-14 09:38:00
pay_96a912543cfd,ORD-2026-01529,2869.47,57.39,2812.08,captured,2026-08-22 12:26:00
pay_ccbe547be976,ORD-2026-01530,9341.67,186.83,9154.84,captured,2026-08-10 18:15:00
pay_a6474135d5dd,ORD-2026-01531,6980.83,139.62,6841.21,captured,2026-08-20 00:41:00
pay_341ceb48d7b9,ORD-2026-01532,6083.81,121.68,5962.13,captured,2026-08-05 22:44:00
pay_5de9a00e7589,ORD-2026-01533,11094.34,221.89,10872.45,captured,2026-08-14 00:27:00
pay_4dcf769cd012,ORD-2026-01534,971.27,19.43,951.84,captured,2026-08-04 21:03:00
pay_9acf5d2f0b62,ORD-2026-01535,14101.96,282.04,13819.92,captured,2026-08-30 23:38:00
pay_6b38f6d0f0a7,ORD-2026-01536,5837.88,116.76,5721.12,captured,2026-08-10 02:39:00
pay_3a076bfbcb69,ORD-2026-01537,8481.49,169.63,8311.86,captured,2026-08-12 16:57:00
pay_5220ab977d63,ORD-2026-01538,13968.84,279.38,13689.46,captured,2026-08-07 01:31:00
pay_18e9a117bba2,ORD-2026-01539,8050.27,161.01,7889.26,captured,2026-08-03 15:45:00
pay_5ba3eb9e688f,ORD-2026-01540,14682.05,293.64,14388.41,captured,2026-08-04 12:02:00
pay_7842fc3a2f39,ORD-2026-01541,5536.76,110.74,5426.02,captured,2026-08-27 18:47:00
pay_3d7aebadfe0b,ORD-2026-01542,12477.92,249.56,12228.36,captured,2026-08-29 12:39:00
pay_b563fff041fe,ORD-2026-01543,2641.76,52.84,2588.92,captured,2026-08-11 14:57:00
pay_3b5fb5c6a139,ORD-2026-01544,12824.9,256.5,12568.4,captured,2026-08-31 11:35:00
pay_64417f369caa,ORD-2026-01545,3601.94,126.07,3475.87,captured,2026-08-07 12:03:00
pay_116722c78b93,ORD-2026-01546,7113.57,0.0,0.0,failed,2026-08-09 06:45:00
pay_00ec6f707d4e,ORD-2026-01547,14834.52,296.69,14537.83,captured,2026-08-02 23:22:00
pay_d50c23ceb6fb,ORD-2026-01548,10852.51,0.0,0.0,failed,2026-08-16 15:54:00
pay_ba685ff9e4af,ORD-2026-01549,13048.96,260.98,12787.98,captured,2026-08-12 12:13:00
pay_e47c748d86de,ORD-2026-01550,12374.06,247.48,12126.58,captured,2026-08-07 08:32:00
pay_7aa6d6dba3cd,ORD-2026-01551,8647.66,172.95,8474.71,captured,2026-08-01 20:49:00
pay_f4def6ccb8e7,ORD-2026-01552,1595.72,31.91,1563.81,captured,2026-08-08 18:43:00
pay_18853503cff3,ORD-2026-01553,2005.47,40.11,1965.36,captured,2026-08-10 23:43:00
pay_f650b092de85,ORD-2026-01554,4988.37,99.77,4888.6,captured,2026-08-30 05:53:00
pay_e54148b59bf7,ORD-2026-01555,7301.86,146.04,7155.82,captured,2026-08-16 09:42:00
pay_19cc7a8890a6,ORD-2026-01556,14552.6,291.05,14261.55,captured,2026-08-22 07:21:00
pay_ca4f084dea3a,ORD-2026-01557,13621.8,272.44,13349.36,captured,2026-09-01 04:46:00
pay_9baaeceaa644,ORD-2026-01558,9725.93,194.52,9531.41,captured,2026-08-28 03:51:00
pay_335f99e56d4a,ORD-2026-01559,8297.91,165.96,8131.95,captured,2026-08-03 00:04:00
pay_78218d83e79e,ORD-2026-01560,3753.19,75.06,3678.13,captured,2026-08-13 13:11:00
pay_f57b6fbfbde4,ORD-2026-01561,5949.84,119.0,5830.84,captured,2026-08-01 08:10:00
pay_074a9ea05122,ORD-2026-01562,1984.91,39.7,1945.21,captured,2026-08-22 05:09:00
pay_1d8cccfb56da,ORD-2026-01563,13841.16,276.82,13564.34,captured,2026-08-15 01:51:00
pay_07ca5555f9d7,ORD-2026-01564,5638.36,112.77,5525.59,captured,2026-08-22 07:53:00
pay_cf00c87e0ff4,ORD-2026-01565,4173.5,146.07,4027.43,captured,2026-08-15 22:30:00
pay_60e9e096c9c9,ORD-2026-01566,5649.89,113.0,5536.89,captured,2026-08-25 15:51:00
pay_deb0569b5ae0,ORD-2026-01567,798.48,15.97,782.51,captured,2026-08-22 01:05:00
pay_d73c25b58264,ORD-2026-01568,10356.3,207.13,10149.17,captured,2026-08-22 18:41:00
pay_74ee66b28660,ORD-2026-01569,7965.23,159.3,7805.93,captured,2026-08-18 03:41:00
pay_d0e846d2be11,ORD-2026-01570,12062.86,241.26,11821.6,captured,2026-08-14 06:58:00
pay_922fe76524c7,ORD-2026-01571,4646.05,92.92,4553.13,captured,2026-08-06 07:57:00
pay_66ea62eed284,ORD-2026-01572,906.38,18.13,888.25,captured,2026-08-14 13:36:00
pay_cfb99340bd83,ORD-2026-01573,6488.72,129.77,6358.95,captured,2026-08-17 12:32:00
pay_1b23773d5e37,ORD-2026-01574,12229.81,244.6,11985.21,captured,2026-08-23 03:36:00
pay_d049c48a4797,ORD-2026-01575,7650.98,153.02,7497.96,captured,2026-08-19 12:49:00
pay_6383be42dc06,ORD-2026-01576,11835.42,236.71,11598.71,captured,2026-08-23 01:11:00
pay_6365744c51e5,ORD-2026-01577,10624.8,371.87,10252.93,captured,2026-08-03 19:56:00
pay_e8bb1b887260,ORD-2026-01578,10119.85,202.4,9917.45,captured,2026-08-25 00:48:00
pay_069c45398960,ORD-2026-01579,2939.29,58.79,2880.5,captured,2026-08-31 13:13:00
pay_80fa6765f53a,ORD-2026-01580,8108.76,162.18,7946.58,captured,2026-08-22 09:27:00
pay_3437373b418b,ORD-2026-01581,9905.85,198.12,9707.73,captured,2026-08-04 11:10:00
pay_48563957ace2,ORD-2026-01582,9107.93,182.16,8925.77,captured,2026-08-14 02:47:00
pay_2893db87d3b4,ORD-2026-01583,10421.8,208.44,10213.36,captured,2026-08-21 06:23:00
pay_fb3b2d05d377,ORD-2026-01584,2199.69,43.99,2155.7,captured,2026-08-10 09:08:00
pay_3c6c2933db49,ORD-2026-01585,14563.7,291.27,14272.43,captured,2026-08-27 02:44:00
pay_7a0a20fb14da,ORD-2026-01586,9816.15,196.32,9619.83,captured,2026-08-17 08:09:00
pay_7a5ab680e6da,ORD-2026-01587,1474.18,29.48,1444.7,captured,2026-08-21 23:12:00
pay_5352350d3a0f,ORD-2026-01588,1923.59,38.47,1885.12,captured,2026-08-16 22:01:00
pay_a8817886ad5b,ORD-2026-01589,7178.04,143.56,7034.48,captured,2026-08-23 16:31:00
pay_748568b9848e,ORD-2026-01590,8627.57,172.55,8455.02,captured,2026-08-08 08:18:00
pay_1b81f2a2bdec,ORD-2026-01591,9530.07,190.6,9339.47,captured,2026-08-11 04:06:00
pay_4d39509c24b4,ORD-2026-01592,8764.19,175.28,8588.91,captured,2026-08-29 00:47:00
pay_be522916f2af,ORD-2026-01593,7797.66,155.95,7641.71,captured,2026-08-16 22:31:00
pay_dbc903e7e18f,ORD-2026-01594,481.49,9.63,471.86,captured,2026-08-23 12:33:00
pay_471655a08e03,ORD-2026-01595,9794.84,195.9,9598.94,captured,2026-08-03 09:57:00
pay_57e5c0ae2bfd,ORD-2026-01596,5332.11,106.64,5225.47,captured,2026-08-17 01:41:00
pay_7dcc433b6e90,ORD-2026-01597,3044.58,60.89,2983.69,captured,2026-08-06 19:46:00
pay_ac8636b6bf99,ORD-2026-01599,7133.32,142.67,6990.65,captured,2026-08-29 05:42:00
pay_fed90d271dd0,ORD-2026-01600,12529.6,250.59,12279.01,captured,2026-08-23 21:26:00
pay_cf9b0663c863,ORD-2026-01601,3266.69,65.33,3201.36,captured,2026-08-16 08:39:00
pay_509b0c238c54,ORD-2026-01602,3152.37,63.05,3089.32,captured,2026-08-16 15:11:00
pay_4d44209ae701,ORD-2026-01603,4694.05,93.88,4600.17,captured,2026-08-26 16:31:00
pay_57a022bd20bb,ORD-2026-01604,13237.41,264.75,12972.66,captured,2026-08-02 09:22:00
pay_5ff44816d98c,ORD-2026-01605,12920.03,258.4,12661.63,captured,2026-08-06 10:52:00
pay_f98f4d42e915,ORD-2026-01606,1886.75,37.73,1849.02,captured,2026-08-03 18:27:00
pay_54e91cdc1ef7,ORD-2026-01607,4015.77,80.32,3935.45,captured,2026-08-18 18:31:00
pay_456a397881ac,ORD-2026-01608,13190.16,263.8,12926.36,captured,2026-08-12 04:49:00
pay_038aae4df988,ORD-2026-01609,7827.73,156.55,7671.18,captured,2026-08-29 03:55:00
pay_83e8dbd09960,ORD-2026-01610,6965.61,139.31,6826.3,captured,2026-08-03 02:51:00
pay_3b9338a80028,ORD-2026-01611,11775.91,235.52,11540.39,captured,2026-08-26 21:39:00
pay_00480fdd3770,ORD-2026-01612,1760.08,35.2,1724.88,captured,2026-08-18 04:32:00
pay_763b69833830,ORD-2026-01613,10979.57,219.59,10759.98,captured,2026-08-07 22:10:00
pay_397400f7aea0,ORD-2026-01614,13083.29,261.67,12821.62,captured,2026-08-17 19:46:00
pay_f741375d69d7,ORD-2026-01615,2239.03,44.78,2194.25,captured,2026-08-12 13:52:00
pay_aad779a2ccc8,ORD-2026-01616,12555.24,251.1,12304.14,captured,2026-08-14 01:15:00
pay_bfa795144b20,ORD-2026-01617,1461.46,29.23,1432.23,captured,2026-08-10 17:10:00
pay_843ef173a5d2,ORD-2026-01618,9515.72,190.31,9325.41,captured,2026-08-25 16:23:00
pay_78fa50c72a23,ORD-2026-01619,11850.79,237.02,11613.77,captured,2026-08-25 22:26:00
pay_307379618f4b,ORD-2026-01620,6257.78,125.16,6132.62,captured,2026-08-14 18:58:00
pay_a96a42b8a926,ORD-2026-01621,14167.36,283.35,13884.01,captured,2026-08-18 01:23:00
pay_28db741cebcc,ORD-2026-01622,12132.45,242.65,11889.8,captured,2026-08-25 11:45:00
pay_c2fcb0fcc4b0,ORD-2026-01623,14732.78,294.66,14438.12,captured,2026-08-11 11:25:00
pay_2d66c34e9209,ORD-2026-01624,748.99,14.98,734.01,captured,2026-08-02 13:48:00
pay_35b85eccb022,ORD-2026-01625,12026.25,240.53,11785.72,captured,2026-08-02 22:45:00
pay_a9fbac87c8d2,ORD-2026-01626,8393.43,167.87,8225.56,captured,2026-08-14 04:44:00
pay_abef7f0de2e5,ORD-2026-01627,5293.53,105.87,5187.66,captured,2026-08-24 12:58:00
pay_88122b41c8cd,ORD-2026-01628,6178.28,123.57,6054.71,captured,2026-08-20 12:44:00
pay_7e52c55cbcc6,ORD-2026-01629,6743.73,134.87,6608.86,captured,2026-08-21 02:41:00
pay_02ef2b1143a8,ORD-2026-01630,11675.92,233.52,11442.4,captured,2026-08-26 23:25:00
pay_86530f3811ec,ORD-2026-01632,1573.73,31.47,1542.26,captured,2026-08-18 18:13:00
pay_979b47a5cc2d,ORD-2026-01633,546.64,10.93,535.71,captured,2026-08-12 08:10:00
pay_47eed1cfe88b,ORD-2026-01634,6456.64,129.13,6327.51,captured,2026-08-27 20:46:00
pay_9d754567ed3a,ORD-2026-01635,9479.45,189.59,9289.86,captured,2026-08-02 13:16:00
pay_b53d0abc937a,ORD-2026-01636,6841.31,136.83,6704.48,captured,2026-08-03 01:07:00
pay_e04e83f9e81f,ORD-2026-01637,11237.22,224.74,11012.48,captured,2026-08-11 16:51:00
pay_95dc6295ec2e,ORD-2026-01638,11814.88,236.3,11578.58,captured,2026-08-10 12:42:00
pay_3aa0e8255c53,ORD-2026-01639,3864.97,135.27,3729.7,captured,2026-08-13 17:47:00
pay_34bf80b86f58,ORD-2026-01640,11722.53,234.45,11488.08,captured,2026-08-19 16:52:00
pay_99b8bbca491a,ORD-2026-01641,12460.88,249.22,12211.66,captured,2026-08-06 10:27:00
pay_2599bfdde36a,ORD-2026-01642,2124.94,42.5,2082.44,captured,2026-08-02 18:56:00
pay_dbd3160a9951,ORD-2026-01643,7988.58,159.77,7828.81,captured,2026-08-03 21:43:00
pay_33a45d7c9ec6,ORD-2026-01644,9619.63,192.39,9427.24,captured,2026-08-10 04:31:00
pay_c366cf47f3cd,ORD-2026-01645,14604.43,511.16,14093.27,captured,2026-08-30 21:46:00
pay_afaf32d9b9c0,ORD-2026-01646,10725.03,214.5,10510.53,captured,2026-08-17 12:31:00
pay_0565dfed1dfd,ORD-2026-01647,10478.17,366.74,10111.43,captured,2026-08-17 18:07:00
pay_4db28f3cbd5e,ORD-2026-01648,14172.23,283.44,13888.79,captured,2026-08-03 00:10:00
pay_dbc24a5899a2,ORD-2026-01649,1988.82,39.78,1949.04,captured,2026-08-20 15:07:00
pay_e9835aad91fc,ORD-2026-01650,5697.72,113.95,5583.77,captured,2026-08-17 16:07:00
pay_14c570188dc4,ORD-2026-01651,11909.81,238.2,11671.61,captured,2026-08-10 17:01:00
pay_fe1bc3eeb55a,ORD-2026-01652,14064.95,0.0,0.0,failed,2026-08-19 23:03:00
pay_86532dce9eda,ORD-2026-01653,11146.97,222.94,10924.03,captured,2026-08-07 13:52:00
pay_a90e6075b1b7,ORD-2026-01654,13082.31,261.65,12820.66,captured,2026-08-18 21:04:00
pay_0d9644e2fe1c,ORD-2026-01655,6895.14,137.9,6757.24,captured,2026-08-19 18:36:00
pay_8f9e34bd482c,ORD-2026-01656,10856.5,217.13,10639.37,captured,2026-08-13 23:53:00
pay_67c57fef599f,ORD-2026-01657,7021.86,140.44,6881.42,captured,2026-08-06 04:40:00
pay_d973615f0b78,ORD-2026-01658,10972.39,219.45,10752.94,captured,2026-08-15 08:55:00
pay_9cfb6e0746a4,ORD-2026-01659,6262.5,125.25,6137.25,captured,2026-08-21 06:39:00
pay_08395d1e1472,ORD-2026-01660,14379.58,287.59,14091.99,captured,2026-08-12 00:02:00
pay_000b4ee9e165,ORD-2026-01661,13016.11,260.32,12755.79,captured,2026-08-10 05:05:00
pay_a49e33b3f60f,ORD-2026-01662,8503.46,170.07,8333.39,captured,2026-08-22 09:19:00
pay_13e0441f9a8c,ORD-2026-01663,14336.49,286.73,14049.76,captured,2026-08-18 05:12:00
pay_19dd301d8d08,ORD-2026-01664,7242.37,144.85,7097.52,captured,2026-08-17 10:48:00
pay_b9619ba3d4b6,ORD-2026-01665,14443.18,288.86,14154.32,captured,2026-08-23 01:11:00
pay_cdeba1ecead8,ORD-2026-01666,10643.14,212.86,10430.28,captured,2026-08-07 19:53:00
pay_eb9c17117a13,ORD-2026-01667,4942.38,98.85,4843.53,captured,2026-08-26 22:38:00
pay_a0ab38f9699d,ORD-2026-01668,6667.86,133.36,6534.5,captured,2026-08-28 03:21:00
pay_5df3d24f4862,ORD-2026-01669,5853.76,0.0,0.0,failed,2026-08-28 22:20:00
pay_b9ae4a22ae3f,ORD-2026-01670,4423.21,88.46,4334.75,captured,2026-08-05 00:10:00
pay_616b03bf1396,ORD-2026-01671,4740.55,94.81,4645.74,captured,2026-08-25 05:09:00
pay_461d79c9c828,ORD-2026-01672,14424.63,288.49,14136.14,captured,2026-08-06 04:39:00
pay_cb5ed814513b,ORD-2026-01673,5971.11,119.42,5851.69,captured,2026-08-23 12:19:00
pay_59da42d5c890,ORD-2026-01674,5757.59,115.15,5642.44,captured,2026-08-14 20:16:00
pay_63a18abdfb89,ORD-2026-01675,9035.67,180.71,8854.96,captured,2026-08-07 17:48:00
pay_d2593a5736d1,ORD-2026-01676,14250.48,285.01,13965.47,captured,2026-08-17 23:24:00
pay_b62516c25b89,ORD-2026-01677,6224.73,124.49,6100.24,captured,2026-08-11 20:35:00
pay_f7a089a353cd,ORD-2026-01678,13723.28,274.47,13448.81,captured,2026-08-14 21:14:00
pay_0a3c998921f4,ORD-2026-01679,1702.34,34.05,1668.29,captured,2026-08-19 02:43:00
pay_883c4d498a22,ORD-2026-01680,1441.84,28.84,1413.0,captured,2026-08-20 01:28:00
pay_5d2be0d1a6e9,ORD-2026-01681,8198.51,163.97,8034.54,captured,2026-08-31 13:23:00
pay_4a6c76a38ab7,ORD-2026-01682,14428.01,288.56,14139.45,captured,2026-08-09 04:27:00
pay_395e7c57d1c5,ORD-2026-01683,9386.8,187.74,9199.06,captured,2026-08-01 23:53:00
pay_36025a61f62d,ORD-2026-01684,9048.44,180.97,8867.47,captured,2026-08-02 19:17:00
pay_d4155ee2b356,ORD-2026-01685,8860.36,177.21,8683.15,captured,2026-08-27 22:13:00
pay_4584924e076b,ORD-2026-01686,8533.61,170.67,8362.94,captured,2026-08-07 08:34:00
pay_225f71948404,ORD-2026-01687,12491.37,249.83,12241.54,captured,2026-08-14 01:07:00
pay_afced684133c,ORD-2026-01688,14369.77,287.4,14082.37,captured,2026-08-07 22:32:00
pay_6b335e518bdc,ORD-2026-01689,4068.14,81.36,3986.78,captured,2026-08-31 19:40:00
pay_2cfe7cd27aaa,ORD-2026-01690,5256.12,105.12,5151.0,captured,2026-08-09 08:20:00
pay_75847c58e81c,ORD-2026-01691,10439.31,208.79,10230.52,captured,2026-08-11 03:58:00
pay_07add3f974d8,ORD-2026-01692,341.76,6.84,334.92,captured,2026-08-16 01:57:00
pay_6f2bc0112480,ORD-2026-01693,7436.86,148.74,7288.12,captured,2026-08-19 10:45:00
pay_c7db12c14f89,ORD-2026-01695,10149.24,202.98,9946.26,captured,2026-08-28 09:28:00
pay_d33e5d75ecef,ORD-2026-01696,5923.92,118.48,5805.44,captured,2026-08-13 23:22:00
pay_43ed562fafca,ORD-2026-01697,3056.26,61.13,2995.13,captured,2026-08-15 20:59:00
pay_f3bfe61f41eb,ORD-2026-01698,4360.79,87.22,4273.57,captured,2026-08-24 10:48:00
pay_ce6399a6b04b,ORD-2026-01700,4355.19,87.1,4268.09,captured,2026-08-16 13:02:00
pay_52b303411242,ORD-2026-01701,1842.01,36.84,1805.17,captured,2026-08-08 01:25:00
pay_6fccbafc2757,ORD-2026-01702,8366.42,167.33,8199.09,captured,2026-08-18 01:10:00
pay_9df9977575c7,ORD-2026-01703,1162.73,23.25,1139.48,captured,2026-08-19 13:47:00
pay_3c430f7ada2e,ORD-2026-01704,7941.58,158.83,7782.75,captured,2026-08-28 12:56:00
pay_cb4870223f0f,ORD-2026-01705,14880.88,297.62,14583.26,captured,2026-08-29 05:01:00
pay_7b8cdcdeb3c0,ORD-2026-01706,14080.78,492.83,13587.95,captured,2026-08-19 00:00:00
pay_17d6b704f443,ORD-2026-01707,12696.25,253.93,12442.32,captured,2026-08-31 17:27:00
pay_66df9708cc5c,ORD-2026-01708,7105.48,142.11,6963.37,captured,2026-08-05 06:33:00
pay_268e3b6f0853,ORD-2026-01709,10874.06,217.48,10656.58,captured,2026-08-25 03:56:00
pay_ff51cd1cb579,ORD-2026-01710,6843.15,136.86,6706.29,captured,2026-08-30 17:34:00
pay_0ced4751fac3,ORD-2026-01711,13225.46,462.89,12762.57,captured,2026-08-07 15:05:00
pay_c75188114aad,ORD-2026-01712,14375.08,287.5,14087.58,captured,2026-08-08 23:27:00
pay_d07950c74c70,ORD-2026-01713,1130.09,22.6,1107.49,captured,2026-08-06 17:19:00
pay_a0ac44fbe994,ORD-2026-01714,555.55,11.11,544.44,captured,2026-08-16 22:51:00
pay_a8bf9c89ca50,ORD-2026-01715,7208.93,144.18,7064.75,captured,2026-08-09 17:06:00
pay_1a20712e6d93,ORD-2026-01716,11952.84,239.06,11713.78,captured,2026-08-02 19:33:00
pay_13a6768a2ded,ORD-2026-01717,11508.66,230.17,11278.49,captured,2026-08-20 20:28:00
pay_9e144cdb02b8,ORD-2026-01718,13767.37,275.35,13492.02,captured,2026-08-04 11:03:00
pay_b13568b28991,ORD-2026-01719,11783.16,235.66,11547.5,captured,2026-08-29 23:04:00
pay_e2897dae7cf3,ORD-2026-01720,9238.93,184.78,9054.15,captured,2026-08-15 12:19:00
pay_ce0deb10289d,ORD-2026-01721,8477.02,169.54,8307.48,captured,2026-08-05 01:03:00
pay_655e4d192526,ORD-2026-01722,9336.07,186.72,9149.35,captured,2026-08-13 21:06:00
pay_507fb2e96495,ORD-2026-01723,9963.92,199.28,9764.64,captured,2026-08-29 06:50:00
pay_57038ad70f6a,ORD-2026-01724,6535.96,130.72,6405.24,captured,2026-08-13 19:50:00
pay_1ec82fc871f2,ORD-2026-01725,584.39,11.69,572.7,captured,2026-08-22 08:50:00
pay_85547ec8aa00,ORD-2026-01726,381.87,7.64,374.23,captured,2026-08-07 07:06:00
pay_51e86da0e084,ORD-2026-01727,8683.54,173.67,8509.87,captured,2026-08-26 18:57:00
pay_77a8381cab15,ORD-2026-01728,9388.59,187.77,9200.82,captured,2026-08-14 20:46:00
pay_be7306e9729f,ORD-2026-01729,2089.68,45.37,2044.31,captured,2026-08-05 02:03:00
pay_1dbbfa25b909,ORD-2026-01730,5494.61,109.89,5384.72,captured,2026-09-01 03:48:00
pay_3af741a4d901,ORD-2026-01731,5274.92,105.5,5169.42,captured,2026-08-16 14:38:00
pay_f8766ba17280,ORD-2026-01732,10238.85,204.78,10034.07,captured,2026-08-17 22:42:00
pay_a19163203cd6,ORD-2026-01733,1008.19,20.16,988.03,captured,2026-08-17 20:54:00
pay_5987431ee916,ORD-2026-01734,3178.67,63.57,3115.1,captured,2026-08-07 21:58:00
pay_a3f6210225c2,ORD-2026-01735,10482.77,209.66,10273.11,captured,2026-08-08 02:30:00
pay_b82e836ef973,ORD-2026-01736,8760.48,175.21,8585.27,captured,2026-08-23 19:54:00
pay_eca7d64009cf,ORD-2026-01737,2601.74,52.03,2549.71,captured,2026-08-11 01:21:00
pay_b3126b1a394e,ORD-2026-01738,3447.21,68.94,3378.27,captured,2026-08-30 10:31:00
pay_433ab5ad641f,ORD-2026-01739,7104.74,142.09,6962.65,captured,2026-08-09 01:14:00
pay_d703a30c4480,ORD-2026-01740,14298.31,285.97,14012.34,captured,2026-08-17 11:49:00
pay_e99c24ef5248,ORD-2026-01741,6124.63,122.49,6002.14,captured,2026-08-24 17:13:00
pay_664aae89867f,ORD-2026-01742,644.26,12.89,631.37,captured,2026-08-01 08:22:00
pay_cfa500d0b96c,ORD-2026-01743,9543.75,190.88,9352.87,captured,2026-08-11 02:12:00
pay_8af872a138b2,ORD-2026-01744,4404.69,88.09,4316.6,captured,2026-08-01 08:12:00
pay_b516115404a4,ORD-2026-01745,12743.51,254.87,12488.64,captured,2026-08-24 13:21:00
pay_860ac1d7b341,ORD-2026-01746,12674.65,253.49,12421.16,captured,2026-08-07 10:11:00
pay_cf7dda56d498,ORD-2026-01747,5808.06,116.16,5691.9,captured,2026-08-28 08:08:00
pay_ef0ad69a57e6,ORD-2026-01748,6951.81,139.04,6812.77,captured,2026-08-30 12:19:00
pay_c3adecbf63af,ORD-2026-01749,14129.19,282.58,13846.61,captured,2026-08-12 22:10:00
pay_6286324f5076,ORD-2026-01750,13264.3,265.29,12999.01,captured,2026-08-03 13:09:00
pay_ce5e9e5d9dd3,ORD-2026-01751,5797.29,115.95,5681.34,captured,2026-08-07 13:34:00
pay_ae4d1ff81643,ORD-2026-01752,3819.33,76.39,3742.94,captured,2026-08-20 22:40:00
pay_3b3999acd0f9,ORD-2026-01753,12845.64,449.6,12396.04,captured,2026-08-20 21:12:00
pay_577e6a4416e0,ORD-2026-01754,988.23,19.76,968.47,captured,2026-08-05 20:15:00
pay_91b7dec025e0,ORD-2026-01755,13310.35,266.21,13044.14,captured,2026-08-05 19:37:00
pay_c45b72acf67c,ORD-2026-01756,10019.83,350.69,9669.14,captured,2026-08-04 03:50:00
pay_bf4adcf70f82,ORD-2026-01757,13259.85,265.2,12994.65,captured,2026-08-17 17:48:00
pay_9bbe73ce3a79,ORD-2026-01758,4962.98,99.26,4863.72,captured,2026-08-18 02:11:00
pay_4dfcd40e1477,ORD-2026-01759,14345.13,286.9,14058.23,captured,2026-08-24 02:45:00
pay_7638c63a059d,ORD-2026-01760,13833.54,276.67,13556.87,captured,2026-08-19 15:40:00
pay_aff4dbccfeb1,ORD-2026-01761,12974.89,259.5,12715.39,captured,2026-08-08 08:28:00
pay_1c4da5c69080,ORD-2026-01762,5780.83,115.62,5665.21,captured,2026-08-10 15:56:00
pay_71838e5973c8,ORD-2026-01763,1454.43,29.09,1425.34,captured,2026-08-12 16:35:00
pay_6a901ebbb0d1,ORD-2026-01764,3606.63,72.13,3534.5,captured,2026-08-15 23:22:00
pay_24dc349b30b2,ORD-2026-01765,6506.31,130.13,6376.18,captured,2026-08-17 23:21:00
pay_3f358d606726,ORD-2026-01766,7563.64,151.27,7412.37,captured,2026-08-14 19:51:00
pay_e61ba4da3ea1,ORD-2026-01767,3660.1,73.2,3586.9,captured,2026-08-01 10:28:00
pay_d0501e87ca99,ORD-2026-01768,12670.53,253.41,12417.12,captured,2026-08-29 07:18:00
pay_b9488de2db51,ORD-2026-01769,1955.1,39.1,1916.0,captured,2026-08-09 08:06:00
pay_2b33c2ee1bea,ORD-2026-01770,3110.37,62.21,3048.16,captured,2026-08-18 12:21:00
pay_2cee55ce3693,ORD-2026-01771,11573.55,231.47,11342.08,captured,2026-08-11 11:52:00
pay_ab19c3b26aa6,ORD-2026-01772,14976.4,299.53,14676.87,captured,2026-08-23 22:08:00
pay_1b5c9c30200d,ORD-2026-01773,12370.17,247.4,12122.77,captured,2026-08-25 13:18:00
pay_ade0bbc2a392,ORD-2026-01774,9898.57,197.97,9700.6,captured,2026-08-28 00:48:00
pay_923b8f0b1e1b,ORD-2026-01775,6083.08,121.66,5961.42,captured,2026-08-17 05:55:00
pay_daf6e0ae11bd,ORD-2026-01776,3659.1,73.18,3585.92,captured,2026-08-24 18:30:00
pay_7350cba55c50,ORD-2026-01777,11920.34,238.41,11681.93,captured,2026-08-27 19:21:00
pay_5abfa485d402,ORD-2026-01778,14140.56,282.81,13857.75,captured,2026-08-07 22:49:00
pay_ff3b71806070,ORD-2026-01779,8465.01,169.3,8295.71,captured,2026-08-16 01:54:00
pay_4c3299da40c4,ORD-2026-01780,14161.64,283.23,13878.41,captured,2026-08-19 07:19:00
pay_43262681a8ae,ORD-2026-01781,5449.0,108.98,5340.02,captured,2026-08-27 02:53:00
pay_fa863f13cd88,ORD-2026-01782,6169.86,123.4,6046.46,captured,2026-08-15 06:48:00
pay_e9d84cc088ae,ORD-2026-01784,9521.62,190.43,9331.19,captured,2026-08-31 15:36:00
pay_0d43fdd8f43d,ORD-2026-01785,8110.46,162.21,7948.25,captured,2026-08-08 00:04:00
pay_e85fa6a84fd5,ORD-2026-01786,14436.68,505.28,13931.4,captured,2026-08-04 14:36:00
pay_a73a723071fc,ORD-2026-01787,8383.02,167.66,8215.36,captured,2026-08-06 05:43:00
pay_cbc665c7693f,ORD-2026-01788,597.21,11.94,585.27,captured,2026-08-24 05:31:00
pay_88f77b8165ec,ORD-2026-01789,3247.21,64.94,3182.27,captured,2026-08-30 22:18:00
pay_433f45ae0cc4,ORD-2026-01790,1050.31,21.01,1029.3,captured,2026-08-17 05:29:00
pay_5dc017810f2b,ORD-2026-01791,2524.12,50.48,2473.64,captured,2026-08-11 18:25:00
pay_ee8b940b03bb,ORD-2026-01792,11198.51,223.97,10974.54,captured,2026-08-19 01:30:00
pay_cb468d4dbc76,ORD-2026-01793,3244.02,64.88,3179.14,captured,2026-08-07 14:55:00
pay_a68865e331c0,ORD-2026-01794,2549.96,51.0,2498.96,captured,2026-08-24 02:30:00
pay_76ddf0619efc,ORD-2026-01795,10335.57,206.71,10128.86,captured,2026-08-08 04:45:00
pay_4c9f6c682d76,ORD-2026-01796,1146.76,22.94,1123.82,captured,2026-08-01 12:28:00
pay_78b9d191ccc0,ORD-2026-01797,5067.59,101.35,4966.24,captured,2026-08-26 13:33:00
pay_4a07abfd581e,ORD-2026-01798,11111.9,222.24,10889.66,captured,2026-08-15 21:02:00
pay_62c82e6fbe5e,ORD-2026-01799,10564.68,369.76,10194.92,captured,2026-08-29 23:22:00
pay_2d26a0e6efdc,ORD-2026-01800,3887.2,77.74,3809.46,captured,2026-08-20 09:26:00
pay_98f7c68dee7d,ORD-2026-01801,10538.13,210.76,10327.37,captured,2026-08-14 01:11:00
pay_f39eb833721b,ORD-2026-01802,13306.02,266.12,13039.9,captured,2026-08-23 08:15:00
pay_de8c54bd0bd4,ORD-2026-01803,4519.97,90.4,4429.57,captured,2026-08-30 06:34:00
pay_362f12172d57,ORD-2026-01804,3415.37,68.31,3347.06,captured,2026-08-25 06:57:00
pay_60eb8a7395b2,ORD-2026-01805,14930.68,298.61,14632.07,captured,2026-08-25 18:07:00
pay_4cdc937e39f0,ORD-2026-01806,11736.76,234.74,11502.02,captured,2026-08-05 01:49:00
pay_18708572d4e5,ORD-2026-01807,7689.76,153.8,7535.96,captured,2026-08-06 12:13:00
pay_1ceadb66dc5f,ORD-2026-01808,10199.21,203.98,9995.23,captured,2026-08-04 07:44:00
pay_201171f39242,ORD-2026-01809,12865.44,257.31,12608.13,captured,2026-08-12 08:25:00
pay_3bb7e1ce15ce,ORD-2026-01810,10694.67,213.89,10480.78,captured,2026-08-01 09:07:00
pay_491da43ff9c4,ORD-2026-01811,7374.44,147.49,7226.95,captured,2026-08-23 01:29:00
pay_be42f1734fca,ORD-2026-01812,10761.01,215.22,10545.79,captured,2026-08-19 04:15:00
pay_17475d6fac0d,ORD-2026-01813,2588.22,51.76,2536.46,captured,2026-08-16 11:53:00
pay_0fe1ca34b1be,ORD-2026-01814,2037.44,40.75,1996.69,captured,2026-08-04 08:18:00
pay_c917899ab04b,ORD-2026-01815,365.92,7.32,358.6,captured,2026-08-04 04:48:00
pay_1a72a2c1bd98,ORD-2026-01816,3406.75,68.14,3338.61,captured,2026-08-15 15:11:00
pay_ffa674a2acc6,ORD-2026-01818,975.75,19.52,956.23,captured,2026-08-23 20:28:00
pay_3e270d936303,ORD-2026-01819,3185.72,63.71,3122.01,captured,2026-08-25 18:49:00
pay_abc68f2d0dfe,ORD-2026-01820,1552.52,31.05,1521.47,captured,2026-08-30 12:12:00
pay_6194e2704a9e,ORD-2026-01821,3043.85,60.88,2982.97,captured,2026-08-01 13:52:00
pay_e3269b30aa5f,ORD-2026-01822,12563.7,251.27,12312.43,captured,2026-08-31 12:51:00
pay_cd7d0e2c09d9,ORD-2026-01823,7785.0,155.7,7629.3,captured,2026-08-06 04:26:00
pay_84fd731bb63a,ORD-2026-01824,9445.17,330.58,9114.59,captured,2026-08-19 05:12:00
pay_7b7b2b317eae,ORD-2026-01825,1767.1,35.34,1731.76,captured,2026-08-04 09:13:00
pay_c70d5c337060,ORD-2026-01826,4880.36,97.61,4782.75,captured,2026-08-01 19:41:00
pay_5ca5359956a5,ORD-2026-01827,9937.83,198.76,9739.07,captured,2026-08-15 17:04:00
pay_3a8e9ca42460,ORD-2026-01828,1196.5,23.93,1172.57,captured,2026-08-20 12:02:00
pay_c45c1db4830c,ORD-2026-01829,14749.92,295.0,14454.92,captured,2026-08-11 06:31:00
pay_00a8f58447d8,ORD-2026-01830,3928.71,78.57,3850.14,captured,2026-08-19 06:10:00
pay_3f384235e60d,ORD-2026-01831,5950.77,119.02,5831.75,captured,2026-08-12 07:44:00
pay_ac24f7dcc018,ORD-2026-01832,13282.71,265.65,13017.06,captured,2026-08-07 07:48:00
pay_a48592155e3f,ORD-2026-01833,5159.56,103.19,5056.37,captured,2026-08-22 19:04:00
pay_9b5cc24bd796,ORD-2026-01834,3639.9,72.8,3567.1,captured,2026-08-18 04:47:00
pay_f8e70cc2624a,ORD-2026-01835,13472.34,269.45,13202.89,captured,2026-08-02 07:48:00
pay_2c264026b155,ORD-2026-01836,3804.48,76.09,3728.39,captured,2026-08-24 20:48:00
pay_630a79c98451,ORD-2026-01837,4589.9,91.8,4498.1,captured,2026-08-05 20:31:00
pay_cc68c2e163ad,ORD-2026-01838,3723.35,74.47,3648.88,captured,2026-08-08 07:02:00
pay_3a866cf7da0d,ORD-2026-01839,4316.27,86.33,4229.94,captured,2026-08-29 13:08:00
pay_a5d737dd61d9,ORD-2026-01840,12228.12,244.56,11983.56,captured,2026-08-26 18:41:00
pay_9b2c60c27ff9,ORD-2026-01842,12061.49,241.23,11820.26,captured,2026-08-03 01:15:00
pay_1bf28aa7f7d4,ORD-2026-01843,4960.23,99.2,4861.03,captured,2026-08-28 15:33:00
pay_6b3f59ef4765,ORD-2026-01844,7476.31,149.53,7326.78,captured,2026-08-01 05:55:00
pay_f25974abe864,ORD-2026-01845,2058.3,41.17,2017.13,captured,2026-08-21 12:13:00
pay_85167a44c89d,ORD-2026-01846,7709.88,269.85,7440.03,captured,2026-08-18 09:15:00
pay_11e13a8b7796,ORD-2026-01847,10880.77,217.62,10663.15,captured,2026-08-15 16:10:00
pay_8350c209f7e5,ORD-2026-01848,4685.89,93.72,4592.17,captured,2026-08-07 04:15:00
pay_7a1e042945bc,ORD-2026-01849,11763.08,235.26,11527.82,captured,2026-08-07 17:55:00
pay_56a4a85a1305,ORD-2026-01850,7166.56,143.33,7023.23,captured,2026-08-13 16:10:00
pay_911449cb701a,ORD-2026-01851,11452.8,229.06,11223.74,captured,2026-08-21 04:27:00
pay_9100c869a996,ORD-2026-01852,12839.82,256.8,12583.02,captured,2026-08-25 22:27:00
pay_36c6f04048af,ORD-2026-01853,10954.39,219.09,10735.3,captured,2026-08-18 13:35:00
pay_8ff5d1323193,ORD-2026-01854,4391.74,87.83,4303.91,captured,2026-08-15 14:29:00
pay_038393f2e8c9,ORD-2026-01855,7145.03,142.9,7002.13,captured,2026-08-11 09:45:00
pay_d31b5430ac5f,ORD-2026-01856,7610.36,152.21,7458.15,captured,2026-08-01 03:55:00
pay_a4b30c07c197,ORD-2026-01857,14563.29,291.27,14272.02,captured,2026-08-13 22:25:00
pay_5323a4121f6d,ORD-2026-01858,14815.33,518.54,14296.79,captured,2026-08-16 12:41:00
pay_a8b04e692abe,ORD-2026-01859,2042.27,40.85,2001.42,captured,2026-08-29 11:58:00
pay_eb8afca21316,ORD-2026-01860,11614.8,232.3,11382.5,captured,2026-08-25 18:16:00
pay_6a23970b3085,ORD-2026-01861,10389.64,207.79,10181.85,captured,2026-08-24 00:40:00
pay_54c5767d109d,ORD-2026-01862,3852.52,77.05,3775.47,captured,2026-08-14 00:47:00
pay_982ed3c3801f,ORD-2026-01863,10657.07,213.14,10443.93,captured,2026-08-30 15:40:00
pay_0069bc0888ae,ORD-2026-01864,4067.69,81.35,3986.34,captured,2026-08-23 05:09:00
pay_05b16c8f03c1,ORD-2026-01865,9111.81,182.24,8929.57,captured,2026-08-05 09:15:00
pay_3d068049a994,ORD-2026-01866,10731.82,214.64,10517.18,captured,2026-08-04 14:41:00
pay_47c94b0ec6b6,ORD-2026-01868,10439.18,208.78,10230.4,captured,2026-08-06 20:16:00
pay_7fcedd901458,ORD-2026-01869,11336.44,226.73,11109.71,captured,2026-08-11 07:26:00
pay_63872e96af16,ORD-2026-01870,12003.5,240.07,11763.43,captured,2026-08-21 22:49:00
pay_4dd02633f102,ORD-2026-01871,11274.7,225.49,11049.21,captured,2026-08-24 07:59:00
pay_2f66650a8b98,ORD-2026-01872,1633.69,0.0,0.0,failed,2026-08-07 00:00:00
pay_a4660a284a7c,ORD-2026-01873,11049.03,220.98,10828.05,captured,2026-08-15 00:18:00
pay_17adec097a4d,ORD-2026-01874,2188.11,43.76,2144.35,captured,2026-08-12 12:45:00
pay_d2873a3d5441,ORD-2026-01875,8592.96,300.75,8292.21,captured,2026-08-17 09:28:00
pay_f6899066ff52,ORD-2026-01876,2904.4,58.09,2846.31,captured,2026-08-07 06:47:00
pay_517e11830863,ORD-2026-01877,9477.19,189.54,9287.65,captured,2026-08-30 00:28:00
pay_bee3f4019b3b,ORD-2026-01878,4538.26,90.77,4447.49,captured,2026-08-21 08:05:00
pay_8869abf45a4a,ORD-2026-01879,639.07,12.78,626.29,captured,2026-08-09 12:21:00
pay_9ebf529a9b70,ORD-2026-01880,1691.98,33.84,1658.14,captured,2026-08-17 08:48:00
pay_00185ac16cd5,ORD-2026-01881,8820.19,176.4,8643.79,captured,2026-08-25 05:42:00
pay_6ab7ce288c5b,ORD-2026-01882,307.48,6.15,301.33,captured,2026-08-07 19:50:00
pay_15644375e3d4,ORD-2026-01883,6555.91,131.12,6424.79,captured,2026-08-16 11:38:00
pay_2542b2fae978,ORD-2026-01884,12289.34,245.79,12043.55,captured,2026-08-29 19:20:00
pay_fc9ee5c2329f,ORD-2026-01885,1047.17,20.94,1026.23,captured,2026-08-13 17:39:00
pay_90e3150dfcaa,ORD-2026-01886,6962.41,139.25,6823.16,captured,2026-08-11 13:00:00
pay_55a32d1d7c92,ORD-2026-01887,9108.26,182.17,8926.09,captured,2026-08-27 15:01:00
pay_ec8bcf55e4f0,ORD-2026-01888,6888.39,137.77,6750.62,captured,2026-08-25 18:23:00
pay_a46db6e1c403,ORD-2026-01889,246.31,4.93,241.38,captured,2026-08-14 22:12:00
pay_777eb2d550ad,ORD-2026-01890,877.16,17.54,859.62,captured,2026-08-21 14:55:00
pay_feb15c5aa53c,ORD-2026-01891,7371.13,147.42,7223.71,captured,2026-08-15 15:38:00
pay_d90d88d07619,ORD-2026-01892,12885.08,257.7,12627.38,captured,2026-08-14 16:42:00
pay_684f85473ce3,ORD-2026-01893,3087.14,61.74,3025.4,captured,2026-08-13 11:38:00
pay_28a8eed3ec8e,ORD-2026-01894,12880.68,257.61,12623.07,captured,2026-08-18 02:50:00
pay_f05132a2c1a7,ORD-2026-01895,12518.84,250.38,12268.46,captured,2026-08-16 05:19:00
pay_d440a0a9d83a,ORD-2026-01896,7336.09,146.72,7189.37,captured,2026-08-29 22:07:00
pay_352656d0c569,ORD-2026-01897,14174.31,283.49,13890.82,captured,2026-08-07 11:48:00
pay_b31e870c4998,ORD-2026-01898,2571.48,51.43,2520.05,captured,2026-08-14 23:01:00
pay_3dc89e3b56c5,ORD-2026-01899,10843.79,216.88,10626.91,captured,2026-08-25 09:14:00
pay_cec37fa1ef25,ORD-2026-01900,13856.5,277.13,13579.37,captured,2026-08-05 01:08:00
pay_0c5eadaf5ff9,ORD-2026-01901,13104.72,262.09,12842.63,captured,2026-08-27 09:21:00
pay_0b6295c61f7a,ORD-2026-01902,10818.15,216.36,10601.79,captured,2026-08-11 19:58:00
pay_fa6d83131485,ORD-2026-01903,6667.04,133.34,6533.7,captured,2026-08-21 18:54:00
pay_696925c862ed,ORD-2026-01904,1497.67,29.95,1467.72,captured,2026-08-09 12:18:00
pay_0a2be016e138,ORD-2026-01905,2984.71,59.69,2925.02,captured,2026-08-24 23:59:00
pay_ecb7a1579e7a,ORD-2026-01906,4837.91,96.76,4741.15,captured,2026-08-12 14:54:00
pay_51855b0968a8,ORD-2026-01907,1115.9,22.32,1093.58,captured,2026-08-24 10:19:00
pay_67438eebc06e,ORD-2026-01908,11614.96,232.3,11382.66,captured,2026-08-13 16:20:00
pay_06752b930c2f,ORD-2026-01909,3487.7,69.75,3417.95,captured,2026-08-23 02:37:00
pay_79ad1ac50151,ORD-2026-01910,2341.57,46.83,2294.74,captured,2026-08-18 23:20:00
pay_703a2fa03057,ORD-2026-01911,6945.61,138.91,6806.7,captured,2026-08-08 21:43:00
pay_6fb26af5d537,ORD-2026-01912,12059.12,241.18,11817.94,captured,2026-08-25 03:54:00
pay_f8e3fa371f3b,ORD-2026-01913,14856.96,297.14,14559.82,captured,2026-08-11 17:32:00
pay_31c698056336,ORD-2026-01914,7278.58,145.57,7133.01,captured,2026-08-29 08:36:00
pay_5d9d7ed4e5e4,ORD-2026-01915,1070.43,21.41,1049.02,captured,2026-08-11 10:24:00
pay_326bea217138,ORD-2026-01916,12751.44,255.03,12496.41,captured,2026-08-28 04:13:00
pay_3587b456f9fb,ORD-2026-01917,13008.39,260.17,12748.22,captured,2026-08-24 03:59:00
pay_50a6949658ac,ORD-2026-01918,4626.71,92.53,4534.18,captured,2026-08-17 10:25:00
pay_06b0196d7699,ORD-2026-01919,6452.07,129.04,6323.03,captured,2026-08-18 21:21:00
pay_0fcb52f1a632,ORD-2026-01920,1262.98,25.26,1237.72,captured,2026-08-25 23:25:00
pay_633c356fbc16,ORD-2026-01921,12872.53,450.54,12421.99,captured,2026-08-23 11:44:00
pay_0108595f0b69,ORD-2026-01922,11910.91,238.22,11672.69,captured,2026-08-05 19:48:00
pay_09f9622bd269,ORD-2026-01923,6971.48,139.43,6832.05,captured,2026-08-31 06:19:00
pay_ba55cc2cb833,ORD-2026-01924,7340.14,146.8,7193.34,captured,2026-08-06 02:44:00
pay_41f9e3efb86b,ORD-2026-01925,11082.72,221.65,10861.07,captured,2026-08-08 01:12:00
pay_eb4b0dd3b140,ORD-2026-01926,10239.1,204.78,10034.32,captured,2026-08-25 00:06:00
pay_5a82d8ca868a,ORD-2026-01927,12656.57,253.13,12403.44,captured,2026-08-31 17:43:00
pay_2549145f366f,ORD-2026-01928,14186.94,283.74,13903.2,captured,2026-08-12 19:11:00
pay_65c11bc331ad,ORD-2026-01929,6620.56,132.41,6488.15,captured,2026-08-21 19:37:00
pay_d60898860432,ORD-2026-01930,703.09,14.06,689.03,captured,2026-08-24 18:15:00
pay_32aba3b81249,ORD-2026-01931,9023.1,180.46,8842.64,captured,2026-08-16 12:44:00
pay_9af708953eff,ORD-2026-01932,10438.56,208.77,10229.79,captured,2026-08-24 14:49:00
pay_550ff27dd6e5,ORD-2026-01933,4273.2,85.46,4187.74,captured,2026-08-16 06:24:00
pay_2c90535b727e,ORD-2026-01934,1423.03,28.46,1394.57,captured,2026-08-01 12:07:00
pay_4ac14f6f94ce,ORD-2026-01935,540.8,10.82,529.98,captured,2026-08-22 19:14:00
pay_631b30797a5f,ORD-2026-01936,11956.29,0.0,0.0,failed,2026-08-24 05:06:00
pay_5341387047b5,ORD-2026-01937,6618.12,132.36,6485.76,captured,2026-08-17 02:44:00
pay_a8f1708c3547,ORD-2026-01938,13651.43,273.03,13378.4,captured,2026-08-11 11:45:00
pay_188d9830984a,ORD-2026-01939,6028.19,120.56,5907.63,captured,2026-08-27 23:01:00
pay_4cc3247bc65e,ORD-2026-01940,10763.49,215.27,10548.22,captured,2026-08-18 01:34:00
pay_bed0fcc31569,ORD-2026-01941,13484.51,269.69,13214.82,captured,2026-08-25 11:42:00
pay_c902be45d551,ORD-2026-01942,278.8,5.58,273.22,captured,2026-08-21 07:11:00
pay_20211e121de2,ORD-2026-01943,2106.48,42.13,2064.35,captured,2026-08-11 12:02:00
pay_9cd502ef8477,ORD-2026-01944,4000.06,80.0,3920.06,captured,2026-08-06 08:35:00
pay_dd54429fe5ab,ORD-2026-01945,5580.68,111.61,5469.07,captured,2026-08-05 02:19:00
pay_4c9cf588eb70,ORD-2026-01946,3875.39,77.51,3797.88,captured,2026-09-01 07:00:00
pay_57c6e089301f,ORD-2026-01947,8104.72,162.09,7942.63,captured,2026-08-29 16:42:00
pay_12f5b0e1a320,ORD-2026-01948,7935.46,158.71,7776.75,captured,2026-08-16 23:20:00
pay_73948a0f7cbe,ORD-2026-01949,10381.37,207.63,10173.74,captured,2026-08-18 22:13:00
pay_3b944ab33170,ORD-2026-01950,4635.7,92.71,4542.99,captured,2026-08-02 08:09:00
pay_991990ec6acc,ORD-2026-01951,8958.39,179.17,8779.22,captured,2026-08-20 19:13:00
pay_ab7b3f363d95,ORD-2026-01952,1300.52,26.01,1274.51,captured,2026-08-24 20:27:00
pay_74fdfd42e4b1,ORD-2026-01953,2617.13,52.34,2564.79,captured,2026-08-14 07:57:00
pay_60af2a139c8e,ORD-2026-01954,6495.08,129.9,6365.18,captured,2026-08-31 10:43:00
pay_cccd46d40744,ORD-2026-01955,11043.59,220.87,10822.72,captured,2026-08-07 12:40:00
pay_62805d80170a,ORD-2026-01956,9787.01,195.74,9591.27,captured,2026-08-13 02:42:00
pay_e1dd435f1162,ORD-2026-01957,14888.25,297.76,14590.49,captured,2026-08-27 08:20:00
pay_2e59c45eb433,ORD-2026-01958,1347.36,26.95,1320.41,captured,2026-08-02 07:15:00
pay_8304bc6fbe9b,ORD-2026-01959,6220.36,124.41,6095.95,captured,2026-08-04 22:35:00
pay_f08db07ace94,ORD-2026-01960,5136.06,102.72,5033.34,captured,2026-08-03 23:58:00
pay_0d3890c8aa08,ORD-2026-01961,345.98,6.92,339.06,captured,2026-08-28 09:17:00
pay_256557822b26,ORD-2026-01962,13899.41,277.99,13621.42,captured,2026-08-13 12:50:00
pay_8f0e32d5d835,ORD-2026-01963,12355.88,247.12,12108.76,captured,2026-08-24 11:37:00
pay_e44b79857c75,ORD-2026-01964,8667.94,173.36,8494.58,captured,2026-08-17 22:44:00
pay_53c2b698d2e0,ORD-2026-01966,5308.56,106.17,5202.39,captured,2026-08-31 13:11:00
pay_14781bd6653b,ORD-2026-01967,340.56,6.81,333.75,captured,2026-08-19 12:16:00
pay_64ad4a48b8fc,ORD-2026-01968,8599.9,172.0,8427.9,captured,2026-08-05 05:24:00
pay_b3f6eac5c12e,ORD-2026-01969,14622.6,292.45,14330.15,captured,2026-08-31 11:40:00
pay_31569ffa790d,ORD-2026-01970,6975.24,139.5,6835.74,captured,2026-08-20 19:45:00
pay_eceac8a25489,ORD-2026-01971,4444.93,88.9,4356.03,captured,2026-08-26 20:32:00
pay_b070d8601267,ORD-2026-01972,13872.42,277.45,13594.97,captured,2026-09-01 01:56:00
pay_aee8cc9b9375,ORD-2026-01973,6216.42,124.33,6092.09,captured,2026-08-21 12:19:00
pay_4e8e2d5a0e38,ORD-2026-01974,1335.06,30.28,1304.78,captured,2026-08-04 08:05:00
pay_2879d8b2ce47,ORD-2026-01975,1451.86,29.04,1422.82,captured,2026-08-07 06:03:00
pay_19c53b4958b2,ORD-2026-01976,13140.42,262.81,12877.61,captured,2026-08-31 03:51:00
pay_af7d812539fa,ORD-2026-01977,7298.91,145.98,7152.93,captured,2026-08-18 01:08:00
pay_ada4571ea2c9,ORD-2026-01978,13681.12,273.62,13407.5,captured,2026-08-02 07:12:00
pay_c6c54d8a2307,ORD-2026-01979,11295.09,225.9,11069.19,captured,2026-08-15 01:34:00
pay_c03c30316acd,ORD-2026-01980,9216.07,184.32,9031.75,captured,2026-08-22 19:43:00
pay_24e65b60fd5c,ORD-2026-01981,3531.01,70.62,3460.39,captured,2026-08-22 20:57:00
pay_f590f157f3ab,ORD-2026-01982,5428.71,108.57,5320.14,captured,2026-08-27 16:32:00
pay_fb1ddb546202,ORD-2026-01983,5724.6,114.49,5610.11,captured,2026-08-16 14:10:00
pay_2809b94f76bb,ORD-2026-01984,12509.55,250.19,12259.36,captured,2026-08-31 01:15:00
pay_d19e9e6eceb4,ORD-2026-01985,4118.31,82.37,4035.94,captured,2026-08-10 19:18:00
pay_944b9ae32c3b,ORD-2026-01986,3418.46,68.37,3350.09,captured,2026-08-22 00:25:00
pay_c2f2411c3d9e,ORD-2026-01987,7053.24,141.06,6912.18,captured,2026-08-17 09:59:00
pay_20e223e636d5,ORD-2026-01988,7013.24,140.26,6872.98,captured,2026-08-12 08:39:00
pay_63ddbbce19d7,ORD-2026-01989,13374.9,267.5,13107.4,captured,2026-08-04 01:22:00
pay_7ee56efeb90b,ORD-2026-01990,6575.9,131.52,6444.38,captured,2026-08-12 08:06:00
pay_c20418b06c21,ORD-2026-01991,2474.92,49.5,2425.42,captured,2026-08-18 00:57:00
pay_3ddd5e2176a2,ORD-2026-01992,9918.18,198.36,9719.82,captured,2026-08-01 05:49:00
pay_97bf52067fb5,ORD-2026-01993,5594.54,111.89,5482.65,captured,2026-08-13 12:19:00
pay_245afc37a6c8,ORD-2026-01994,14842.66,296.85,14545.81,captured,2026-08-26 17:06:00
pay_cbb6723d93df,ORD-2026-01995,6622.61,132.45,6490.16,captured,2026-08-05 23:47:00
pay_dbb704c09795,ORD-2026-01996,3005.59,60.11,2945.48,captured,2026-08-23 15:07:00
pay_a0aae66d6051,ORD-2026-01997,5101.96,102.04,4999.92,captured,2026-08-13 14:47:00
pay_580e63184043,ORD-2026-01998,14403.54,288.07,14115.47,captured,2026-08-22 12:30:00
pay_1bc12b3accdb,ORD-2026-01999,7534.4,150.69,7383.71,captured,2026-08-15 00:35:00
pay_420518ff79fe,ORD-2026-02000,10944.72,383.07,10561.65,captured,2026-08-25 21:32:00
